user_id,event_type,event_time,event_params
78,funnel_start,2024-01-01T00:10:44,"{""funnel_type"": ""yoga""}"
78,profile_start,2024-01-01T00:10:59,{}
185,funnel_start,2024-01-01T00:27:45,"{""funnel_type"": ""fasting""}"
185,profile_start,2024-01-01T00:27:55,{}
185,email_submit,2024-01-01T00:28:25,{}
185,paywall_show,2024-01-01T00:37:35,{}
916,funnel_start,2024-01-01T02:39:57,"{""funnel_type"": ""activity""}"
916,profile_start,2024-01-01T02:40:07,{}
916,email_submit,2024-01-01T02:40:27,{}
916,paywall_show,2024-01-01T02:42:47,{}
1172,funnel_start,2024-01-01T03:36:59,"{""funnel_type"": ""activity""}"
1238,funnel_start,2024-01-01T03:54:55,"{""funnel_type"": ""fasting""}"
1238,profile_start,2024-01-01T03:55:01,{}
1238,email_submit,2024-01-01T03:55:15,{}
1238,paywall_show,2024-01-01T04:03:55,{}
1382,funnel_start,2024-01-01T04:33:09,"{""funnel_type"": ""activity""}"
1382,profile_start,2024-01-01T04:33:13,{}
1382,email_submit,2024-01-01T04:33:30,{}
1419,funnel_start,2024-01-01T04:42:59,"{""funnel_type"": ""activity""}"
1419,profile_start,2024-01-01T04:43:10,{}
1419,email_submit,2024-01-01T04:43:30,{}
1419,paywall_show,2024-01-01T05:14:37,{}
1552,funnel_start,2024-01-01T05:23:27,"{""funnel_type"": ""fasting""}"
1687,funnel_start,2024-01-01T06:05:35,"{""funnel_type"": ""activity""}"
1687,profile_start,2024-01-01T06:05:42,{}
1687,email_submit,2024-01-01T06:05:48,{}
1710,funnel_start,2024-01-01T06:09:14,"{""funnel_type"": ""activity""}"
1710,profile_start,2024-01-01T06:09:17,{}
1712,funnel_start,2024-01-01T06:09:30,"{""funnel_type"": ""fasting""}"
1712,profile_start,2024-01-01T06:09:37,{}
1710,email_submit,2024-01-01T06:09:43,{}
1712,email_submit,2024-01-01T06:09:59,{}
1710,paywall_show,2024-01-01T06:13:40,{}
1929,funnel_start,2024-01-01T07:02:50,"{""funnel_type"": ""activity""}"
2085,funnel_start,2024-01-01T07:37:11,"{""funnel_type"": ""activity""}"
2085,profile_start,2024-01-01T07:37:17,{}
2334,funnel_start,2024-01-01T08:26:38,"{""funnel_type"": ""activity""}"
2334,profile_start,2024-01-01T08:26:48,{}
2334,email_submit,2024-01-01T08:27:02,{}
2362,funnel_start,2024-01-01T08:30:38,"{""funnel_type"": ""activity""}"
2334,paywall_show,2024-01-01T08:36:33,{}
2722,funnel_start,2024-01-01T09:34:12,"{""funnel_type"": ""fasting""}"
3186,funnel_start,2024-01-01T10:57:37,"{""funnel_type"": ""fasting""}"
3221,funnel_start,2024-01-01T11:05:12,"{""funnel_type"": ""yoga""}"
3381,funnel_start,2024-01-01T11:34:34,"{""funnel_type"": ""activity""}"
3381,profile_start,2024-01-01T11:34:43,{}
3519,funnel_start,2024-01-01T11:58:49,"{""funnel_type"": ""fasting""}"
3519,profile_start,2024-01-01T11:59:00,{}
3519,email_submit,2024-01-01T11:59:27,{}
3603,funnel_start,2024-01-01T12:11:04,"{""funnel_type"": ""activity""}"
3726,funnel_start,2024-01-01T12:32:21,"{""funnel_type"": ""fasting""}"
3726,profile_start,2024-01-01T12:32:27,{}
3726,email_submit,2024-01-01T12:32:39,{}
3757,funnel_start,2024-01-01T12:37:05,"{""funnel_type"": ""activity""}"
3726,paywall_show,2024-01-01T13:01:49,{}
3918,funnel_start,2024-01-01T13:07:00,"{""funnel_type"": ""activity""}"
3918,profile_start,2024-01-01T13:07:04,{}
3918,email_submit,2024-01-01T13:07:43,{}
3918,paywall_show,2024-01-01T13:12:21,{}
3918,payment_done,2024-01-01T13:13:22,{}
4416,funnel_start,2024-01-01T14:30:54,"{""funnel_type"": ""fasting""}"
4416,profile_start,2024-01-01T14:31:04,{}
4416,email_submit,2024-01-01T14:31:14,{}
4416,paywall_show,2024-01-01T14:43:21,{}
4729,funnel_start,2024-01-01T15:23:40,"{""funnel_type"": ""activity""}"
4729,profile_start,2024-01-01T15:23:45,{}
4729,email_submit,2024-01-01T15:24:08,{}
4729,paywall_show,2024-01-01T15:31:53,{}
4898,funnel_start,2024-01-01T15:53:48,"{""funnel_type"": ""fasting""}"
4898,profile_start,2024-01-01T15:53:52,{}
4898,email_submit,2024-01-01T15:55:04,{}
4898,paywall_show,2024-01-01T16:02:40,{}
5464,funnel_start,2024-01-01T17:28:46,"{""funnel_type"": ""fasting""}"
5708,funnel_start,2024-01-01T18:11:30,"{""funnel_type"": ""activity""}"
5791,funnel_start,2024-01-01T18:25:14,"{""funnel_type"": ""activity""}"
5791,profile_start,2024-01-01T18:25:20,{}
5791,email_submit,2024-01-01T18:25:42,{}
5791,paywall_show,2024-01-01T18:30:33,{}
5896,funnel_start,2024-01-01T18:38:40,"{""funnel_type"": ""fasting""}"
5896,profile_start,2024-01-01T18:38:47,{}
5896,email_submit,2024-01-01T18:39:05,{}
5896,paywall_show,2024-01-01T18:45:59,{}
6298,funnel_start,2024-01-01T19:41:43,"{""funnel_type"": ""fasting""}"
6298,profile_start,2024-01-01T19:41:47,{}
6298,email_submit,2024-01-01T19:42:14,{}
6298,paywall_show,2024-01-01T19:47:49,{}
6424,funnel_start,2024-01-01T20:01:36,"{""funnel_type"": ""activity""}"
6505,funnel_start,2024-01-01T20:10:33,"{""funnel_type"": ""fasting""}"
6709,funnel_start,2024-01-01T20:34:36,"{""funnel_type"": ""activity""}"
6990,funnel_start,2024-01-01T21:08:07,"{""funnel_type"": ""fasting""}"
6990,profile_start,2024-01-01T21:08:14,{}
6990,email_submit,2024-01-01T21:08:36,{}
7345,funnel_start,2024-01-01T21:55:41,"{""funnel_type"": ""fasting""}"
7345,profile_start,2024-01-01T21:55:51,{}
7345,email_submit,2024-01-01T21:56:02,{}
7463,funnel_start,2024-01-01T22:08:30,"{""funnel_type"": ""activity""}"
7463,profile_start,2024-01-01T22:08:36,{}
7463,email_submit,2024-01-01T22:08:59,{}
7463,paywall_show,2024-01-01T22:15:19,{}
8023,funnel_start,2024-01-01T23:20:48,"{""funnel_type"": ""fasting""}"
8023,profile_start,2024-01-01T23:21:04,{}
8023,email_submit,2024-01-01T23:21:50,{}
8184,funnel_start,2024-01-01T23:41:17,"{""funnel_type"": ""fasting""}"
8184,profile_start,2024-01-01T23:41:31,{}
8184,email_submit,2024-01-01T23:41:46,{}
8184,paywall_show,2024-01-01T23:48:15,{}
8468,funnel_start,2024-01-02T00:22:01,"{""funnel_type"": ""fasting""}"
8468,profile_start,2024-01-02T00:22:21,{}
8654,funnel_start,2024-01-02T00:52:29,"{""funnel_type"": ""fasting""}"
8658,funnel_start,2024-01-02T00:53:22,"{""funnel_type"": ""fasting""}"
8658,profile_start,2024-01-02T00:53:30,{}
8658,email_submit,2024-01-02T00:53:52,{}
8681,funnel_start,2024-01-02T00:56:47,"{""funnel_type"": ""activity""}"
8717,funnel_start,2024-01-02T01:01:22,"{""funnel_type"": ""fasting""}"
8717,profile_start,2024-01-02T01:01:28,{}
8717,email_submit,2024-01-02T01:01:53,{}
8658,paywall_show,2024-01-02T01:04:22,{}
8717,paywall_show,2024-01-02T01:11:21,{}
8985,funnel_start,2024-01-02T01:46:32,"{""funnel_type"": ""fasting""}"
8985,profile_start,2024-01-02T01:46:41,{}
8985,email_submit,2024-01-02T01:47:14,{}
8985,paywall_show,2024-01-02T01:54:33,{}
9095,funnel_start,2024-01-02T02:05:23,"{""funnel_type"": ""fasting""}"
9097,funnel_start,2024-01-02T02:06:12,"{""funnel_type"": ""fasting""}"
9097,profile_start,2024-01-02T02:06:20,{}
9097,email_submit,2024-01-02T02:06:35,{}
9097,paywall_show,2024-01-02T02:13:25,{}
9193,funnel_start,2024-01-02T02:24:56,"{""funnel_type"": ""fasting""}"
9737,funnel_start,2024-01-02T04:41:31,"{""funnel_type"": ""fasting""}"
9737,profile_start,2024-01-02T04:41:42,{}
9737,email_submit,2024-01-02T04:41:59,{}
9798,funnel_start,2024-01-02T05:04:43,"{""funnel_type"": ""activity""}"
9798,profile_start,2024-01-02T05:04:48,{}
9798,email_submit,2024-01-02T05:05:15,{}
9954,funnel_start,2024-01-02T05:52:02,"{""funnel_type"": ""activity""}"
9954,profile_start,2024-01-02T05:52:07,{}
9954,email_submit,2024-01-02T05:52:26,{}
9954,paywall_show,2024-01-02T05:56:19,{}
9954,payment_done,2024-01-02T05:58:32,{}
10120,funnel_start,2024-01-02T06:37:38,"{""funnel_type"": ""fasting""}"
10120,profile_start,2024-01-02T06:37:49,{}
10120,email_submit,2024-01-02T06:38:06,{}
10120,paywall_show,2024-01-02T06:51:11,{}
10280,funnel_start,2024-01-02T07:16:45,"{""funnel_type"": ""fasting""}"
10280,profile_start,2024-01-02T07:17:03,{}
10406,funnel_start,2024-01-02T07:44:02,"{""funnel_type"": ""yoga""}"
10406,profile_start,2024-01-02T07:44:22,{}
10464,funnel_start,2024-01-02T07:55:05,"{""funnel_type"": ""fasting""}"
10464,profile_start,2024-01-02T07:55:21,{}
10464,email_submit,2024-01-02T07:55:35,{}
10406,paywall_show,2024-01-02T08:01:32,{}
10464,paywall_show,2024-01-02T08:02:12,{}
10464,payment_done,2024-01-02T08:03:15,{}
10676,funnel_start,2024-01-02T08:36:05,"{""funnel_type"": ""activity""}"
10787,funnel_start,2024-01-02T08:58:15,"{""funnel_type"": ""activity""}"
10787,profile_start,2024-01-02T08:58:24,{}
10787,email_submit,2024-01-02T08:58:44,{}
10787,paywall_show,2024-01-02T09:02:05,{}
10848,funnel_start,2024-01-02T09:09:49,"{""funnel_type"": ""fasting""}"
10968,funnel_start,2024-01-02T09:32:59,"{""funnel_type"": ""activity""}"
10968,profile_start,2024-01-02T09:33:12,{}
10969,funnel_start,2024-01-02T09:33:12,"{""funnel_type"": ""fasting""}"
10969,profile_start,2024-01-02T09:33:22,{}
10968,email_submit,2024-01-02T09:33:37,{}
10969,email_submit,2024-01-02T09:33:48,{}
10968,paywall_show,2024-01-02T09:39:33,{}
10969,paywall_show,2024-01-02T09:41:29,{}
12245,funnel_start,2024-01-02T12:59:52,"{""funnel_type"": ""fasting""}"
12245,profile_start,2024-01-02T13:00:02,{}
12245,email_submit,2024-01-02T13:00:30,{}
12245,paywall_show,2024-01-02T13:07:10,{}
12284,funnel_start,2024-01-02T13:08:08,"{""funnel_type"": ""activity""}"
12284,profile_start,2024-01-02T13:08:12,{}
12284,email_submit,2024-01-02T13:08:24,{}
12284,paywall_show,2024-01-02T13:13:21,{}
12315,funnel_start,2024-01-02T13:15:36,"{""funnel_type"": ""activity""}"
12315,profile_start,2024-01-02T13:15:44,{}
12315,email_submit,2024-01-02T13:16:02,{}
12315,paywall_show,2024-01-02T13:22:01,{}
12377,funnel_start,2024-01-02T13:29:25,"{""funnel_type"": ""fasting""}"
12377,profile_start,2024-01-02T13:29:33,{}
12377,email_submit,2024-01-02T13:30:37,{}
12377,paywall_show,2024-01-02T13:39:35,{}
12747,funnel_start,2024-01-02T14:38:05,"{""funnel_type"": ""fasting""}"
12747,profile_start,2024-01-02T14:38:17,{}
12747,email_submit,2024-01-02T14:38:42,{}
12902,funnel_start,2024-01-02T15:04:15,"{""funnel_type"": ""fasting""}"
12902,profile_start,2024-01-02T15:04:24,{}
12973,funnel_start,2024-01-02T15:14:29,"{""funnel_type"": ""activity""}"
12973,profile_start,2024-01-02T15:14:35,{}
12973,email_submit,2024-01-02T15:14:46,{}
12973,paywall_show,2024-01-02T15:20:59,{}
13037,funnel_start,2024-01-02T15:27:48,"{""funnel_type"": ""fasting""}"
13037,profile_start,2024-01-02T15:27:59,{}
13037,email_submit,2024-01-02T15:28:17,{}
13374,funnel_start,2024-01-02T16:21:24,"{""funnel_type"": ""fasting""}"
13996,funnel_start,2024-01-02T18:07:06,"{""funnel_type"": ""fasting""}"
13996,profile_start,2024-01-02T18:07:12,{}
13996,email_submit,2024-01-02T18:07:39,{}
14062,funnel_start,2024-01-02T18:17:04,"{""funnel_type"": ""activity""}"
13996,paywall_show,2024-01-02T18:17:39,{}
13996,payment_done,2024-01-02T18:19:05,{}
14072,funnel_start,2024-01-02T18:19:05,"{""funnel_type"": ""fasting""}"
14130,funnel_start,2024-01-02T18:27:35,"{""funnel_type"": ""fasting""}"
14170,funnel_start,2024-01-02T18:34:07,"{""funnel_type"": ""fasting""}"
14170,profile_start,2024-01-02T18:34:22,{}
14170,email_submit,2024-01-02T18:34:38,{}
14226,funnel_start,2024-01-02T18:42:06,"{""funnel_type"": ""yoga""}"
14226,profile_start,2024-01-02T18:42:20,{}
14268,funnel_start,2024-01-02T18:47:54,"{""funnel_type"": ""activity""}"
14268,profile_start,2024-01-02T18:48:00,{}
14268,email_submit,2024-01-02T18:48:06,{}
14226,paywall_show,2024-01-02T18:52:43,{}
14435,funnel_start,2024-01-02T19:12:16,"{""funnel_type"": ""yoga""}"
14435,profile_start,2024-01-02T19:12:29,{}
14607,funnel_start,2024-01-02T19:37:47,"{""funnel_type"": ""fasting""}"
14607,profile_start,2024-01-02T19:37:56,{}
14607,email_submit,2024-01-02T19:38:34,{}
14841,funnel_start,2024-01-02T20:12:21,"{""funnel_type"": ""fasting""}"
14885,funnel_start,2024-01-02T20:18:25,"{""funnel_type"": ""activity""}"
14885,profile_start,2024-01-02T20:18:29,{}
14885,email_submit,2024-01-02T20:18:55,{}
14930,funnel_start,2024-01-02T20:24:02,"{""funnel_type"": ""activity""}"
14930,profile_start,2024-01-02T20:24:12,{}
14930,email_submit,2024-01-02T20:25:08,{}
14885,paywall_show,2024-01-02T20:25:25,{}
14930,paywall_show,2024-01-02T20:32:38,{}
14930,payment_done,2024-01-02T20:34:09,{}
15026,funnel_start,2024-01-02T20:37:23,"{""funnel_type"": ""activity""}"
15026,profile_start,2024-01-02T20:37:32,{}
15026,email_submit,2024-01-02T20:38:03,{}
15319,funnel_start,2024-01-02T21:10:23,"{""funnel_type"": ""activity""}"
15319,profile_start,2024-01-02T21:10:31,{}
15319,email_submit,2024-01-02T21:10:56,{}
15319,paywall_show,2024-01-02T21:19:42,{}
15696,funnel_start,2024-01-02T22:00:31,"{""funnel_type"": ""fasting""}"
15920,funnel_start,2024-01-02T22:25:54,"{""funnel_type"": ""fasting""}"
16080,funnel_start,2024-01-02T22:43:48,"{""funnel_type"": ""activity""}"
16247,funnel_start,2024-01-02T23:03:52,"{""funnel_type"": ""fasting""}"
16408,funnel_start,2024-01-02T23:26:11,"{""funnel_type"": ""fasting""}"
16408,profile_start,2024-01-02T23:26:16,{}
16408,email_submit,2024-01-02T23:26:49,{}
16487,funnel_start,2024-01-02T23:36:14,"{""funnel_type"": ""fasting""}"
17236,funnel_start,2024-01-03T01:33:08,"{""funnel_type"": ""activity""}"
17282,funnel_start,2024-01-03T01:44:10,"{""funnel_type"": ""fasting""}"
17282,profile_start,2024-01-03T01:44:25,{}
17538,funnel_start,2024-01-03T02:31:14,"{""funnel_type"": ""fasting""}"
17646,funnel_start,2024-01-03T02:54:33,"{""funnel_type"": ""activity""}"
18007,funnel_start,2024-01-03T04:26:45,"{""funnel_type"": ""fasting""}"
18007,profile_start,2024-01-03T04:26:55,{}
18007,email_submit,2024-01-03T04:27:30,{}
18042,funnel_start,2024-01-03T04:38:41,"{""funnel_type"": ""fasting""}"
18042,profile_start,2024-01-03T04:38:53,{}
18007,paywall_show,2024-01-03T04:39:02,{}
18042,email_submit,2024-01-03T04:39:15,{}
18042,paywall_show,2024-01-03T04:41:39,{}
18092,funnel_start,2024-01-03T04:57:37,"{""funnel_type"": ""fasting""}"
18092,profile_start,2024-01-03T04:57:45,{}
18092,email_submit,2024-01-03T04:58:23,{}
18206,funnel_start,2024-01-03T05:29:36,"{""funnel_type"": ""activity""}"
18206,profile_start,2024-01-03T05:29:46,{}
18206,email_submit,2024-01-03T05:29:58,{}
18206,paywall_show,2024-01-03T05:37:41,{}
18206,payment_done,2024-01-03T05:39:03,{}
18373,funnel_start,2024-01-03T06:14:27,"{""funnel_type"": ""fasting""}"
18373,profile_start,2024-01-03T06:14:34,{}
18373,email_submit,2024-01-03T06:14:56,{}
18373,paywall_show,2024-01-03T06:19:27,{}
18393,funnel_start,2024-01-03T06:19:41,"{""funnel_type"": ""fasting""}"
18393,profile_start,2024-01-03T06:19:51,{}
18373,payment_done,2024-01-03T06:20:52,{}
18634,funnel_start,2024-01-03T07:17:26,"{""funnel_type"": ""fasting""}"
18900,funnel_start,2024-01-03T08:17:45,"{""funnel_type"": ""activity""}"
18900,profile_start,2024-01-03T08:17:51,{}
18900,email_submit,2024-01-03T08:18:22,{}
18900,paywall_show,2024-01-03T08:24:19,{}
18958,funnel_start,2024-01-03T08:27:35,"{""funnel_type"": ""yoga""}"
18958,profile_start,2024-01-03T08:27:48,{}
18958,paywall_show,2024-01-03T08:41:23,{}
19038,funnel_start,2024-01-03T08:42:28,"{""funnel_type"": ""fasting""}"
19093,funnel_start,2024-01-03T08:51:52,"{""funnel_type"": ""fasting""}"
19093,profile_start,2024-01-03T08:52:05,{}
19093,email_submit,2024-01-03T08:52:46,{}
19108,funnel_start,2024-01-03T08:54:36,"{""funnel_type"": ""fasting""}"
19108,profile_start,2024-01-03T08:54:44,{}
19108,email_submit,2024-01-03T08:55:01,{}
19114,funnel_start,2024-01-03T08:56:09,"{""funnel_type"": ""fasting""}"
19114,profile_start,2024-01-03T08:56:14,{}
19114,email_submit,2024-01-03T08:56:25,{}
19176,funnel_start,2024-01-03T09:06:35,"{""funnel_type"": ""activity""}"
19176,profile_start,2024-01-03T09:06:44,{}
19114,paywall_show,2024-01-03T09:06:57,{}
19176,email_submit,2024-01-03T09:07:00,{}
19176,paywall_show,2024-01-03T09:10:43,{}
19415,funnel_start,2024-01-03T09:49:08,"{""funnel_type"": ""activity""}"
19609,funnel_start,2024-01-03T10:20:04,"{""funnel_type"": ""fasting""}"
19609,profile_start,2024-01-03T10:20:10,{}
19609,email_submit,2024-01-03T10:20:19,{}
19617,funnel_start,2024-01-03T10:22:00,"{""funnel_type"": ""fasting""}"
19617,profile_start,2024-01-03T10:22:07,{}
19617,email_submit,2024-01-03T10:22:40,{}
19617,paywall_show,2024-01-03T10:34:02,{}
19709,funnel_start,2024-01-03T10:35:54,"{""funnel_type"": ""fasting""}"
19709,profile_start,2024-01-03T10:36:06,{}
19709,email_submit,2024-01-03T10:36:20,{}
19609,paywall_show,2024-01-03T10:37:54,{}
19709,paywall_show,2024-01-03T10:41:27,{}
20429,funnel_start,2024-01-03T12:35:51,"{""funnel_type"": ""activity""}"
20429,profile_start,2024-01-03T12:35:58,{}
20473,funnel_start,2024-01-03T12:44:51,"{""funnel_type"": ""activity""}"
20473,profile_start,2024-01-03T12:45:01,{}
20775,funnel_start,2024-01-03T13:40:34,"{""funnel_type"": ""activity""}"
20832,funnel_start,2024-01-03T13:51:30,"{""funnel_type"": ""fasting""}"
21219,funnel_start,2024-01-03T15:00:07,"{""funnel_type"": ""fasting""}"
21425,funnel_start,2024-01-03T15:34:05,"{""funnel_type"": ""yoga""}"
21425,profile_start,2024-01-03T15:34:19,{}
21425,paywall_show,2024-01-03T15:41:55,{}
21592,funnel_start,2024-01-03T16:04:26,"{""funnel_type"": ""fasting""}"
21619,funnel_start,2024-01-03T16:09:19,"{""funnel_type"": ""yoga""}"
21619,profile_start,2024-01-03T16:09:42,{}
21619,paywall_show,2024-01-03T16:28:36,{}
21827,funnel_start,2024-01-03T16:43:39,"{""funnel_type"": ""activity""}"
21827,profile_start,2024-01-03T16:43:46,{}
21827,email_submit,2024-01-03T16:44:00,{}
21827,paywall_show,2024-01-03T16:52:10,{}
21904,funnel_start,2024-01-03T16:55:28,"{""funnel_type"": ""activity""}"
21904,profile_start,2024-01-03T16:55:36,{}
21904,email_submit,2024-01-03T16:55:56,{}
21904,paywall_show,2024-01-03T17:13:31,{}
22285,funnel_start,2024-01-03T17:58:07,"{""funnel_type"": ""activity""}"
22285,profile_start,2024-01-03T17:58:13,{}
22285,email_submit,2024-01-03T17:58:33,{}
22285,paywall_show,2024-01-03T18:13:30,{}
22285,payment_done,2024-01-03T18:14:41,{}
22426,funnel_start,2024-01-03T18:19:40,"{""funnel_type"": ""fasting""}"
22426,profile_start,2024-01-03T18:19:55,{}
22426,email_submit,2024-01-03T18:20:13,{}
22426,paywall_show,2024-01-03T18:28:56,{}
22538,funnel_start,2024-01-03T18:37:10,"{""funnel_type"": ""fasting""}"
22538,profile_start,2024-01-03T18:37:16,{}
22538,email_submit,2024-01-03T18:37:35,{}
22538,paywall_show,2024-01-03T18:51:22,{}
22538,payment_done,2024-01-03T18:55:49,{}
22832,funnel_start,2024-01-03T19:24:55,"{""funnel_type"": ""fasting""}"
22832,profile_start,2024-01-03T19:25:04,{}
22832,email_submit,2024-01-03T19:25:22,{}
22832,paywall_show,2024-01-03T19:29:27,{}
22832,payment_done,2024-01-03T19:32:58,{}
23285,funnel_start,2024-01-03T20:30:42,"{""funnel_type"": ""fasting""}"
23285,profile_start,2024-01-03T20:30:48,{}
23285,email_submit,2024-01-03T20:30:58,{}
23285,paywall_show,2024-01-03T20:35:42,{}
23673,funnel_start,2024-01-03T21:18:21,"{""funnel_type"": ""fasting""}"
23682,funnel_start,2024-01-03T21:20:12,"{""funnel_type"": ""fasting""}"
23682,profile_start,2024-01-03T21:20:25,{}
23682,email_submit,2024-01-03T21:20:49,{}
23712,funnel_start,2024-01-03T21:23:51,"{""funnel_type"": ""activity""}"
23712,profile_start,2024-01-03T21:23:58,{}
23722,funnel_start,2024-01-03T21:24:43,"{""funnel_type"": ""fasting""}"
23722,profile_start,2024-01-03T21:24:51,{}
23712,email_submit,2024-01-03T21:25:07,{}
23712,paywall_show,2024-01-03T21:31:34,{}
23898,funnel_start,2024-01-03T21:47:08,"{""funnel_type"": ""activity""}"
23898,profile_start,2024-01-03T21:47:13,{}
23898,email_submit,2024-01-03T21:47:30,{}
23951,funnel_start,2024-01-03T21:53:42,"{""funnel_type"": ""yoga""}"
23969,funnel_start,2024-01-03T21:55:15,"{""funnel_type"": ""fasting""}"
23969,profile_start,2024-01-03T21:55:22,{}
23969,email_submit,2024-01-03T21:55:39,{}
23898,paywall_show,2024-01-03T21:57:35,{}
23969,paywall_show,2024-01-03T22:00:35,{}
24271,funnel_start,2024-01-03T22:30:16,"{""funnel_type"": ""fasting""}"
24566,funnel_start,2024-01-03T23:06:30,"{""funnel_type"": ""yoga""}"
25364,funnel_start,2024-01-04T00:51:34,"{""funnel_type"": ""fasting""}"
25364,profile_start,2024-01-04T00:51:53,{}
25364,email_submit,2024-01-04T00:52:22,{}
25563,funnel_start,2024-01-04T01:22:53,"{""funnel_type"": ""fasting""}"
25768,funnel_start,2024-01-04T01:57:00,"{""funnel_type"": ""activity""}"
25768,profile_start,2024-01-04T01:57:09,{}
25768,email_submit,2024-01-04T01:57:34,{}
25830,funnel_start,2024-01-04T02:09:08,"{""funnel_type"": ""fasting""}"
25830,profile_start,2024-01-04T02:09:12,{}
25830,email_submit,2024-01-04T02:09:33,{}
25830,paywall_show,2024-01-04T02:23:42,{}
26186,funnel_start,2024-01-04T03:29:34,"{""funnel_type"": ""fasting""}"
26186,profile_start,2024-01-04T03:29:51,{}
26186,email_submit,2024-01-04T03:30:07,{}
26186,paywall_show,2024-01-04T03:33:28,{}
26186,payment_done,2024-01-04T03:36:18,{}
26289,funnel_start,2024-01-04T03:57:50,"{""funnel_type"": ""fasting""}"
26667,funnel_start,2024-01-04T05:49:03,"{""funnel_type"": ""fasting""}"
26706,funnel_start,2024-01-04T05:58:45,"{""funnel_type"": ""fasting""}"
26706,profile_start,2024-01-04T05:58:53,{}
26706,email_submit,2024-01-04T05:59:12,{}
26706,paywall_show,2024-01-04T06:05:57,{}
27112,funnel_start,2024-01-04T07:28:15,"{""funnel_type"": ""fasting""}"
27112,profile_start,2024-01-04T07:28:27,{}
27112,email_submit,2024-01-04T07:28:53,{}
27112,paywall_show,2024-01-04T07:37:09,{}
27697,funnel_start,2024-01-04T09:20:55,"{""funnel_type"": ""fasting""}"
27805,funnel_start,2024-01-04T09:40:27,"{""funnel_type"": ""activity""}"
27805,profile_start,2024-01-04T09:40:33,{}
27805,email_submit,2024-01-04T09:40:56,{}
27805,paywall_show,2024-01-04T09:46:19,{}
27963,funnel_start,2024-01-04T10:07:31,"{""funnel_type"": ""activity""}"
28097,funnel_start,2024-01-04T10:27:51,"{""funnel_type"": ""activity""}"
28108,funnel_start,2024-01-04T10:29:44,"{""funnel_type"": ""fasting""}"
28108,profile_start,2024-01-04T10:29:51,{}
28108,email_submit,2024-01-04T10:30:08,{}
28163,funnel_start,2024-01-04T10:37:59,"{""funnel_type"": ""fasting""}"
28163,profile_start,2024-01-04T10:38:07,{}
28163,email_submit,2024-01-04T10:38:27,{}
28108,paywall_show,2024-01-04T10:41:28,{}
28163,paywall_show,2024-01-04T10:41:46,{}
28189,funnel_start,2024-01-04T10:42:30,"{""funnel_type"": ""fasting""}"
28189,profile_start,2024-01-04T10:42:57,{}
28189,email_submit,2024-01-04T10:43:13,{}
28227,funnel_start,2024-01-04T10:49:01,"{""funnel_type"": ""activity""}"
28189,paywall_show,2024-01-04T11:04:32,{}
28387,funnel_start,2024-01-04T11:15:05,"{""funnel_type"": ""fasting""}"
28387,profile_start,2024-01-04T11:15:24,{}
28482,funnel_start,2024-01-04T11:29:52,"{""funnel_type"": ""fasting""}"
28482,profile_start,2024-01-04T11:30:04,{}
28482,email_submit,2024-01-04T11:30:46,{}
28482,paywall_show,2024-01-04T11:37:30,{}
28782,funnel_start,2024-01-04T12:23:42,"{""funnel_type"": ""activity""}"
28959,funnel_start,2024-01-04T12:54:59,"{""funnel_type"": ""fasting""}"
28959,profile_start,2024-01-04T12:55:09,{}
29037,funnel_start,2024-01-04T13:09:02,"{""funnel_type"": ""yoga""}"
29037,profile_start,2024-01-04T13:09:18,{}
29037,paywall_show,2024-01-04T13:25:12,{}
29273,funnel_start,2024-01-04T13:53:53,"{""funnel_type"": ""activity""}"
29273,profile_start,2024-01-04T13:54:01,{}
29273,email_submit,2024-01-04T13:54:23,{}
29530,funnel_start,2024-01-04T14:41:21,"{""funnel_type"": ""fasting""}"
29530,profile_start,2024-01-04T14:41:29,{}
29530,email_submit,2024-01-04T14:41:53,{}
29530,paywall_show,2024-01-04T14:48:13,{}
29782,funnel_start,2024-01-04T15:26:36,"{""funnel_type"": ""activity""}"
29782,profile_start,2024-01-04T15:26:44,{}
29782,email_submit,2024-01-04T15:27:15,{}
29782,paywall_show,2024-01-04T15:31:49,{}
30004,funnel_start,2024-01-04T16:02:37,"{""funnel_type"": ""fasting""}"
30004,profile_start,2024-01-04T16:02:45,{}
30004,email_submit,2024-01-04T16:02:54,{}
30320,funnel_start,2024-01-04T16:53:11,"{""funnel_type"": ""activity""}"
30375,funnel_start,2024-01-04T17:02:06,"{""funnel_type"": ""activity""}"
30613,funnel_start,2024-01-04T17:40:31,"{""funnel_type"": ""fasting""}"
30613,profile_start,2024-01-04T17:40:39,{}
30613,email_submit,2024-01-04T17:40:59,{}
30613,paywall_show,2024-01-04T17:49:10,{}
30678,funnel_start,2024-01-04T17:54:16,"{""funnel_type"": ""activity""}"
30751,funnel_start,2024-01-04T18:07:05,"{""funnel_type"": ""fasting""}"
30751,profile_start,2024-01-04T18:07:10,{}
30751,email_submit,2024-01-04T18:07:36,{}
30751,paywall_show,2024-01-04T18:23:44,{}
30981,funnel_start,2024-01-04T18:43:13,"{""funnel_type"": ""activity""}"
30981,profile_start,2024-01-04T18:43:19,{}
31413,funnel_start,2024-01-04T19:46:46,"{""funnel_type"": ""activity""}"
31413,profile_start,2024-01-04T19:46:52,{}
31413,email_submit,2024-01-04T19:47:13,{}
31413,paywall_show,2024-01-04T19:51:47,{}
31480,funnel_start,2024-01-04T19:59:17,"{""funnel_type"": ""fasting""}"
31480,profile_start,2024-01-04T19:59:29,{}
31480,email_submit,2024-01-04T19:59:55,{}
31480,paywall_show,2024-01-04T20:07:32,{}
31640,funnel_start,2024-01-04T20:18:31,"{""funnel_type"": ""activity""}"
31718,funnel_start,2024-01-04T20:27:37,"{""funnel_type"": ""fasting""}"
31718,profile_start,2024-01-04T20:27:47,{}
31718,email_submit,2024-01-04T20:28:28,{}
31741,funnel_start,2024-01-04T20:29:54,"{""funnel_type"": ""fasting""}"
31741,profile_start,2024-01-04T20:30:08,{}
31741,email_submit,2024-01-04T20:30:33,{}
31741,paywall_show,2024-01-04T20:38:51,{}
32234,funnel_start,2024-01-04T21:32:46,"{""funnel_type"": ""fasting""}"
32294,funnel_start,2024-01-04T21:41:50,"{""funnel_type"": ""activity""}"
32445,funnel_start,2024-01-04T22:00:47,"{""funnel_type"": ""fasting""}"
32826,funnel_start,2024-01-04T22:42:03,"{""funnel_type"": ""fasting""}"
32978,funnel_start,2024-01-04T23:00:22,"{""funnel_type"": ""fasting""}"
32978,profile_start,2024-01-04T23:00:31,{}
32978,email_submit,2024-01-04T23:00:47,{}
32978,paywall_show,2024-01-04T23:12:55,{}
33201,funnel_start,2024-01-04T23:26:13,"{""funnel_type"": ""activity""}"
33201,profile_start,2024-01-04T23:26:18,{}
33201,email_submit,2024-01-04T23:26:37,{}
33224,funnel_start,2024-01-04T23:28:13,"{""funnel_type"": ""yoga""}"
33224,profile_start,2024-01-04T23:28:24,{}
33201,paywall_show,2024-01-04T23:31:39,{}
33224,paywall_show,2024-01-04T23:37:54,{}
33319,funnel_start,2024-01-04T23:38:57,"{""funnel_type"": ""fasting""}"
33380,funnel_start,2024-01-04T23:47:15,"{""funnel_type"": ""fasting""}"
33380,profile_start,2024-01-04T23:47:38,{}
33380,email_submit,2024-01-04T23:48:20,{}
33380,paywall_show,2024-01-04T23:55:42,{}
33612,funnel_start,2024-01-05T00:18:37,"{""funnel_type"": ""activity""}"
33612,profile_start,2024-01-05T00:18:45,{}
33612,email_submit,2024-01-05T00:18:57,{}
33612,paywall_show,2024-01-05T00:25:21,{}
34188,funnel_start,2024-01-05T01:51:44,"{""funnel_type"": ""activity""}"
34188,profile_start,2024-01-05T01:51:51,{}
34188,email_submit,2024-01-05T01:52:18,{}
34188,paywall_show,2024-01-05T01:55:23,{}
35032,funnel_start,2024-01-05T05:27:00,"{""funnel_type"": ""activity""}"
35032,profile_start,2024-01-05T05:27:06,{}
35032,email_submit,2024-01-05T05:27:16,{}
35032,paywall_show,2024-01-05T05:38:26,{}
35227,funnel_start,2024-01-05T06:24:14,"{""funnel_type"": ""fasting""}"
35227,profile_start,2024-01-05T06:24:24,{}
35227,email_submit,2024-01-05T06:24:41,{}
35227,paywall_show,2024-01-05T06:38:52,{}
35473,funnel_start,2024-01-05T07:20:17,"{""funnel_type"": ""fasting""}"
36085,funnel_start,2024-01-05T09:19:03,"{""funnel_type"": ""fasting""}"
36765,funnel_start,2024-01-05T11:15:58,"{""funnel_type"": ""fasting""}"
36765,profile_start,2024-01-05T11:16:01,{}
36765,email_submit,2024-01-05T11:16:14,{}
36786,funnel_start,2024-01-05T11:20:49,"{""funnel_type"": ""activity""}"
36765,paywall_show,2024-01-05T11:26:20,{}
36858,funnel_start,2024-01-05T11:31:15,"{""funnel_type"": ""fasting""}"
36858,profile_start,2024-01-05T11:31:21,{}
36858,email_submit,2024-01-05T11:31:43,{}
36858,paywall_show,2024-01-05T11:40:04,{}
37411,funnel_start,2024-01-05T13:12:31,"{""funnel_type"": ""fasting""}"
37411,profile_start,2024-01-05T13:12:37,{}
37411,email_submit,2024-01-05T13:12:50,{}
37411,paywall_show,2024-01-05T13:19:29,{}
37782,funnel_start,2024-01-05T14:18:42,"{""funnel_type"": ""yoga""}"
37782,profile_start,2024-01-05T14:19:16,{}
37782,paywall_show,2024-01-05T14:28:29,{}
37915,funnel_start,2024-01-05T14:42:45,"{""funnel_type"": ""fasting""}"
37915,profile_start,2024-01-05T14:42:52,{}
37915,email_submit,2024-01-05T14:43:02,{}
38360,funnel_start,2024-01-05T15:58:42,"{""funnel_type"": ""fasting""}"
38360,profile_start,2024-01-05T15:58:46,{}
38360,email_submit,2024-01-05T15:59:52,{}
38360,paywall_show,2024-01-05T16:07:10,{}
38747,funnel_start,2024-01-05T17:06:46,"{""funnel_type"": ""fasting""}"
38747,profile_start,2024-01-05T17:06:51,{}
38747,email_submit,2024-01-05T17:07:10,{}
38896,funnel_start,2024-01-05T17:29:16,"{""funnel_type"": ""fasting""}"
38896,profile_start,2024-01-05T17:29:26,{}
38896,email_submit,2024-01-05T17:29:59,{}
39016,funnel_start,2024-01-05T17:49:12,"{""funnel_type"": ""activity""}"
39016,profile_start,2024-01-05T17:49:18,{}
40261,funnel_start,2024-01-05T20:45:35,"{""funnel_type"": ""activity""}"
40261,profile_start,2024-01-05T20:45:41,{}
40261,email_submit,2024-01-05T20:46:12,{}
40281,funnel_start,2024-01-05T20:48:33,"{""funnel_type"": ""activity""}"
40281,profile_start,2024-01-05T20:48:39,{}
40281,email_submit,2024-01-05T20:48:56,{}
40261,paywall_show,2024-01-05T20:51:39,{}
40668,funnel_start,2024-01-05T21:41:58,"{""funnel_type"": ""fasting""}"
40668,profile_start,2024-01-05T21:42:12,{}
40668,email_submit,2024-01-05T21:42:24,{}
40668,paywall_show,2024-01-05T21:47:34,{}
40809,funnel_start,2024-01-05T21:59:09,"{""funnel_type"": ""fasting""}"
40907,funnel_start,2024-01-05T22:10:15,"{""funnel_type"": ""fasting""}"
40907,profile_start,2024-01-05T22:10:24,{}
40907,email_submit,2024-01-05T22:10:35,{}
40936,funnel_start,2024-01-05T22:14:17,"{""funnel_type"": ""fasting""}"
40936,profile_start,2024-01-05T22:14:34,{}
40936,email_submit,2024-01-05T22:15:03,{}
40907,paywall_show,2024-01-05T22:17:46,{}
40936,paywall_show,2024-01-05T22:22:23,{}
41147,funnel_start,2024-01-05T22:40:05,"{""funnel_type"": ""fasting""}"
41325,funnel_start,2024-01-05T23:02:34,"{""funnel_type"": ""yoga""}"
41325,profile_start,2024-01-05T23:02:43,{}
41325,paywall_show,2024-01-05T23:05:42,{}
41351,funnel_start,2024-01-05T23:06:46,"{""funnel_type"": ""fasting""}"
41351,profile_start,2024-01-05T23:06:54,{}
41351,email_submit,2024-01-05T23:07:31,{}
41377,funnel_start,2024-01-05T23:09:20,"{""funnel_type"": ""fasting""}"
41377,profile_start,2024-01-05T23:09:26,{}
41394,funnel_start,2024-01-05T23:12:03,"{""funnel_type"": ""activity""}"
41425,funnel_start,2024-01-05T23:14:53,"{""funnel_type"": ""fasting""}"
41351,paywall_show,2024-01-05T23:21:04,{}
41621,funnel_start,2024-01-05T23:36:17,"{""funnel_type"": ""yoga""}"
41621,profile_start,2024-01-05T23:36:31,{}
41621,paywall_show,2024-01-05T23:43:13,{}
41764,funnel_start,2024-01-05T23:54:51,"{""funnel_type"": ""fasting""}"
42025,funnel_start,2024-01-06T00:38:11,"{""funnel_type"": ""activity""}"
42222,funnel_start,2024-01-06T01:11:07,"{""funnel_type"": ""fasting""}"
42222,profile_start,2024-01-06T01:11:19,{}
42222,email_submit,2024-01-06T01:11:34,{}
42222,paywall_show,2024-01-06T01:18:28,{}
42787,funnel_start,2024-01-06T02:55:58,"{""funnel_type"": ""activity""}"
42787,profile_start,2024-01-06T02:56:01,{}
43137,funnel_start,2024-01-06T04:29:51,"{""funnel_type"": ""activity""}"
43141,funnel_start,2024-01-06T04:30:57,"{""funnel_type"": ""activity""}"
43141,profile_start,2024-01-06T04:31:04,{}
43141,email_submit,2024-01-06T04:31:19,{}
43141,paywall_show,2024-01-06T04:33:47,{}
43172,funnel_start,2024-01-06T04:42:14,"{""funnel_type"": ""fasting""}"
43172,profile_start,2024-01-06T04:42:21,{}
43172,email_submit,2024-01-06T04:42:33,{}
43192,funnel_start,2024-01-06T04:47:15,"{""funnel_type"": ""activity""}"
43192,profile_start,2024-01-06T04:47:21,{}
43195,funnel_start,2024-01-06T04:47:34,"{""funnel_type"": ""yoga""}"
43195,profile_start,2024-01-06T04:47:42,{}
43192,email_submit,2024-01-06T04:48:01,{}
43192,paywall_show,2024-01-06T04:55:29,{}
43195,paywall_show,2024-01-06T04:55:34,{}
43274,funnel_start,2024-01-06T05:08:21,"{""funnel_type"": ""fasting""}"
43274,profile_start,2024-01-06T05:08:30,{}
43274,email_submit,2024-01-06T05:08:44,{}
43312,funnel_start,2024-01-06T05:22:36,"{""funnel_type"": ""activity""}"
43312,profile_start,2024-01-06T05:22:42,{}
43312,email_submit,2024-01-06T05:23:03,{}
43312,paywall_show,2024-01-06T05:29:49,{}
43312,payment_done,2024-01-06T05:31:42,{}
43530,funnel_start,2024-01-06T06:29:47,"{""funnel_type"": ""activity""}"
43754,funnel_start,2024-01-06T07:21:36,"{""funnel_type"": ""activity""}"
43900,funnel_start,2024-01-06T07:49:48,"{""funnel_type"": ""activity""}"
43900,profile_start,2024-01-06T07:50:01,{}
43900,email_submit,2024-01-06T07:50:18,{}
43900,paywall_show,2024-01-06T07:56:28,{}
44478,funnel_start,2024-01-06T09:39:55,"{""funnel_type"": ""activity""}"
44478,profile_start,2024-01-06T09:40:02,{}
44478,email_submit,2024-01-06T09:40:28,{}
44478,paywall_show,2024-01-06T09:46:43,{}
44774,funnel_start,2024-01-06T10:31:14,"{""funnel_type"": ""fasting""}"
44774,profile_start,2024-01-06T10:31:18,{}
44774,email_submit,2024-01-06T10:31:36,{}
44792,funnel_start,2024-01-06T10:33:42,"{""funnel_type"": ""fasting""}"
44792,profile_start,2024-01-06T10:33:49,{}
44792,email_submit,2024-01-06T10:34:46,{}
44774,paywall_show,2024-01-06T10:35:00,{}
44855,funnel_start,2024-01-06T10:45:59,"{""funnel_type"": ""fasting""}"
44855,profile_start,2024-01-06T10:46:14,{}
44855,email_submit,2024-01-06T10:46:52,{}
44792,paywall_show,2024-01-06T10:48:36,{}
44792,payment_done,2024-01-06T10:51:50,{}
44855,paywall_show,2024-01-06T11:21:43,{}
45250,funnel_start,2024-01-06T11:58:22,"{""funnel_type"": ""activity""}"
45250,profile_start,2024-01-06T11:58:27,{}
45250,email_submit,2024-01-06T11:59:04,{}
45250,paywall_show,2024-01-06T12:04:01,{}
45453,funnel_start,2024-01-06T12:33:51,"{""funnel_type"": ""fasting""}"
45540,funnel_start,2024-01-06T12:46:18,"{""funnel_type"": ""yoga""}"
45540,profile_start,2024-01-06T12:46:37,{}
45540,paywall_show,2024-01-06T13:00:01,{}
45651,funnel_start,2024-01-06T13:05:15,"{""funnel_type"": ""fasting""}"
45651,profile_start,2024-01-06T13:05:28,{}
45677,funnel_start,2024-01-06T13:10:19,"{""funnel_type"": ""fasting""}"
45677,profile_start,2024-01-06T13:10:27,{}
45677,email_submit,2024-01-06T13:10:52,{}
45677,paywall_show,2024-01-06T13:23:44,{}
45875,funnel_start,2024-01-06T13:46:49,"{""funnel_type"": ""fasting""}"
45875,profile_start,2024-01-06T13:46:59,{}
45875,email_submit,2024-01-06T13:47:24,{}
45875,paywall_show,2024-01-06T13:50:36,{}
46216,funnel_start,2024-01-06T14:47:03,"{""funnel_type"": ""fasting""}"
46482,funnel_start,2024-01-06T15:31:14,"{""funnel_type"": ""fasting""}"
47160,funnel_start,2024-01-06T17:30:21,"{""funnel_type"": ""activity""}"
47160,profile_start,2024-01-06T17:30:31,{}
47160,email_submit,2024-01-06T17:30:45,{}
47163,funnel_start,2024-01-06T17:30:57,"{""funnel_type"": ""fasting""}"
47163,profile_start,2024-01-06T17:31:19,{}
47163,email_submit,2024-01-06T17:31:27,{}
47160,paywall_show,2024-01-06T17:39:58,{}
47356,funnel_start,2024-01-06T18:02:56,"{""funnel_type"": ""activity""}"
47356,profile_start,2024-01-06T18:03:02,{}
47356,email_submit,2024-01-06T18:03:17,{}
47356,paywall_show,2024-01-06T18:07:32,{}
47422,funnel_start,2024-01-06T18:12:16,"{""funnel_type"": ""activity""}"
47422,profile_start,2024-01-06T18:12:23,{}
47422,email_submit,2024-01-06T18:12:41,{}
47463,funnel_start,2024-01-06T18:16:54,"{""funnel_type"": ""activity""}"
47463,profile_start,2024-01-06T18:16:59,{}
47422,paywall_show,2024-01-06T18:17:10,{}
47463,email_submit,2024-01-06T18:17:20,{}
47977,funnel_start,2024-01-06T19:35:29,"{""funnel_type"": ""yoga""}"
47977,profile_start,2024-01-06T19:35:43,{}
47977,paywall_show,2024-01-06T19:45:53,{}
48080,funnel_start,2024-01-06T19:49:41,"{""funnel_type"": ""fasting""}"
48080,profile_start,2024-01-06T19:49:55,{}
48080,email_submit,2024-01-06T19:50:10,{}
48268,funnel_start,2024-01-06T20:20:54,"{""funnel_type"": ""fasting""}"
48307,funnel_start,2024-01-06T20:27:28,"{""funnel_type"": ""activity""}"
48307,profile_start,2024-01-06T20:27:35,{}
48352,funnel_start,2024-01-06T20:33:23,"{""funnel_type"": ""activity""}"
48358,funnel_start,2024-01-06T20:34:16,"{""funnel_type"": ""fasting""}"
48358,profile_start,2024-01-06T20:34:26,{}
48358,email_submit,2024-01-06T20:34:51,{}
48358,paywall_show,2024-01-06T20:41:51,{}
48782,funnel_start,2024-01-06T21:30:19,"{""funnel_type"": ""fasting""}"
49136,funnel_start,2024-01-06T22:11:47,"{""funnel_type"": ""fasting""}"
49180,funnel_start,2024-01-06T22:16:16,"{""funnel_type"": ""activity""}"
49180,profile_start,2024-01-06T22:16:28,{}
49180,email_submit,2024-01-06T22:16:45,{}
49198,funnel_start,2024-01-06T22:18:16,"{""funnel_type"": ""fasting""}"
49198,profile_start,2024-01-06T22:18:22,{}
49198,email_submit,2024-01-06T22:19:05,{}
49180,paywall_show,2024-01-06T22:25:20,{}
49198,paywall_show,2024-01-06T22:41:01,{}
49623,funnel_start,2024-01-06T23:04:55,"{""funnel_type"": ""activity""}"
49623,profile_start,2024-01-06T23:05:05,{}
49623,email_submit,2024-01-06T23:05:32,{}
49623,paywall_show,2024-01-06T23:12:16,{}
49623,payment_done,2024-01-06T23:14:57,{}
49982,funnel_start,2024-01-06T23:49:52,"{""funnel_type"": ""activity""}"
49982,profile_start,2024-01-06T23:49:56,{}
49982,email_submit,2024-01-06T23:50:31,{}
49982,paywall_show,2024-01-07T00:06:35,{}
50313,funnel_start,2024-01-07T00:37:14,"{""funnel_type"": ""activity""}"
50458,funnel_start,2024-01-07T00:58:14,"{""funnel_type"": ""yoga""}"
50803,funnel_start,2024-01-07T01:53:47,"{""funnel_type"": ""fasting""}"
50803,profile_start,2024-01-07T01:54:02,{}
50803,email_submit,2024-01-07T01:54:13,{}
50803,paywall_show,2024-01-07T02:02:24,{}
50920,funnel_start,2024-01-07T02:16:19,"{""funnel_type"": ""fasting""}"
50920,profile_start,2024-01-07T02:16:43,{}
51135,funnel_start,2024-01-07T03:00:37,"{""funnel_type"": ""activity""}"
51135,profile_start,2024-01-07T03:00:54,{}
51135,email_submit,2024-01-07T03:01:04,{}
51333,funnel_start,2024-01-07T03:52:53,"{""funnel_type"": ""fasting""}"
51333,profile_start,2024-01-07T03:53:02,{}
51333,email_submit,2024-01-07T03:53:27,{}
51333,paywall_show,2024-01-07T04:04:18,{}
51440,funnel_start,2024-01-07T04:25:17,"{""funnel_type"": ""fasting""}"
51440,profile_start,2024-01-07T04:25:33,{}
51440,email_submit,2024-01-07T04:25:54,{}
51440,paywall_show,2024-01-07T04:29:02,{}
51564,funnel_start,2024-01-07T05:02:34,"{""funnel_type"": ""activity""}"
51564,profile_start,2024-01-07T05:02:43,{}
51570,funnel_start,2024-01-07T05:04:21,"{""funnel_type"": ""fasting""}"
51570,profile_start,2024-01-07T05:04:33,{}
51619,funnel_start,2024-01-07T05:19:11,"{""funnel_type"": ""activity""}"
51662,funnel_start,2024-01-07T05:30:44,"{""funnel_type"": ""fasting""}"
51662,profile_start,2024-01-07T05:30:49,{}
51662,email_submit,2024-01-07T05:31:17,{}
51908,funnel_start,2024-01-07T06:42:32,"{""funnel_type"": ""activity""}"
51908,profile_start,2024-01-07T06:42:37,{}
51908,email_submit,2024-01-07T06:42:51,{}
51908,paywall_show,2024-01-07T06:52:34,{}
52402,funnel_start,2024-01-07T08:25:29,"{""funnel_type"": ""fasting""}"
52402,profile_start,2024-01-07T08:25:40,{}
52402,email_submit,2024-01-07T08:25:53,{}
52413,funnel_start,2024-01-07T08:28:11,"{""funnel_type"": ""fasting""}"
52402,paywall_show,2024-01-07T08:33:07,{}
52541,funnel_start,2024-01-07T08:47:47,"{""funnel_type"": ""fasting""}"
52541,profile_start,2024-01-07T08:48:05,{}
52541,email_submit,2024-01-07T08:48:30,{}
52541,paywall_show,2024-01-07T09:01:14,{}
52809,funnel_start,2024-01-07T09:38:05,"{""funnel_type"": ""fasting""}"
52809,profile_start,2024-01-07T09:38:16,{}
52809,email_submit,2024-01-07T09:39:08,{}
52809,paywall_show,2024-01-07T09:46:58,{}
52950,funnel_start,2024-01-07T10:00:16,"{""funnel_type"": ""fasting""}"
52950,profile_start,2024-01-07T10:00:29,{}
52950,email_submit,2024-01-07T10:01:25,{}
52950,paywall_show,2024-01-07T10:09:09,{}
53018,funnel_start,2024-01-07T10:12:15,"{""funnel_type"": ""activity""}"
53018,profile_start,2024-01-07T10:12:30,{}
53018,email_submit,2024-01-07T10:12:54,{}
53018,paywall_show,2024-01-07T10:19:17,{}
53540,funnel_start,2024-01-07T11:41:57,"{""funnel_type"": ""fasting""}"
53540,profile_start,2024-01-07T11:42:13,{}
53757,funnel_start,2024-01-07T12:23:39,"{""funnel_type"": ""activity""}"
53757,profile_start,2024-01-07T12:23:49,{}
53757,email_submit,2024-01-07T12:24:27,{}
53757,paywall_show,2024-01-07T12:30:30,{}
53982,funnel_start,2024-01-07T13:02:21,"{""funnel_type"": ""activity""}"
54414,funnel_start,2024-01-07T14:21:42,"{""funnel_type"": ""fasting""}"
55018,funnel_start,2024-01-07T16:04:38,"{""funnel_type"": ""activity""}"
55070,funnel_start,2024-01-07T16:15:03,"{""funnel_type"": ""activity""}"
55399,funnel_start,2024-01-07T17:04:33,"{""funnel_type"": ""yoga""}"
55399,profile_start,2024-01-07T17:04:43,{}
55399,paywall_show,2024-01-07T17:12:02,{}
55608,funnel_start,2024-01-07T17:35:29,"{""funnel_type"": ""yoga""}"
55608,profile_start,2024-01-07T17:35:39,{}
55625,funnel_start,2024-01-07T17:38:50,"{""funnel_type"": ""yoga""}"
55625,profile_start,2024-01-07T17:39:08,{}
55608,paywall_show,2024-01-07T17:40:32,{}
55625,paywall_show,2024-01-07T17:45:08,{}
55716,funnel_start,2024-01-07T17:54:16,"{""funnel_type"": ""fasting""}"
55716,profile_start,2024-01-07T17:54:31,{}
55716,email_submit,2024-01-07T17:55:21,{}
55716,paywall_show,2024-01-07T18:02:01,{}
56056,funnel_start,2024-01-07T18:49:43,"{""funnel_type"": ""fasting""}"
56056,profile_start,2024-01-07T18:49:55,{}
56056,email_submit,2024-01-07T18:50:08,{}
56056,paywall_show,2024-01-07T18:55:21,{}
56243,funnel_start,2024-01-07T19:19:24,"{""funnel_type"": ""yoga""}"
56243,profile_start,2024-01-07T19:19:46,{}
56318,funnel_start,2024-01-07T19:30:38,"{""funnel_type"": ""yoga""}"
56318,profile_start,2024-01-07T19:30:55,{}
56355,funnel_start,2024-01-07T19:35:48,"{""funnel_type"": ""fasting""}"
56417,funnel_start,2024-01-07T19:44:44,"{""funnel_type"": ""activity""}"
56417,profile_start,2024-01-07T19:44:48,{}
56417,email_submit,2024-01-07T19:45:08,{}
56425,funnel_start,2024-01-07T19:46:05,"{""funnel_type"": ""fasting""}"
56425,profile_start,2024-01-07T19:46:11,{}
56417,paywall_show,2024-01-07T19:48:18,{}
56621,funnel_start,2024-01-07T20:15:21,"{""funnel_type"": ""activity""}"
57151,funnel_start,2024-01-07T21:31:19,"{""funnel_type"": ""fasting""}"
57151,profile_start,2024-01-07T21:31:28,{}
57151,email_submit,2024-01-07T21:31:52,{}
57283,funnel_start,2024-01-07T21:45:30,"{""funnel_type"": ""yoga""}"
57289,funnel_start,2024-01-07T21:46:09,"{""funnel_type"": ""fasting""}"
57289,profile_start,2024-01-07T21:46:21,{}
57289,email_submit,2024-01-07T21:46:58,{}
57340,funnel_start,2024-01-07T21:52:42,"{""funnel_type"": ""fasting""}"
57340,profile_start,2024-01-07T21:52:57,{}
57340,email_submit,2024-01-07T21:53:31,{}
57393,funnel_start,2024-01-07T22:00:17,"{""funnel_type"": ""fasting""}"
57393,profile_start,2024-01-07T22:00:30,{}
57340,paywall_show,2024-01-07T22:02:05,{}
57598,funnel_start,2024-01-07T22:23:19,"{""funnel_type"": ""yoga""}"
58008,funnel_start,2024-01-07T23:14:41,"{""funnel_type"": ""fasting""}"
58008,profile_start,2024-01-07T23:14:51,{}
58008,email_submit,2024-01-07T23:15:24,{}
58008,paywall_show,2024-01-07T23:19:52,{}
58174,funnel_start,2024-01-07T23:37:40,"{""funnel_type"": ""fasting""}"
58470,funnel_start,2024-01-08T00:14:07,"{""funnel_type"": ""activity""}"
58835,funnel_start,2024-01-08T01:09:48,"{""funnel_type"": ""activity""}"
58835,profile_start,2024-01-08T01:09:57,{}
58835,email_submit,2024-01-08T01:10:32,{}
58835,paywall_show,2024-01-08T01:16:18,{}
59158,funnel_start,2024-01-08T02:01:16,"{""funnel_type"": ""fasting""}"
59158,profile_start,2024-01-08T02:01:24,{}
59158,email_submit,2024-01-08T02:01:55,{}
59174,funnel_start,2024-01-08T02:04:31,"{""funnel_type"": ""fasting""}"
59174,profile_start,2024-01-08T02:04:35,{}
59174,email_submit,2024-01-08T02:05:41,{}
59174,paywall_show,2024-01-08T02:11:01,{}
59220,funnel_start,2024-01-08T02:11:59,"{""funnel_type"": ""activity""}"
59231,funnel_start,2024-01-08T02:15:23,"{""funnel_type"": ""fasting""}"
59158,paywall_show,2024-01-08T02:18:27,{}
59282,funnel_start,2024-01-08T02:27:10,"{""funnel_type"": ""yoga""}"
59282,profile_start,2024-01-08T02:27:26,{}
59292,funnel_start,2024-01-08T02:29:45,"{""funnel_type"": ""activity""}"
59292,profile_start,2024-01-08T02:29:50,{}
59292,email_submit,2024-01-08T02:30:12,{}
59292,paywall_show,2024-01-08T02:33:29,{}
60330,funnel_start,2024-01-08T07:02:06,"{""funnel_type"": ""fasting""}"
60330,profile_start,2024-01-08T07:02:12,{}
60330,email_submit,2024-01-08T07:02:22,{}
60330,paywall_show,2024-01-08T07:08:04,{}
60420,funnel_start,2024-01-08T07:25:43,"{""funnel_type"": ""fasting""}"
60425,funnel_start,2024-01-08T07:27:07,"{""funnel_type"": ""fasting""}"
60425,profile_start,2024-01-08T07:27:27,{}
60540,funnel_start,2024-01-08T07:51:10,"{""funnel_type"": ""fasting""}"
60540,profile_start,2024-01-08T07:51:23,{}
60540,email_submit,2024-01-08T07:52:26,{}
60580,funnel_start,2024-01-08T07:59:57,"{""funnel_type"": ""fasting""}"
60540,paywall_show,2024-01-08T08:00:07,{}
60580,profile_start,2024-01-08T08:00:15,{}
60580,email_submit,2024-01-08T08:00:48,{}
60580,paywall_show,2024-01-08T08:06:32,{}
60580,payment_done,2024-01-08T08:08:37,{}
60912,funnel_start,2024-01-08T09:07:31,"{""funnel_type"": ""activity""}"
60912,profile_start,2024-01-08T09:07:35,{}
61245,funnel_start,2024-01-08T10:07:34,"{""funnel_type"": ""activity""}"
61245,profile_start,2024-01-08T10:07:39,{}
61245,email_submit,2024-01-08T10:08:07,{}
61245,paywall_show,2024-01-08T10:16:29,{}
61335,funnel_start,2024-01-08T10:24:02,"{""funnel_type"": ""fasting""}"
61335,profile_start,2024-01-08T10:24:24,{}
61335,email_submit,2024-01-08T10:24:38,{}
61335,paywall_show,2024-01-08T10:31:51,{}
61462,funnel_start,2024-01-08T10:44:25,"{""funnel_type"": ""yoga""}"
61462,profile_start,2024-01-08T10:44:34,{}
61676,funnel_start,2024-01-08T11:21:07,"{""funnel_type"": ""activity""}"
61676,profile_start,2024-01-08T11:21:13,{}
62036,funnel_start,2024-01-08T12:22:41,"{""funnel_type"": ""activity""}"
62036,profile_start,2024-01-08T12:22:54,{}
62036,email_submit,2024-01-08T12:23:30,{}
62054,funnel_start,2024-01-08T12:26:03,"{""funnel_type"": ""fasting""}"
62036,paywall_show,2024-01-08T12:28:20,{}
62121,funnel_start,2024-01-08T12:38:26,"{""funnel_type"": ""yoga""}"
62121,profile_start,2024-01-08T12:38:36,{}
62390,funnel_start,2024-01-08T13:26:56,"{""funnel_type"": ""activity""}"
62390,profile_start,2024-01-08T13:27:04,{}
62932,funnel_start,2024-01-08T15:08:19,"{""funnel_type"": ""fasting""}"
62942,funnel_start,2024-01-08T15:09:47,"{""funnel_type"": ""fasting""}"
62942,profile_start,2024-01-08T15:09:59,{}
62942,email_submit,2024-01-08T15:10:25,{}
62942,paywall_show,2024-01-08T15:20:12,{}
63064,funnel_start,2024-01-08T15:25:44,"{""funnel_type"": ""activity""}"
63064,profile_start,2024-01-08T15:25:54,{}
63064,email_submit,2024-01-08T15:26:08,{}
63064,paywall_show,2024-01-08T15:31:53,{}
63224,funnel_start,2024-01-08T15:55:33,"{""funnel_type"": ""activity""}"
63468,funnel_start,2024-01-08T16:32:16,"{""funnel_type"": ""fasting""}"
63468,profile_start,2024-01-08T16:32:26,{}
63644,funnel_start,2024-01-08T17:01:57,"{""funnel_type"": ""fasting""}"
63862,funnel_start,2024-01-08T17:34:05,"{""funnel_type"": ""fasting""}"
63862,profile_start,2024-01-08T17:34:22,{}
63862,email_submit,2024-01-08T17:34:43,{}
63862,paywall_show,2024-01-08T17:59:08,{}
64221,funnel_start,2024-01-08T18:29:40,"{""funnel_type"": ""activity""}"
64289,funnel_start,2024-01-08T18:41:31,"{""funnel_type"": ""fasting""}"
64289,profile_start,2024-01-08T18:41:36,{}
64289,email_submit,2024-01-08T18:41:54,{}
64289,paywall_show,2024-01-08T18:54:25,{}
64746,funnel_start,2024-01-08T19:53:35,"{""funnel_type"": ""fasting""}"
64746,profile_start,2024-01-08T19:53:42,{}
64746,email_submit,2024-01-08T19:54:00,{}
64746,paywall_show,2024-01-08T20:02:40,{}
65048,funnel_start,2024-01-08T20:37:21,"{""funnel_type"": ""fasting""}"
65048,profile_start,2024-01-08T20:37:29,{}
65048,email_submit,2024-01-08T20:37:46,{}
65048,paywall_show,2024-01-08T20:43:37,{}
65189,funnel_start,2024-01-08T20:59:38,"{""funnel_type"": ""yoga""}"
65189,profile_start,2024-01-08T20:59:52,{}
65189,paywall_show,2024-01-08T21:07:17,{}
65283,funnel_start,2024-01-08T21:11:12,"{""funnel_type"": ""fasting""}"
65469,funnel_start,2024-01-08T21:32:06,"{""funnel_type"": ""activity""}"
65469,profile_start,2024-01-08T21:32:13,{}
65693,funnel_start,2024-01-08T22:01:47,"{""funnel_type"": ""fasting""}"
65693,profile_start,2024-01-08T22:01:54,{}
66112,funnel_start,2024-01-08T22:50:26,"{""funnel_type"": ""fasting""}"
66112,profile_start,2024-01-08T22:50:41,{}
66112,email_submit,2024-01-08T22:51:15,{}
66118,funnel_start,2024-01-08T22:51:24,"{""funnel_type"": ""fasting""}"
66118,profile_start,2024-01-08T22:51:30,{}
66118,email_submit,2024-01-08T22:51:42,{}
66118,paywall_show,2024-01-08T23:01:59,{}
66112,paywall_show,2024-01-08T23:20:06,{}
66336,funnel_start,2024-01-08T23:21:49,"{""funnel_type"": ""yoga""}"
66336,profile_start,2024-01-08T23:22:00,{}
66336,paywall_show,2024-01-08T23:28:13,{}
66545,funnel_start,2024-01-08T23:46:23,"{""funnel_type"": ""activity""}"
66545,profile_start,2024-01-08T23:46:29,{}
66545,email_submit,2024-01-08T23:46:41,{}
66611,funnel_start,2024-01-08T23:53:37,"{""funnel_type"": ""activity""}"
66611,profile_start,2024-01-08T23:53:45,{}
66611,email_submit,2024-01-08T23:53:58,{}
66545,paywall_show,2024-01-08T23:54:45,{}
66545,payment_done,2024-01-08T23:56:51,{}
66742,funnel_start,2024-01-09T00:10:58,"{""funnel_type"": ""activity""}"
66742,profile_start,2024-01-09T00:11:07,{}
66743,funnel_start,2024-01-09T00:11:31,"{""funnel_type"": ""yoga""}"
66742,email_submit,2024-01-09T00:11:39,{}
66743,profile_start,2024-01-09T00:11:45,{}
66756,funnel_start,2024-01-09T00:13:08,"{""funnel_type"": ""fasting""}"
66742,paywall_show,2024-01-09T00:19:39,{}
66828,funnel_start,2024-01-09T00:24:21,"{""funnel_type"": ""fasting""}"
66828,profile_start,2024-01-09T00:24:27,{}
66828,email_submit,2024-01-09T00:24:39,{}
66743,paywall_show,2024-01-09T00:26:17,{}
66828,paywall_show,2024-01-09T00:27:49,{}
66971,funnel_start,2024-01-09T00:43:48,"{""funnel_type"": ""fasting""}"
66971,profile_start,2024-01-09T00:43:56,{}
66978,funnel_start,2024-01-09T00:44:12,"{""funnel_type"": ""activity""}"
66978,profile_start,2024-01-09T00:44:18,{}
66971,email_submit,2024-01-09T00:44:32,{}
66978,email_submit,2024-01-09T00:44:45,{}
66971,paywall_show,2024-01-09T00:48:36,{}
67079,funnel_start,2024-01-09T00:58:27,"{""funnel_type"": ""fasting""}"
67079,profile_start,2024-01-09T00:58:33,{}
67079,email_submit,2024-01-09T00:58:53,{}
67079,paywall_show,2024-01-09T01:11:33,{}
67298,funnel_start,2024-01-09T01:37:51,"{""funnel_type"": ""fasting""}"
67298,profile_start,2024-01-09T01:38:04,{}
67400,funnel_start,2024-01-09T01:51:23,"{""funnel_type"": ""activity""}"
67400,profile_start,2024-01-09T01:51:29,{}
67400,email_submit,2024-01-09T01:51:40,{}
67400,paywall_show,2024-01-09T02:00:49,{}
67613,funnel_start,2024-01-09T02:32:18,"{""funnel_type"": ""activity""}"
67613,profile_start,2024-01-09T02:32:25,{}
67613,email_submit,2024-01-09T02:33:07,{}
67613,paywall_show,2024-01-09T02:38:41,{}
67808,funnel_start,2024-01-09T03:11:29,"{""funnel_type"": ""activity""}"
67898,funnel_start,2024-01-09T03:32:35,"{""funnel_type"": ""activity""}"
67898,profile_start,2024-01-09T03:32:41,{}
67898,email_submit,2024-01-09T03:33:10,{}
68074,funnel_start,2024-01-09T04:18:58,"{""funnel_type"": ""fasting""}"
68074,profile_start,2024-01-09T04:19:04,{}
68074,email_submit,2024-01-09T04:19:27,{}
68074,paywall_show,2024-01-09T04:27:02,{}
68330,funnel_start,2024-01-09T05:32:01,"{""funnel_type"": ""activity""}"
68330,profile_start,2024-01-09T05:32:07,{}
68330,email_submit,2024-01-09T05:33:06,{}
68330,paywall_show,2024-01-09T05:45:03,{}
68494,funnel_start,2024-01-09T06:21:30,"{""funnel_type"": ""fasting""}"
68544,funnel_start,2024-01-09T06:32:45,"{""funnel_type"": ""activity""}"
68658,funnel_start,2024-01-09T06:57:29,"{""funnel_type"": ""fasting""}"
68658,profile_start,2024-01-09T06:57:32,{}
68658,email_submit,2024-01-09T06:57:56,{}
68658,paywall_show,2024-01-09T07:03:58,{}
68785,funnel_start,2024-01-09T07:28:22,"{""funnel_type"": ""fasting""}"
68785,profile_start,2024-01-09T07:28:31,{}
68785,email_submit,2024-01-09T07:29:06,{}
68785,paywall_show,2024-01-09T07:38:31,{}
68868,funnel_start,2024-01-09T07:44:13,"{""funnel_type"": ""activity""}"
68868,profile_start,2024-01-09T07:44:25,{}
68868,email_submit,2024-01-09T07:44:53,{}
68878,funnel_start,2024-01-09T07:47:01,"{""funnel_type"": ""fasting""}"
68878,profile_start,2024-01-09T07:47:06,{}
68878,email_submit,2024-01-09T07:47:54,{}
68868,paywall_show,2024-01-09T07:49:54,{}
68878,paywall_show,2024-01-09T07:57:32,{}
68878,payment_done,2024-01-09T08:00:52,{}
68977,funnel_start,2024-01-09T08:05:13,"{""funnel_type"": ""activity""}"
68977,profile_start,2024-01-09T08:05:18,{}
68977,email_submit,2024-01-09T08:05:46,{}
68977,paywall_show,2024-01-09T08:14:14,{}
69254,funnel_start,2024-01-09T08:54:09,"{""funnel_type"": ""activity""}"
69254,profile_start,2024-01-09T08:54:16,{}
69254,email_submit,2024-01-09T08:54:40,{}
69291,funnel_start,2024-01-09T09:01:33,"{""funnel_type"": ""fasting""}"
69321,funnel_start,2024-01-09T09:07:09,"{""funnel_type"": ""activity""}"
69321,profile_start,2024-01-09T09:07:15,{}
69321,email_submit,2024-01-09T09:07:36,{}
69254,paywall_show,2024-01-09T09:10:35,{}
69321,paywall_show,2024-01-09T09:28:44,{}
69918,funnel_start,2024-01-09T10:48:17,"{""funnel_type"": ""activity""}"
69918,profile_start,2024-01-09T10:48:25,{}
69918,email_submit,2024-01-09T10:48:34,{}
69918,paywall_show,2024-01-09T10:52:24,{}
70073,funnel_start,2024-01-09T11:18:17,"{""funnel_type"": ""fasting""}"
70480,funnel_start,2024-01-09T12:30:56,"{""funnel_type"": ""activity""}"
70590,funnel_start,2024-01-09T12:50:38,"{""funnel_type"": ""activity""}"
70590,profile_start,2024-01-09T12:50:45,{}
70590,email_submit,2024-01-09T12:51:25,{}
70755,funnel_start,2024-01-09T13:20:18,"{""funnel_type"": ""fasting""}"
70956,funnel_start,2024-01-09T13:56:55,"{""funnel_type"": ""fasting""}"
70956,profile_start,2024-01-09T13:57:02,{}
70956,email_submit,2024-01-09T13:57:17,{}
71115,funnel_start,2024-01-09T14:28:28,"{""funnel_type"": ""fasting""}"
71115,profile_start,2024-01-09T14:28:36,{}
71115,email_submit,2024-01-09T14:28:51,{}
71115,paywall_show,2024-01-09T14:38:03,{}
71115,payment_done,2024-01-09T14:40:21,{}
71334,funnel_start,2024-01-09T15:07:19,"{""funnel_type"": ""yoga""}"
71334,profile_start,2024-01-09T15:07:32,{}
71370,funnel_start,2024-01-09T15:13:23,"{""funnel_type"": ""fasting""}"
71370,profile_start,2024-01-09T15:13:27,{}
71370,email_submit,2024-01-09T15:13:48,{}
71412,funnel_start,2024-01-09T15:21:57,"{""funnel_type"": ""activity""}"
71370,paywall_show,2024-01-09T15:35:38,{}
71334,paywall_show,2024-01-09T15:39:26,{}
71707,funnel_start,2024-01-09T16:07:34,"{""funnel_type"": ""fasting""}"
71725,funnel_start,2024-01-09T16:11:18,"{""funnel_type"": ""fasting""}"
71725,profile_start,2024-01-09T16:11:31,{}
71725,email_submit,2024-01-09T16:11:58,{}
71725,paywall_show,2024-01-09T16:21:14,{}
71972,funnel_start,2024-01-09T16:56:24,"{""funnel_type"": ""activity""}"
71972,profile_start,2024-01-09T16:56:31,{}
71972,email_submit,2024-01-09T16:56:45,{}
71972,paywall_show,2024-01-09T17:09:25,{}
72114,funnel_start,2024-01-09T17:20:02,"{""funnel_type"": ""fasting""}"
72114,profile_start,2024-01-09T17:20:11,{}
72114,email_submit,2024-01-09T17:20:58,{}
72114,paywall_show,2024-01-09T17:32:19,{}
72683,funnel_start,2024-01-09T18:48:12,"{""funnel_type"": ""fasting""}"
72683,profile_start,2024-01-09T18:48:35,{}
72683,email_submit,2024-01-09T18:48:59,{}
72683,paywall_show,2024-01-09T18:59:20,{}
72818,funnel_start,2024-01-09T19:07:35,"{""funnel_type"": ""yoga""}"
72818,profile_start,2024-01-09T19:07:49,{}
72818,paywall_show,2024-01-09T19:16:19,{}
73030,funnel_start,2024-01-09T19:38:42,"{""funnel_type"": ""activity""}"
73222,funnel_start,2024-01-09T20:03:25,"{""funnel_type"": ""yoga""}"
73222,profile_start,2024-01-09T20:03:37,{}
73225,funnel_start,2024-01-09T20:03:44,"{""funnel_type"": ""fasting""}"
73225,profile_start,2024-01-09T20:03:56,{}
73225,email_submit,2024-01-09T20:04:18,{}
73289,funnel_start,2024-01-09T20:12:04,"{""funnel_type"": ""activity""}"
73225,paywall_show,2024-01-09T20:13:44,{}
73340,funnel_start,2024-01-09T20:19:27,"{""funnel_type"": ""fasting""}"
73433,funnel_start,2024-01-09T20:30:15,"{""funnel_type"": ""fasting""}"
73583,funnel_start,2024-01-09T20:50:39,"{""funnel_type"": ""fasting""}"
74181,funnel_start,2024-01-09T22:05:43,"{""funnel_type"": ""fasting""}"
74396,funnel_start,2024-01-09T22:32:16,"{""funnel_type"": ""fasting""}"
74396,profile_start,2024-01-09T22:32:24,{}
74396,email_submit,2024-01-09T22:32:44,{}
74436,funnel_start,2024-01-09T22:37:00,"{""funnel_type"": ""activity""}"
74436,profile_start,2024-01-09T22:37:03,{}
74436,email_submit,2024-01-09T22:37:13,{}
74436,paywall_show,2024-01-09T22:39:45,{}
74396,paywall_show,2024-01-09T22:42:56,{}
74716,funnel_start,2024-01-09T23:10:02,"{""funnel_type"": ""fasting""}"
74716,profile_start,2024-01-09T23:10:26,{}
74716,email_submit,2024-01-09T23:10:55,{}
74716,paywall_show,2024-01-09T23:17:41,{}
75029,funnel_start,2024-01-09T23:49:32,"{""funnel_type"": ""activity""}"
75029,profile_start,2024-01-09T23:49:49,{}
75140,funnel_start,2024-01-10T00:05:06,"{""funnel_type"": ""yoga""}"
75140,profile_start,2024-01-10T00:05:22,{}
75148,funnel_start,2024-01-10T00:05:43,"{""funnel_type"": ""activity""}"
75140,paywall_show,2024-01-10T00:10:12,{}
75181,funnel_start,2024-01-10T00:11:44,"{""funnel_type"": ""activity""}"
75181,profile_start,2024-01-10T00:12:00,{}
75181,email_submit,2024-01-10T00:12:30,{}
75181,paywall_show,2024-01-10T00:22:11,{}
75430,funnel_start,2024-01-10T00:49:02,"{""funnel_type"": ""fasting""}"
75430,profile_start,2024-01-10T00:49:27,{}
75430,email_submit,2024-01-10T00:50:46,{}
75470,funnel_start,2024-01-10T00:55:40,"{""funnel_type"": ""fasting""}"
75470,profile_start,2024-01-10T00:55:49,{}
75470,email_submit,2024-01-10T00:56:09,{}
75430,paywall_show,2024-01-10T01:00:13,{}
75500,funnel_start,2024-01-10T01:00:25,"{""funnel_type"": ""yoga""}"
75500,profile_start,2024-01-10T01:00:32,{}
75470,paywall_show,2024-01-10T01:03:01,{}
75500,paywall_show,2024-01-10T01:07:45,{}
75772,funnel_start,2024-01-10T01:42:51,"{""funnel_type"": ""activity""}"
75772,profile_start,2024-01-10T01:42:59,{}
75776,funnel_start,2024-01-10T01:43:21,"{""funnel_type"": ""fasting""}"
75776,profile_start,2024-01-10T01:43:28,{}
75772,email_submit,2024-01-10T01:43:30,{}
75776,email_submit,2024-01-10T01:43:47,{}
75772,paywall_show,2024-01-10T01:51:19,{}
75772,payment_done,2024-01-10T01:52:14,{}
76002,funnel_start,2024-01-10T02:27:54,"{""funnel_type"": ""yoga""}"
76172,funnel_start,2024-01-10T03:14:00,"{""funnel_type"": ""fasting""}"
76172,profile_start,2024-01-10T03:14:17,{}
76172,email_submit,2024-01-10T03:15:00,{}
76198,funnel_start,2024-01-10T03:21:39,"{""funnel_type"": ""fasting""}"
76198,profile_start,2024-01-10T03:21:55,{}
76198,email_submit,2024-01-10T03:22:26,{}
76198,paywall_show,2024-01-10T03:28:22,{}
76172,paywall_show,2024-01-10T03:30:00,{}
76353,funnel_start,2024-01-10T04:03:48,"{""funnel_type"": ""fasting""}"
76353,profile_start,2024-01-10T04:03:57,{}
76353,email_submit,2024-01-10T04:04:23,{}
76353,paywall_show,2024-01-10T04:09:21,{}
76918,funnel_start,2024-01-10T06:42:22,"{""funnel_type"": ""yoga""}"
76918,profile_start,2024-01-10T06:42:33,{}
77147,funnel_start,2024-01-10T07:37:01,"{""funnel_type"": ""activity""}"
77671,funnel_start,2024-01-10T09:18:47,"{""funnel_type"": ""yoga""}"
77671,profile_start,2024-01-10T09:18:52,{}
77671,paywall_show,2024-01-10T09:28:22,{}
78189,funnel_start,2024-01-10T10:43:16,"{""funnel_type"": ""fasting""}"
78189,profile_start,2024-01-10T10:43:27,{}
78189,email_submit,2024-01-10T10:43:54,{}
78189,paywall_show,2024-01-10T10:53:08,{}
78646,funnel_start,2024-01-10T11:53:58,"{""funnel_type"": ""fasting""}"
78646,profile_start,2024-01-10T11:54:10,{}
78646,email_submit,2024-01-10T11:54:42,{}
78646,paywall_show,2024-01-10T12:08:54,{}
79202,funnel_start,2024-01-10T13:35:38,"{""funnel_type"": ""activity""}"
79301,funnel_start,2024-01-10T13:53:25,"{""funnel_type"": ""fasting""}"
79301,profile_start,2024-01-10T13:53:34,{}
79301,email_submit,2024-01-10T13:53:51,{}
79301,paywall_show,2024-01-10T13:57:27,{}
79656,funnel_start,2024-01-10T14:59:48,"{""funnel_type"": ""fasting""}"
79656,profile_start,2024-01-10T14:59:53,{}
79656,email_submit,2024-01-10T15:00:10,{}
79691,funnel_start,2024-01-10T15:05:25,"{""funnel_type"": ""fasting""}"
79691,profile_start,2024-01-10T15:05:36,{}
79691,email_submit,2024-01-10T15:06:16,{}
79916,funnel_start,2024-01-10T15:43:56,"{""funnel_type"": ""fasting""}"
79916,profile_start,2024-01-10T15:44:05,{}
79916,email_submit,2024-01-10T15:44:42,{}
79954,funnel_start,2024-01-10T15:50:19,"{""funnel_type"": ""fasting""}"
79954,profile_start,2024-01-10T15:50:25,{}
79954,email_submit,2024-01-10T15:50:39,{}
79954,paywall_show,2024-01-10T15:53:38,{}
80899,funnel_start,2024-01-10T18:27:51,"{""funnel_type"": ""fasting""}"
80899,profile_start,2024-01-10T18:28:02,{}
80899,email_submit,2024-01-10T18:28:16,{}
81095,funnel_start,2024-01-10T18:58:36,"{""funnel_type"": ""fasting""}"
81095,profile_start,2024-01-10T18:58:46,{}
81095,email_submit,2024-01-10T18:59:11,{}
81095,paywall_show,2024-01-10T19:02:58,{}
81184,funnel_start,2024-01-10T19:12:09,"{""funnel_type"": ""fasting""}"
81184,profile_start,2024-01-10T19:12:23,{}
81184,email_submit,2024-01-10T19:13:00,{}
81366,funnel_start,2024-01-10T19:41:24,"{""funnel_type"": ""fasting""}"
81366,profile_start,2024-01-10T19:41:34,{}
81366,email_submit,2024-01-10T19:41:50,{}
81366,paywall_show,2024-01-10T19:48:09,{}
81752,funnel_start,2024-01-10T20:35:35,"{""funnel_type"": ""fasting""}"
82033,funnel_start,2024-01-10T21:12:55,"{""funnel_type"": ""fasting""}"
82033,profile_start,2024-01-10T21:13:12,{}
82033,email_submit,2024-01-10T21:13:38,{}
82033,paywall_show,2024-01-10T21:16:30,{}
82460,funnel_start,2024-01-10T22:06:12,"{""funnel_type"": ""activity""}"
82460,profile_start,2024-01-10T22:06:18,{}
82460,email_submit,2024-01-10T22:06:39,{}
82497,funnel_start,2024-01-10T22:10:01,"{""funnel_type"": ""activity""}"
82497,profile_start,2024-01-10T22:10:11,{}
82497,email_submit,2024-01-10T22:10:46,{}
82460,paywall_show,2024-01-10T22:15:38,{}
82497,paywall_show,2024-01-10T22:23:09,{}
82701,funnel_start,2024-01-10T22:34:37,"{""funnel_type"": ""activity""}"
82701,profile_start,2024-01-10T22:34:44,{}
82748,funnel_start,2024-01-10T22:38:14,"{""funnel_type"": ""fasting""}"
82892,funnel_start,2024-01-10T22:55:18,"{""funnel_type"": ""activity""}"
82892,profile_start,2024-01-10T22:55:23,{}
82892,email_submit,2024-01-10T22:55:35,{}
82892,paywall_show,2024-01-10T23:00:32,{}
82965,funnel_start,2024-01-10T23:02:35,"{""funnel_type"": ""fasting""}"
82965,profile_start,2024-01-10T23:02:44,{}
82968,funnel_start,2024-01-10T23:02:48,"{""funnel_type"": ""fasting""}"
82965,email_submit,2024-01-10T23:03:06,{}
82965,paywall_show,2024-01-10T23:10:45,{}
83047,funnel_start,2024-01-10T23:12:40,"{""funnel_type"": ""activity""}"
83047,profile_start,2024-01-10T23:12:48,{}
83047,email_submit,2024-01-10T23:13:26,{}
83113,funnel_start,2024-01-10T23:19:52,"{""funnel_type"": ""activity""}"
83047,paywall_show,2024-01-10T23:21:42,{}
83371,funnel_start,2024-01-10T23:51:10,"{""funnel_type"": ""fasting""}"
83448,funnel_start,2024-01-11T00:02:48,"{""funnel_type"": ""fasting""}"
83950,funnel_start,2024-01-11T01:20:40,"{""funnel_type"": ""activity""}"
84113,funnel_start,2024-01-11T01:49:36,"{""funnel_type"": ""fasting""}"
84113,profile_start,2024-01-11T01:49:46,{}
84113,email_submit,2024-01-11T01:50:12,{}
84173,funnel_start,2024-01-11T01:58:24,"{""funnel_type"": ""fasting""}"
84113,paywall_show,2024-01-11T02:00:43,{}
84557,funnel_start,2024-01-11T03:26:25,"{""funnel_type"": ""fasting""}"
84557,profile_start,2024-01-11T03:26:36,{}
84557,email_submit,2024-01-11T03:26:48,{}
84557,paywall_show,2024-01-11T03:34:36,{}
84823,funnel_start,2024-01-11T04:50:23,"{""funnel_type"": ""fasting""}"
84894,funnel_start,2024-01-11T05:15:40,"{""funnel_type"": ""activity""}"
84898,funnel_start,2024-01-11T05:16:59,"{""funnel_type"": ""activity""}"
84898,profile_start,2024-01-11T05:17:04,{}
84898,email_submit,2024-01-11T05:17:19,{}
84982,funnel_start,2024-01-11T05:45:27,"{""funnel_type"": ""fasting""}"
84982,profile_start,2024-01-11T05:45:41,{}
84982,email_submit,2024-01-11T05:46:01,{}
84982,paywall_show,2024-01-11T05:56:08,{}
85075,funnel_start,2024-01-11T06:13:22,"{""funnel_type"": ""fasting""}"
85075,profile_start,2024-01-11T06:13:29,{}
85075,email_submit,2024-01-11T06:13:46,{}
85075,paywall_show,2024-01-11T06:21:04,{}
86342,funnel_start,2024-01-11T10:33:18,"{""funnel_type"": ""fasting""}"
86342,profile_start,2024-01-11T10:33:26,{}
86342,email_submit,2024-01-11T10:33:44,{}
86342,paywall_show,2024-01-11T10:44:50,{}
86459,funnel_start,2024-01-11T10:49:09,"{""funnel_type"": ""fasting""}"
86459,profile_start,2024-01-11T10:49:19,{}
86459,email_submit,2024-01-11T10:50:03,{}
86459,paywall_show,2024-01-11T11:01:56,{}
86459,payment_done,2024-01-11T11:03:58,{}
86605,funnel_start,2024-01-11T11:14:20,"{""funnel_type"": ""fasting""}"
86605,profile_start,2024-01-11T11:14:25,{}
86605,email_submit,2024-01-11T11:15:08,{}
86638,funnel_start,2024-01-11T11:18:59,"{""funnel_type"": ""yoga""}"
86638,profile_start,2024-01-11T11:19:11,{}
86638,paywall_show,2024-01-11T11:27:24,{}
87104,funnel_start,2024-01-11T12:39:38,"{""funnel_type"": ""fasting""}"
87247,funnel_start,2024-01-11T13:10:03,"{""funnel_type"": ""activity""}"
87247,profile_start,2024-01-11T13:10:09,{}
87247,email_submit,2024-01-11T13:10:19,{}
87269,funnel_start,2024-01-11T13:13:22,"{""funnel_type"": ""activity""}"
87269,profile_start,2024-01-11T13:13:30,{}
87247,paywall_show,2024-01-11T13:13:42,{}
87269,email_submit,2024-01-11T13:13:44,{}
87269,paywall_show,2024-01-11T13:24:12,{}
87946,funnel_start,2024-01-11T15:18:53,"{""funnel_type"": ""fasting""}"
87946,profile_start,2024-01-11T15:19:05,{}
87946,email_submit,2024-01-11T15:19:23,{}
88292,funnel_start,2024-01-11T16:15:32,"{""funnel_type"": ""fasting""}"
88292,profile_start,2024-01-11T16:15:40,{}
88292,email_submit,2024-01-11T16:16:08,{}
88292,paywall_show,2024-01-11T16:20:21,{}
88520,funnel_start,2024-01-11T16:49:24,"{""funnel_type"": ""activity""}"
88520,profile_start,2024-01-11T16:49:29,{}
88523,funnel_start,2024-01-11T16:49:52,"{""funnel_type"": ""yoga""}"
88520,email_submit,2024-01-11T16:50:00,{}
88523,profile_start,2024-01-11T16:50:06,{}
88520,paywall_show,2024-01-11T16:56:25,{}
88523,paywall_show,2024-01-11T16:59:50,{}
88742,funnel_start,2024-01-11T17:28:23,"{""funnel_type"": ""activity""}"
88742,profile_start,2024-01-11T17:28:27,{}
88742,email_submit,2024-01-11T17:29:13,{}
88742,paywall_show,2024-01-11T17:37:45,{}
88846,funnel_start,2024-01-11T17:47:39,"{""funnel_type"": ""fasting""}"
88884,funnel_start,2024-01-11T17:54:04,"{""funnel_type"": ""activity""}"
89489,funnel_start,2024-01-11T19:26:08,"{""funnel_type"": ""activity""}"
89573,funnel_start,2024-01-11T19:38:00,"{""funnel_type"": ""fasting""}"
89573,profile_start,2024-01-11T19:38:13,{}
89573,email_submit,2024-01-11T19:38:33,{}
89573,paywall_show,2024-01-11T19:45:47,{}
89631,funnel_start,2024-01-11T19:47:00,"{""funnel_type"": ""fasting""}"
89631,profile_start,2024-01-11T19:47:05,{}
89631,email_submit,2024-01-11T19:47:21,{}
89662,funnel_start,2024-01-11T19:50:36,"{""funnel_type"": ""fasting""}"
89710,funnel_start,2024-01-11T19:57:04,"{""funnel_type"": ""fasting""}"
89710,profile_start,2024-01-11T19:57:14,{}
89631,paywall_show,2024-01-11T19:57:19,{}
89710,email_submit,2024-01-11T19:58:11,{}
89710,paywall_show,2024-01-11T20:07:49,{}
89972,funnel_start,2024-01-11T20:31:51,"{""funnel_type"": ""fasting""}"
89972,profile_start,2024-01-11T20:32:02,{}
89972,email_submit,2024-01-11T20:32:24,{}
90151,funnel_start,2024-01-11T20:54:43,"{""funnel_type"": ""fasting""}"
90151,profile_start,2024-01-11T20:54:57,{}
90151,email_submit,2024-01-11T20:55:09,{}
90151,paywall_show,2024-01-11T20:58:48,{}
90432,funnel_start,2024-01-11T21:31:41,"{""funnel_type"": ""yoga""}"
90826,funnel_start,2024-01-11T22:22:37,"{""funnel_type"": ""fasting""}"
90826,profile_start,2024-01-11T22:22:42,{}
90877,funnel_start,2024-01-11T22:29:05,"{""funnel_type"": ""yoga""}"
91197,funnel_start,2024-01-11T23:09:42,"{""funnel_type"": ""activity""}"
91197,profile_start,2024-01-11T23:09:51,{}
91197,email_submit,2024-01-11T23:10:28,{}
91205,funnel_start,2024-01-11T23:11:16,"{""funnel_type"": ""yoga""}"
91205,profile_start,2024-01-11T23:11:20,{}
91205,paywall_show,2024-01-11T23:16:35,{}
91197,paywall_show,2024-01-11T23:28:03,{}
91197,payment_done,2024-01-11T23:30:42,{}
91488,funnel_start,2024-01-11T23:49:45,"{""funnel_type"": ""fasting""}"
91488,profile_start,2024-01-11T23:49:52,{}
91488,email_submit,2024-01-11T23:50:10,{}
91488,paywall_show,2024-01-11T23:59:21,{}
91889,funnel_start,2024-01-12T00:47:10,"{""funnel_type"": ""fasting""}"
91889,profile_start,2024-01-12T00:47:15,{}
91889,email_submit,2024-01-12T00:47:35,{}
91889,paywall_show,2024-01-12T00:56:22,{}
92081,funnel_start,2024-01-12T01:15:25,"{""funnel_type"": ""activity""}"
92083,funnel_start,2024-01-12T01:15:27,"{""funnel_type"": ""fasting""}"
92083,profile_start,2024-01-12T01:15:35,{}
92081,profile_start,2024-01-12T01:15:40,{}
92083,email_submit,2024-01-12T01:15:56,{}
92081,email_submit,2024-01-12T01:15:59,{}
92081,paywall_show,2024-01-12T01:23:57,{}
92340,funnel_start,2024-01-12T01:59:04,"{""funnel_type"": ""activity""}"
92340,profile_start,2024-01-12T01:59:16,{}
92340,email_submit,2024-01-12T01:59:55,{}
92376,funnel_start,2024-01-12T02:05:41,"{""funnel_type"": ""yoga""}"
92340,paywall_show,2024-01-12T02:07:42,{}
92635,funnel_start,2024-01-12T02:58:33,"{""funnel_type"": ""fasting""}"
92660,funnel_start,2024-01-12T03:03:55,"{""funnel_type"": ""fasting""}"
92660,profile_start,2024-01-12T03:04:15,{}
92660,email_submit,2024-01-12T03:04:40,{}
92660,paywall_show,2024-01-12T03:20:28,{}
93058,funnel_start,2024-01-12T05:06:43,"{""funnel_type"": ""yoga""}"
93058,profile_start,2024-01-12T05:06:49,{}
93075,funnel_start,2024-01-12T05:12:12,"{""funnel_type"": ""fasting""}"
93351,funnel_start,2024-01-12T06:32:34,"{""funnel_type"": ""fasting""}"
93351,profile_start,2024-01-12T06:32:42,{}
93351,email_submit,2024-01-12T06:33:35,{}
93351,paywall_show,2024-01-12T06:42:47,{}
93642,funnel_start,2024-01-12T07:30:05,"{""funnel_type"": ""activity""}"
93642,profile_start,2024-01-12T07:30:10,{}
93642,email_submit,2024-01-12T07:30:52,{}
93642,paywall_show,2024-01-12T07:37:43,{}
93718,funnel_start,2024-01-12T07:46:06,"{""funnel_type"": ""activity""}"
93718,profile_start,2024-01-12T07:46:13,{}
93743,funnel_start,2024-01-12T07:50:53,"{""funnel_type"": ""activity""}"
93743,profile_start,2024-01-12T07:51:00,{}
93743,email_submit,2024-01-12T07:51:14,{}
93743,paywall_show,2024-01-12T07:59:47,{}
93876,funnel_start,2024-01-12T08:16:37,"{""funnel_type"": ""activity""}"
93876,profile_start,2024-01-12T08:16:43,{}
93876,email_submit,2024-01-12T08:17:14,{}
94122,funnel_start,2024-01-12T09:01:36,"{""funnel_type"": ""activity""}"
94122,profile_start,2024-01-12T09:01:46,{}
94122,email_submit,2024-01-12T09:02:06,{}
94122,paywall_show,2024-01-12T09:06:56,{}
94877,funnel_start,2024-01-12T11:13:16,"{""funnel_type"": ""activity""}"
94877,profile_start,2024-01-12T11:13:24,{}
94877,email_submit,2024-01-12T11:13:46,{}
94877,paywall_show,2024-01-12T11:16:58,{}
94942,funnel_start,2024-01-12T11:23:30,"{""funnel_type"": ""activity""}"
94942,profile_start,2024-01-12T11:23:46,{}
94942,email_submit,2024-01-12T11:24:18,{}
94977,funnel_start,2024-01-12T11:29:33,"{""funnel_type"": ""activity""}"
94942,paywall_show,2024-01-12T11:30:27,{}
95022,funnel_start,2024-01-12T11:37:11,"{""funnel_type"": ""fasting""}"
95022,profile_start,2024-01-12T11:37:28,{}
95022,email_submit,2024-01-12T11:37:48,{}
95022,paywall_show,2024-01-12T11:43:53,{}
95125,funnel_start,2024-01-12T11:55:14,"{""funnel_type"": ""fasting""}"
95125,profile_start,2024-01-12T11:55:20,{}
95125,email_submit,2024-01-12T11:55:39,{}
95125,paywall_show,2024-01-12T12:08:22,{}
95565,funnel_start,2024-01-12T13:13:26,"{""funnel_type"": ""fasting""}"
95565,profile_start,2024-01-12T13:13:37,{}
95565,email_submit,2024-01-12T13:13:58,{}
95565,paywall_show,2024-01-12T13:26:04,{}
95699,funnel_start,2024-01-12T13:39:43,"{""funnel_type"": ""fasting""}"
95699,profile_start,2024-01-12T13:39:55,{}
95699,email_submit,2024-01-12T13:40:16,{}
95699,paywall_show,2024-01-12T13:48:33,{}
96037,funnel_start,2024-01-12T14:36:09,"{""funnel_type"": ""fasting""}"
96037,profile_start,2024-01-12T14:36:14,{}
96037,email_submit,2024-01-12T14:36:34,{}
96037,paywall_show,2024-01-12T14:42:57,{}
96376,funnel_start,2024-01-12T15:27:29,"{""funnel_type"": ""fasting""}"
96376,profile_start,2024-01-12T15:27:32,{}
96376,email_submit,2024-01-12T15:28:28,{}
96435,funnel_start,2024-01-12T15:35:38,"{""funnel_type"": ""fasting""}"
96435,profile_start,2024-01-12T15:36:00,{}
96435,email_submit,2024-01-12T15:36:23,{}
96376,paywall_show,2024-01-12T15:37:49,{}
96435,paywall_show,2024-01-12T15:44:57,{}
96511,funnel_start,2024-01-12T15:47:18,"{""funnel_type"": ""activity""}"
96511,profile_start,2024-01-12T15:47:28,{}
96511,email_submit,2024-01-12T15:47:40,{}
96511,paywall_show,2024-01-12T15:53:50,{}
96775,funnel_start,2024-01-12T16:30:43,"{""funnel_type"": ""fasting""}"
96775,profile_start,2024-01-12T16:30:49,{}
96775,email_submit,2024-01-12T16:31:21,{}
96775,paywall_show,2024-01-12T16:36:45,{}
96997,funnel_start,2024-01-12T17:08:53,"{""funnel_type"": ""fasting""}"
96997,profile_start,2024-01-12T17:09:02,{}
97074,funnel_start,2024-01-12T17:21:25,"{""funnel_type"": ""fasting""}"
97283,funnel_start,2024-01-12T17:57:26,"{""funnel_type"": ""fasting""}"
97283,profile_start,2024-01-12T17:57:40,{}
97283,email_submit,2024-01-12T17:58:17,{}
97283,paywall_show,2024-01-12T18:07:44,{}
97388,funnel_start,2024-01-12T18:14:44,"{""funnel_type"": ""activity""}"
97388,profile_start,2024-01-12T18:14:56,{}
97388,email_submit,2024-01-12T18:16:04,{}
97461,funnel_start,2024-01-12T18:26:01,"{""funnel_type"": ""fasting""}"
97388,paywall_show,2024-01-12T18:27:46,{}
97681,funnel_start,2024-01-12T19:00:12,"{""funnel_type"": ""fasting""}"
97681,profile_start,2024-01-12T19:00:22,{}
97681,email_submit,2024-01-12T19:00:36,{}
98150,funnel_start,2024-01-12T20:11:23,"{""funnel_type"": ""fasting""}"
98150,profile_start,2024-01-12T20:11:27,{}
98150,email_submit,2024-01-12T20:11:43,{}
98605,funnel_start,2024-01-12T21:11:31,"{""funnel_type"": ""yoga""}"
98605,profile_start,2024-01-12T21:11:53,{}
98605,paywall_show,2024-01-12T21:19:25,{}
98677,funnel_start,2024-01-12T21:20:59,"{""funnel_type"": ""activity""}"
98803,funnel_start,2024-01-12T21:37:22,"{""funnel_type"": ""fasting""}"
98803,profile_start,2024-01-12T21:37:34,{}
98803,email_submit,2024-01-12T21:38:02,{}
98803,paywall_show,2024-01-12T21:41:27,{}
99322,funnel_start,2024-01-12T22:45:34,"{""funnel_type"": ""fasting""}"
99322,profile_start,2024-01-12T22:45:45,{}
99505,funnel_start,2024-01-12T23:07:43,"{""funnel_type"": ""fasting""}"
99505,profile_start,2024-01-12T23:07:57,{}
99505,email_submit,2024-01-12T23:08:20,{}
99505,paywall_show,2024-01-12T23:14:46,{}
99901,funnel_start,2024-01-12T23:58:47,"{""funnel_type"": ""activity""}"
100002,funnel_start,2024-01-13T00:14:07,"{""funnel_type"": ""fasting""}"
100002,profile_start,2024-01-13T00:14:19,{}
100002,email_submit,2024-01-13T00:15:12,{}
100002,paywall_show,2024-01-13T00:21:20,{}
100074,funnel_start,2024-01-13T00:27:42,"{""funnel_type"": ""fasting""}"
100074,profile_start,2024-01-13T00:27:52,{}
100074,email_submit,2024-01-13T00:28:10,{}
100074,paywall_show,2024-01-13T00:32:48,{}
100239,funnel_start,2024-01-13T00:51:38,"{""funnel_type"": ""activity""}"
100239,profile_start,2024-01-13T00:51:44,{}
100239,email_submit,2024-01-13T00:51:50,{}
100239,paywall_show,2024-01-13T00:57:19,{}
100239,payment_done,2024-01-13T00:58:51,{}
100488,funnel_start,2024-01-13T01:36:51,"{""funnel_type"": ""activity""}"
100488,profile_start,2024-01-13T01:36:57,{}
100488,email_submit,2024-01-13T01:37:22,{}
100488,paywall_show,2024-01-13T01:44:40,{}
100683,funnel_start,2024-01-13T02:15:15,"{""funnel_type"": ""activity""}"
100903,funnel_start,2024-01-13T03:01:34,"{""funnel_type"": ""yoga""}"
100903,profile_start,2024-01-13T03:02:01,{}
100903,paywall_show,2024-01-13T03:23:28,{}
100903,payment_done,2024-01-13T03:25:04,{}
100903,email_submit,2024-01-13T03:25:13,{}
101127,funnel_start,2024-01-13T04:01:48,"{""funnel_type"": ""activity""}"
101247,funnel_start,2024-01-13T04:37:14,"{""funnel_type"": ""fasting""}"
101247,profile_start,2024-01-13T04:37:25,{}
101247,email_submit,2024-01-13T04:37:52,{}
101247,paywall_show,2024-01-13T04:53:15,{}
101687,funnel_start,2024-01-13T06:43:10,"{""funnel_type"": ""activity""}"
101687,profile_start,2024-01-13T06:43:15,{}
101687,email_submit,2024-01-13T06:43:30,{}
101687,paywall_show,2024-01-13T06:49:07,{}
101954,funnel_start,2024-01-13T07:42:28,"{""funnel_type"": ""fasting""}"
101954,profile_start,2024-01-13T07:42:50,{}
101954,email_submit,2024-01-13T07:43:10,{}
101954,paywall_show,2024-01-13T07:44:45,{}
101964,funnel_start,2024-01-13T07:45:15,"{""funnel_type"": ""fasting""}"
102093,funnel_start,2024-01-13T08:08:34,"{""funnel_type"": ""activity""}"
102093,profile_start,2024-01-13T08:08:41,{}
102093,email_submit,2024-01-13T08:09:10,{}
102182,funnel_start,2024-01-13T08:23:53,"{""funnel_type"": ""fasting""}"
102182,profile_start,2024-01-13T08:24:08,{}
102182,email_submit,2024-01-13T08:24:38,{}
102494,funnel_start,2024-01-13T09:23:31,"{""funnel_type"": ""fasting""}"
102494,profile_start,2024-01-13T09:23:39,{}
102494,email_submit,2024-01-13T09:24:01,{}
102494,paywall_show,2024-01-13T09:33:04,{}
102494,payment_done,2024-01-13T09:35:49,{}
102876,funnel_start,2024-01-13T10:30:57,"{""funnel_type"": ""activity""}"
102876,profile_start,2024-01-13T10:31:01,{}
102876,email_submit,2024-01-13T10:31:12,{}
102876,paywall_show,2024-01-13T10:36:42,{}
103630,funnel_start,2024-01-13T12:39:07,"{""funnel_type"": ""fasting""}"
103630,profile_start,2024-01-13T12:39:16,{}
103630,email_submit,2024-01-13T12:39:59,{}
103641,funnel_start,2024-01-13T12:41:13,"{""funnel_type"": ""activity""}"
103641,profile_start,2024-01-13T12:41:19,{}
103660,funnel_start,2024-01-13T12:43:43,"{""funnel_type"": ""activity""}"
103660,profile_start,2024-01-13T12:43:57,{}
103660,email_submit,2024-01-13T12:44:18,{}
103660,paywall_show,2024-01-13T12:51:51,{}
104201,funnel_start,2024-01-13T14:24:31,"{""funnel_type"": ""fasting""}"
104213,funnel_start,2024-01-13T14:27:10,"{""funnel_type"": ""fasting""}"
104213,profile_start,2024-01-13T14:27:19,{}
104213,email_submit,2024-01-13T14:27:54,{}
104235,funnel_start,2024-01-13T14:32:17,"{""funnel_type"": ""fasting""}"
104235,profile_start,2024-01-13T14:32:32,{}
104235,email_submit,2024-01-13T14:33:03,{}
104213,paywall_show,2024-01-13T14:37:18,{}
104335,funnel_start,2024-01-13T14:46:47,"{""funnel_type"": ""fasting""}"
104335,profile_start,2024-01-13T14:46:55,{}
104335,email_submit,2024-01-13T14:47:16,{}
104235,paywall_show,2024-01-13T14:50:08,{}
104357,funnel_start,2024-01-13T14:50:21,"{""funnel_type"": ""fasting""}"
104335,paywall_show,2024-01-13T15:00:31,{}
104513,funnel_start,2024-01-13T15:15:00,"{""funnel_type"": ""fasting""}"
104668,funnel_start,2024-01-13T15:39:27,"{""funnel_type"": ""fasting""}"
104668,profile_start,2024-01-13T15:39:34,{}
104668,email_submit,2024-01-13T15:39:57,{}
104668,paywall_show,2024-01-13T15:45:36,{}
104850,funnel_start,2024-01-13T16:11:10,"{""funnel_type"": ""fasting""}"
104850,profile_start,2024-01-13T16:11:20,{}
104850,email_submit,2024-01-13T16:11:52,{}
104850,paywall_show,2024-01-13T16:15:44,{}
104912,funnel_start,2024-01-13T16:21:59,"{""funnel_type"": ""fasting""}"
104912,profile_start,2024-01-13T16:22:06,{}
104912,email_submit,2024-01-13T16:22:23,{}
104912,paywall_show,2024-01-13T16:27:59,{}
105045,funnel_start,2024-01-13T16:44:53,"{""funnel_type"": ""activity""}"
105045,profile_start,2024-01-13T16:44:58,{}
105045,email_submit,2024-01-13T16:45:25,{}
105095,funnel_start,2024-01-13T16:54:58,"{""funnel_type"": ""activity""}"
105095,profile_start,2024-01-13T16:55:04,{}
105156,funnel_start,2024-01-13T17:04:57,"{""funnel_type"": ""fasting""}"
105156,profile_start,2024-01-13T17:05:12,{}
105156,email_submit,2024-01-13T17:05:33,{}
105156,paywall_show,2024-01-13T17:15:25,{}
105415,funnel_start,2024-01-13T17:50:41,"{""funnel_type"": ""yoga""}"
105415,profile_start,2024-01-13T17:50:59,{}
105415,paywall_show,2024-01-13T18:00:59,{}
105758,funnel_start,2024-01-13T18:41:12,"{""funnel_type"": ""activity""}"
105758,profile_start,2024-01-13T18:41:20,{}
105758,email_submit,2024-01-13T18:41:34,{}
105758,paywall_show,2024-01-13T18:49:28,{}
106078,funnel_start,2024-01-13T19:27:11,"{""funnel_type"": ""fasting""}"
106078,profile_start,2024-01-13T19:27:17,{}
106078,email_submit,2024-01-13T19:27:41,{}
106078,paywall_show,2024-01-13T19:34:13,{}
106225,funnel_start,2024-01-13T19:48:07,"{""funnel_type"": ""fasting""}"
106694,funnel_start,2024-01-13T20:55:14,"{""funnel_type"": ""fasting""}"
107113,funnel_start,2024-01-13T21:46:54,"{""funnel_type"": ""fasting""}"
107113,profile_start,2024-01-13T21:47:07,{}
107113,email_submit,2024-01-13T21:47:32,{}
107320,funnel_start,2024-01-13T22:12:42,"{""funnel_type"": ""activity""}"
107320,profile_start,2024-01-13T22:12:55,{}
107320,email_submit,2024-01-13T22:13:34,{}
107113,paywall_show,2024-01-13T22:16:34,{}
107320,paywall_show,2024-01-13T22:16:49,{}
107528,funnel_start,2024-01-13T22:35:37,"{""funnel_type"": ""fasting""}"
107756,funnel_start,2024-01-13T23:01:33,"{""funnel_type"": ""fasting""}"
107756,profile_start,2024-01-13T23:01:39,{}
107761,funnel_start,2024-01-13T23:02:01,"{""funnel_type"": ""fasting""}"
107756,email_submit,2024-01-13T23:02:02,{}
107761,profile_start,2024-01-13T23:02:09,{}
107761,email_submit,2024-01-13T23:03:21,{}
107761,paywall_show,2024-01-13T23:09:32,{}
107756,paywall_show,2024-01-13T23:10:59,{}
107890,funnel_start,2024-01-13T23:18:48,"{""funnel_type"": ""fasting""}"
107890,profile_start,2024-01-13T23:18:57,{}
107890,email_submit,2024-01-13T23:19:18,{}
107890,paywall_show,2024-01-13T23:33:30,{}
108091,funnel_start,2024-01-13T23:43:05,"{""funnel_type"": ""fasting""}"
108091,profile_start,2024-01-13T23:43:14,{}
108091,email_submit,2024-01-13T23:43:21,{}
108112,funnel_start,2024-01-13T23:45:20,"{""funnel_type"": ""fasting""}"
108112,profile_start,2024-01-13T23:45:36,{}
108112,email_submit,2024-01-13T23:45:55,{}
108149,funnel_start,2024-01-13T23:50:08,"{""funnel_type"": ""activity""}"
108149,profile_start,2024-01-13T23:50:17,{}
108149,email_submit,2024-01-13T23:50:32,{}
108149,paywall_show,2024-01-13T23:57:24,{}
109139,funnel_start,2024-01-14T02:26:44,"{""funnel_type"": ""activity""}"
109139,profile_start,2024-01-14T02:26:52,{}
109139,email_submit,2024-01-14T02:27:08,{}
109139,paywall_show,2024-01-14T02:36:20,{}
109196,funnel_start,2024-01-14T02:38:40,"{""funnel_type"": ""activity""}"
109196,profile_start,2024-01-14T02:38:49,{}
109196,email_submit,2024-01-14T02:39:12,{}
109196,paywall_show,2024-01-14T02:45:28,{}
109238,funnel_start,2024-01-14T02:45:34,"{""funnel_type"": ""activity""}"
109238,profile_start,2024-01-14T02:45:39,{}
109238,email_submit,2024-01-14T02:46:02,{}
109564,funnel_start,2024-01-14T04:13:18,"{""funnel_type"": ""fasting""}"
109564,profile_start,2024-01-14T04:13:32,{}
110052,funnel_start,2024-01-14T06:35:42,"{""funnel_type"": ""fasting""}"
110052,profile_start,2024-01-14T06:35:56,{}
110052,email_submit,2024-01-14T06:36:16,{}
110052,paywall_show,2024-01-14T06:46:29,{}
110278,funnel_start,2024-01-14T07:29:36,"{""funnel_type"": ""fasting""}"
110338,funnel_start,2024-01-14T07:39:26,"{""funnel_type"": ""fasting""}"
110338,profile_start,2024-01-14T07:39:31,{}
110338,email_submit,2024-01-14T07:39:47,{}
110338,paywall_show,2024-01-14T07:42:33,{}
110447,funnel_start,2024-01-14T08:01:45,"{""funnel_type"": ""fasting""}"
110447,profile_start,2024-01-14T08:02:03,{}
110447,email_submit,2024-01-14T08:02:12,{}
111650,funnel_start,2024-01-14T11:28:17,"{""funnel_type"": ""activity""}"
111650,profile_start,2024-01-14T11:28:25,{}
111650,email_submit,2024-01-14T11:28:41,{}
111650,paywall_show,2024-01-14T11:34:08,{}
112111,funnel_start,2024-01-14T12:44:13,"{""funnel_type"": ""activity""}"
112171,funnel_start,2024-01-14T12:53:58,"{""funnel_type"": ""yoga""}"
112171,profile_start,2024-01-14T12:54:10,{}
112171,paywall_show,2024-01-14T13:11:40,{}
112501,funnel_start,2024-01-14T13:56:21,"{""funnel_type"": ""yoga""}"
112501,profile_start,2024-01-14T13:56:34,{}
112654,funnel_start,2024-01-14T14:21:45,"{""funnel_type"": ""fasting""}"
112654,profile_start,2024-01-14T14:21:55,{}
112654,email_submit,2024-01-14T14:22:21,{}
113067,funnel_start,2024-01-14T15:30:37,"{""funnel_type"": ""yoga""}"
113212,funnel_start,2024-01-14T15:58:42,"{""funnel_type"": ""fasting""}"
113212,profile_start,2024-01-14T15:58:54,{}
113212,email_submit,2024-01-14T15:59:14,{}
113212,paywall_show,2024-01-14T16:08:03,{}
113212,payment_done,2024-01-14T16:09:38,{}
113315,funnel_start,2024-01-14T16:16:21,"{""funnel_type"": ""fasting""}"
113315,profile_start,2024-01-14T16:16:28,{}
113315,email_submit,2024-01-14T16:16:54,{}
113330,funnel_start,2024-01-14T16:19:29,"{""funnel_type"": ""fasting""}"
113341,funnel_start,2024-01-14T16:21:07,"{""funnel_type"": ""fasting""}"
113341,profile_start,2024-01-14T16:21:20,{}
113341,email_submit,2024-01-14T16:21:29,{}
113315,paywall_show,2024-01-14T16:25:17,{}
113372,funnel_start,2024-01-14T16:26:33,"{""funnel_type"": ""fasting""}"
113315,payment_done,2024-01-14T16:27:45,{}
113341,paywall_show,2024-01-14T16:28:33,{}
113387,funnel_start,2024-01-14T16:29:27,"{""funnel_type"": ""activity""}"
113901,funnel_start,2024-01-14T17:54:59,"{""funnel_type"": ""yoga""}"
114135,funnel_start,2024-01-14T18:30:03,"{""funnel_type"": ""fasting""}"
114135,profile_start,2024-01-14T18:30:15,{}
114135,email_submit,2024-01-14T18:30:42,{}
114135,paywall_show,2024-01-14T18:47:56,{}
114471,funnel_start,2024-01-14T19:19:30,"{""funnel_type"": ""fasting""}"
114471,profile_start,2024-01-14T19:19:39,{}
114471,email_submit,2024-01-14T19:19:55,{}
114471,paywall_show,2024-01-14T19:27:26,{}
114582,funnel_start,2024-01-14T19:34:07,"{""funnel_type"": ""activity""}"
114582,profile_start,2024-01-14T19:34:14,{}
114642,funnel_start,2024-01-14T19:41:14,"{""funnel_type"": ""activity""}"
114913,funnel_start,2024-01-14T20:19:54,"{""funnel_type"": ""fasting""}"
114913,profile_start,2024-01-14T20:20:02,{}
114913,email_submit,2024-01-14T20:20:54,{}
114913,paywall_show,2024-01-14T20:30:41,{}
115123,funnel_start,2024-01-14T20:48:54,"{""funnel_type"": ""fasting""}"
115123,profile_start,2024-01-14T20:49:07,{}
115123,email_submit,2024-01-14T20:49:25,{}
115138,funnel_start,2024-01-14T20:50:01,"{""funnel_type"": ""fasting""}"
115138,profile_start,2024-01-14T20:50:05,{}
115138,email_submit,2024-01-14T20:50:20,{}
115123,paywall_show,2024-01-14T20:58:07,{}
115138,paywall_show,2024-01-14T21:02:12,{}
115138,payment_done,2024-01-14T21:05:25,{}
115331,funnel_start,2024-01-14T21:17:36,"{""funnel_type"": ""fasting""}"
115331,profile_start,2024-01-14T21:17:41,{}
115331,email_submit,2024-01-14T21:17:58,{}
115345,funnel_start,2024-01-14T21:19:25,"{""funnel_type"": ""activity""}"
115358,funnel_start,2024-01-14T21:21:38,"{""funnel_type"": ""fasting""}"
115358,profile_start,2024-01-14T21:21:46,{}
115358,email_submit,2024-01-14T21:21:58,{}
115331,paywall_show,2024-01-14T21:26:24,{}
115358,paywall_show,2024-01-14T21:27:50,{}
115581,funnel_start,2024-01-14T21:47:48,"{""funnel_type"": ""fasting""}"
115581,profile_start,2024-01-14T21:47:53,{}
115581,email_submit,2024-01-14T21:48:30,{}
115581,paywall_show,2024-01-14T21:56:07,{}
115771,funnel_start,2024-01-14T22:09:06,"{""funnel_type"": ""fasting""}"
115771,profile_start,2024-01-14T22:09:20,{}
115771,email_submit,2024-01-14T22:09:37,{}
115846,funnel_start,2024-01-14T22:17:39,"{""funnel_type"": ""yoga""}"
115771,paywall_show,2024-01-14T22:21:55,{}
116043,funnel_start,2024-01-14T22:39:40,"{""funnel_type"": ""fasting""}"
116098,funnel_start,2024-01-14T22:46:07,"{""funnel_type"": ""activity""}"
116098,profile_start,2024-01-14T22:46:12,{}
116098,email_submit,2024-01-14T22:46:48,{}
116098,paywall_show,2024-01-14T22:57:20,{}
116535,funnel_start,2024-01-14T23:40:52,"{""funnel_type"": ""fasting""}"
116535,profile_start,2024-01-14T23:41:03,{}
116535,email_submit,2024-01-14T23:41:23,{}
116592,funnel_start,2024-01-14T23:47:31,"{""funnel_type"": ""fasting""}"
116592,profile_start,2024-01-14T23:47:46,{}
116592,email_submit,2024-01-14T23:48:03,{}
116535,paywall_show,2024-01-14T23:52:40,{}
116592,paywall_show,2024-01-14T23:56:37,{}
116802,funnel_start,2024-01-15T00:19:09,"{""funnel_type"": ""fasting""}"
116802,profile_start,2024-01-15T00:19:17,{}
116802,email_submit,2024-01-15T00:19:50,{}
116802,paywall_show,2024-01-15T00:28:24,{}
117219,funnel_start,2024-01-15T01:24:35,"{""funnel_type"": ""activity""}"
117319,funnel_start,2024-01-15T01:41:11,"{""funnel_type"": ""fasting""}"
117319,profile_start,2024-01-15T01:41:21,{}
117319,email_submit,2024-01-15T01:41:39,{}
117319,paywall_show,2024-01-15T01:48:38,{}
117423,funnel_start,2024-01-15T01:57:59,"{""funnel_type"": ""fasting""}"
117690,funnel_start,2024-01-15T02:51:41,"{""funnel_type"": ""fasting""}"
117690,profile_start,2024-01-15T02:51:47,{}
117690,email_submit,2024-01-15T02:52:03,{}
117690,paywall_show,2024-01-15T03:00:40,{}
117690,payment_done,2024-01-15T03:01:38,{}
117745,funnel_start,2024-01-15T03:05:42,"{""funnel_type"": ""fasting""}"
117745,profile_start,2024-01-15T03:05:50,{}
117745,email_submit,2024-01-15T03:06:09,{}
117748,funnel_start,2024-01-15T03:06:34,"{""funnel_type"": ""fasting""}"
117748,profile_start,2024-01-15T03:06:44,{}
117748,email_submit,2024-01-15T03:06:59,{}
117745,paywall_show,2024-01-15T03:13:21,{}
117748,paywall_show,2024-01-15T03:17:33,{}
118006,funnel_start,2024-01-15T04:18:20,"{""funnel_type"": ""fasting""}"
118006,profile_start,2024-01-15T04:18:27,{}
118006,email_submit,2024-01-15T04:18:57,{}
118006,paywall_show,2024-01-15T04:33:21,{}
118209,funnel_start,2024-01-15T05:19:29,"{""funnel_type"": ""fasting""}"
118209,profile_start,2024-01-15T05:19:44,{}
118523,funnel_start,2024-01-15T06:44:17,"{""funnel_type"": ""fasting""}"
118523,profile_start,2024-01-15T06:44:26,{}
118592,funnel_start,2024-01-15T07:04:02,"{""funnel_type"": ""fasting""}"
118592,profile_start,2024-01-15T07:04:08,{}
118703,funnel_start,2024-01-15T07:28:04,"{""funnel_type"": ""fasting""}"
118703,profile_start,2024-01-15T07:28:13,{}
118703,email_submit,2024-01-15T07:28:32,{}
118703,paywall_show,2024-01-15T07:38:25,{}
118842,funnel_start,2024-01-15T07:57:58,"{""funnel_type"": ""activity""}"
118949,experiment_exposure,2024-01-15T08:19:39,"{""experiment_name"": ""exp_3"", ""experiment_group"": ""test""}"
118949,funnel_start,2024-01-15T08:19:39,"{""funnel_type"": ""fasting""}"
118949,profile_start,2024-01-15T08:19:46,{}
118949,email_submit,2024-01-15T08:19:58,{}
118949,paywall_show,2024-01-15T08:27:59,{}
119560,funnel_start,2024-01-15T10:10:57,"{""funnel_type"": ""activity""}"
119619,experiment_exposure,2024-01-15T10:19:24,"{""experiment_name"": ""exp_3"", ""experiment_group"": ""control""}"
119619,funnel_start,2024-01-15T10:19:24,"{""funnel_type"": ""yoga""}"
119619,profile_start,2024-01-15T10:19:37,{}
119636,funnel_start,2024-01-15T10:22:00,"{""funnel_type"": ""fasting""}"
119619,paywall_show,2024-01-15T10:29:15,{}
119834,funnel_start,2024-01-15T10:57:27,"{""funnel_type"": ""fasting""}"
119834,experiment_exposure,2024-01-15T10:57:27,"{""experiment_name"": ""exp_3"", ""experiment_group"": ""test""}"
119834,profile_start,2024-01-15T10:57:38,{}
119834,email_submit,2024-01-15T10:58:10,{}
119834,paywall_show,2024-01-15T11:07:15,{}
120000,funnel_start,2024-01-15T11:24:16,"{""funnel_type"": ""activity""}"
120141,funnel_start,2024-01-15T11:47:38,"{""funnel_type"": ""fasting""}"
120141,profile_start,2024-01-15T11:48:07,{}
120141,email_submit,2024-01-15T11:49:25,{}
120215,funnel_start,2024-01-15T12:01:11,"{""funnel_type"": ""yoga""}"
120215,profile_start,2024-01-15T12:01:33,{}
120450,funnel_start,2024-01-15T12:43:54,"{""funnel_type"": ""activity""}"
120450,experiment_exposure,2024-01-15T12:43:54,"{""experiment_name"": ""exp_3"", ""experiment_group"": ""test""}"
120450,profile_start,2024-01-15T12:44:00,{}
120450,email_submit,2024-01-15T12:44:23,{}
120646,funnel_start,2024-01-15T13:21:29,"{""funnel_type"": ""yoga""}"
121584,funnel_start,2024-01-15T16:05:53,"{""funnel_type"": ""activity""}"
121584,profile_start,2024-01-15T16:06:02,{}
121584,email_submit,2024-01-15T16:06:37,{}
121613,funnel_start,2024-01-15T16:10:40,"{""funnel_type"": ""fasting""}"
121613,profile_start,2024-01-15T16:10:48,{}
121613,email_submit,2024-01-15T16:11:12,{}
121613,paywall_show,2024-01-15T16:19:44,{}
121584,paywall_show,2024-01-15T16:25:41,{}
122338,funnel_start,2024-01-15T18:06:20,"{""funnel_type"": ""activity""}"
122581,funnel_start,2024-01-15T18:39:21,"{""funnel_type"": ""activity""}"
122581,profile_start,2024-01-15T18:39:26,{}
122581,email_submit,2024-01-15T18:40:09,{}
122581,paywall_show,2024-01-15T18:45:07,{}
122581,payment_done,2024-01-15T18:45:55,{}
123261,funnel_start,2024-01-15T20:21:36,"{""funnel_type"": ""activity""}"
123261,profile_start,2024-01-15T20:21:46,{}
123261,email_submit,2024-01-15T20:22:07,{}
123261,paywall_show,2024-01-15T20:29:55,{}
123353,funnel_start,2024-01-15T20:35:38,"{""funnel_type"": ""fasting""}"
123435,funnel_start,2024-01-15T20:46:16,"{""funnel_type"": ""fasting""}"
123435,profile_start,2024-01-15T20:46:24,{}
123435,email_submit,2024-01-15T20:47:17,{}
123494,funnel_start,2024-01-15T20:54:55,"{""funnel_type"": ""fasting""}"
123494,profile_start,2024-01-15T20:55:13,{}
123494,email_submit,2024-01-15T20:55:32,{}
123494,paywall_show,2024-01-15T21:01:21,{}
123551,funnel_start,2024-01-15T21:03:21,"{""funnel_type"": ""activity""}"
123551,experiment_exposure,2024-01-15T21:03:21,"{""experiment_name"": ""exp_3"", ""experiment_group"": ""control""}"
123551,profile_start,2024-01-15T21:03:25,{}
123551,email_submit,2024-01-15T21:04:16,{}
123551,paywall_show,2024-01-15T21:10:00,{}
123819,funnel_start,2024-01-15T21:37:58,"{""funnel_type"": ""activity""}"
124022,funnel_start,2024-01-15T21:59:27,"{""funnel_type"": ""activity""}"
124022,experiment_exposure,2024-01-15T21:59:27,"{""experiment_name"": ""exp_3"", ""experiment_group"": ""control""}"
124022,profile_start,2024-01-15T21:59:32,{}
124379,funnel_start,2024-01-15T22:38:05,"{""funnel_type"": ""fasting""}"
124508,funnel_start,2024-01-15T22:53:38,"{""funnel_type"": ""fasting""}"
124508,experiment_exposure,2024-01-15T22:53:38,"{""experiment_name"": ""exp_3"", ""experiment_group"": ""test""}"
124508,profile_start,2024-01-15T22:53:51,{}
124508,email_submit,2024-01-15T22:54:31,{}
124508,paywall_show,2024-01-15T23:05:55,{}
124699,funnel_start,2024-01-15T23:18:08,"{""funnel_type"": ""activity""}"
124699,experiment_exposure,2024-01-15T23:18:08,"{""experiment_name"": ""exp_3"", ""experiment_group"": ""control""}"
124732,funnel_start,2024-01-15T23:22:43,"{""funnel_type"": ""fasting""}"
124732,experiment_exposure,2024-01-15T23:22:43,"{""experiment_name"": ""exp_3"", ""experiment_group"": ""control""}"
124823,funnel_start,2024-01-15T23:32:56,"{""funnel_type"": ""fasting""}"
124823,experiment_exposure,2024-01-15T23:33:13,"{""experiment_name"": ""exp_5"", ""experiment_group"": ""test""}"
124823,profile_start,2024-01-15T23:33:13,{}
124823,email_submit,2024-01-15T23:33:34,{}
124823,paywall_show,2024-01-15T23:45:29,{}
124951,funnel_start,2024-01-15T23:47:31,"{""funnel_type"": ""activity""}"
125145,funnel_start,2024-01-16T00:15:48,"{""funnel_type"": ""fasting""}"
125145,profile_start,2024-01-16T00:15:55,{}
125145,email_submit,2024-01-16T00:16:06,{}
125145,paywall_show,2024-01-16T00:24:22,{}
125456,experiment_exposure,2024-01-16T01:03:17,"{""experiment_name"": ""exp_3"", ""experiment_group"": ""test""}"
125456,funnel_start,2024-01-16T01:03:17,"{""funnel_type"": ""activity""}"
125701,funnel_start,2024-01-16T01:41:15,"{""funnel_type"": ""fasting""}"
125701,profile_start,2024-01-16T01:41:21,{}
125701,email_submit,2024-01-16T01:41:29,{}
125738,funnel_start,2024-01-16T01:46:04,"{""funnel_type"": ""activity""}"
125701,paywall_show,2024-01-16T01:53:06,{}
125786,funnel_start,2024-01-16T01:54:18,"{""funnel_type"": ""fasting""}"
125786,profile_start,2024-01-16T01:54:34,{}
125999,funnel_start,2024-01-16T02:35:12,"{""funnel_type"": ""fasting""}"
125999,profile_start,2024-01-16T02:35:22,{}
125999,email_submit,2024-01-16T02:35:51,{}
125999,paywall_show,2024-01-16T02:44:05,{}
126201,funnel_start,2024-01-16T03:28:01,"{""funnel_type"": ""fasting""}"
126225,funnel_start,2024-01-16T03:32:02,"{""funnel_type"": ""activity""}"
126225,experiment_exposure,2024-01-16T03:32:02,"{""experiment_name"": ""exp_3"", ""experiment_group"": ""test""}"
126225,profile_start,2024-01-16T03:32:07,{}
126225,email_submit,2024-01-16T03:32:20,{}
126225,paywall_show,2024-01-16T03:42:31,{}
126313,funnel_start,2024-01-16T03:53:10,"{""funnel_type"": ""yoga""}"
126313,profile_start,2024-01-16T03:53:22,{}
126313,paywall_show,2024-01-16T04:21:09,{}
126817,funnel_start,2024-01-16T06:17:57,"{""funnel_type"": ""fasting""}"
126817,profile_start,2024-01-16T06:18:10,{}
126817,email_submit,2024-01-16T06:18:23,{}
126817,paywall_show,2024-01-16T06:31:32,{}
127174,funnel_start,2024-01-16T07:42:39,"{""funnel_type"": ""fasting""}"
127174,profile_start,2024-01-16T07:42:46,{}
127174,email_submit,2024-01-16T07:43:28,{}
127174,paywall_show,2024-01-16T07:54:04,{}
127422,funnel_start,2024-01-16T08:30:46,"{""funnel_type"": ""activity""}"
127422,profile_start,2024-01-16T08:30:58,{}
127422,email_submit,2024-01-16T08:31:10,{}
127422,paywall_show,2024-01-16T08:32:56,{}
127664,funnel_start,2024-01-16T09:15:58,"{""funnel_type"": ""activity""}"
127664,experiment_exposure,2024-01-16T09:15:58,"{""experiment_name"": ""exp_3"", ""experiment_group"": ""test""}"
127871,funnel_start,2024-01-16T09:53:38,"{""funnel_type"": ""yoga""}"
127871,experiment_exposure,2024-01-16T09:53:38,"{""experiment_name"": ""exp_3"", ""experiment_group"": ""test""}"
127871,profile_start,2024-01-16T09:53:46,{}
127888,experiment_exposure,2024-01-16T09:56:30,"{""experiment_name"": ""exp_3"", ""experiment_group"": ""test""}"
127888,funnel_start,2024-01-16T09:56:30,"{""funnel_type"": ""activity""}"
127888,profile_start,2024-01-16T09:56:43,{}
127888,email_submit,2024-01-16T09:57:00,{}
127871,paywall_show,2024-01-16T10:00:26,{}
128051,funnel_start,2024-01-16T10:18:11,"{""funnel_type"": ""fasting""}"
128053,funnel_start,2024-01-16T10:18:30,"{""funnel_type"": ""activity""}"
128053,experiment_exposure,2024-01-16T10:18:35,"{""experiment_name"": ""exp_5"", ""experiment_group"": ""control""}"
128053,profile_start,2024-01-16T10:18:35,{}
128053,email_submit,2024-01-16T10:18:56,{}
128329,funnel_start,2024-01-16T11:07:16,"{""funnel_type"": ""fasting""}"
128329,profile_start,2024-01-16T11:07:23,{}
128329,email_submit,2024-01-16T11:07:45,{}
128365,funnel_start,2024-01-16T11:12:09,"{""funnel_type"": ""fasting""}"
128365,experiment_exposure,2024-01-16T11:12:09,"{""experiment_name"": ""exp_3"", ""experiment_group"": ""test""}"
128365,profile_start,2024-01-16T11:12:25,{}
128365,email_submit,2024-01-16T11:12:49,{}
128365,paywall_show,2024-01-16T11:15:29,{}
128329,paywall_show,2024-01-16T11:16:44,{}
128479,funnel_start,2024-01-16T11:32:00,"{""funnel_type"": ""fasting""}"
128479,profile_start,2024-01-16T11:32:08,{}
128651,funnel_start,2024-01-16T12:06:11,"{""funnel_type"": ""activity""}"
128651,profile_start,2024-01-16T12:06:17,{}
128651,email_submit,2024-01-16T12:06:32,{}
128651,paywall_show,2024-01-16T12:23:02,{}
128651,payment_done,2024-01-16T12:23:28,{}
128924,funnel_start,2024-01-16T12:56:49,"{""funnel_type"": ""yoga""}"
128924,experiment_exposure,2024-01-16T12:56:49,"{""experiment_name"": ""exp_3"", ""experiment_group"": ""control""}"
128924,profile_start,2024-01-16T12:57:00,{}
128964,funnel_start,2024-01-16T13:03:20,"{""funnel_type"": ""fasting""}"
128964,experiment_exposure,2024-01-16T13:03:20,"{""experiment_name"": ""exp_3"", ""experiment_group"": ""control""}"
128964,profile_start,2024-01-16T13:03:37,{}
128964,email_submit,2024-01-16T13:03:51,{}
128970,funnel_start,2024-01-16T13:05:28,"{""funnel_type"": ""fasting""}"
128970,profile_start,2024-01-16T13:05:43,{}
128970,email_submit,2024-01-16T13:06:37,{}
128964,paywall_show,2024-01-16T13:10:16,{}
128970,paywall_show,2024-01-16T13:13:57,{}
129018,funnel_start,2024-01-16T13:14:51,"{""funnel_type"": ""activity""}"
129018,experiment_exposure,2024-01-16T13:14:51,"{""experiment_name"": ""exp_3"", ""experiment_group"": ""test""}"
128924,paywall_show,2024-01-16T13:18:35,{}
129273,funnel_start,2024-01-16T13:58:43,"{""funnel_type"": ""fasting""}"
129361,funnel_start,2024-01-16T14:17:03,"{""funnel_type"": ""fasting""}"
129361,profile_start,2024-01-16T14:17:17,{}
129361,email_submit,2024-01-16T14:17:39,{}
129429,funnel_start,2024-01-16T14:28:22,"{""funnel_type"": ""fasting""}"
129429,profile_start,2024-01-16T14:28:34,{}
129429,email_submit,2024-01-16T14:29:07,{}
129361,paywall_show,2024-01-16T14:33:53,{}
129429,paywall_show,2024-01-16T14:37:12,{}
129818,funnel_start,2024-01-16T15:34:39,"{""funnel_type"": ""fasting""}"
130068,funnel_start,2024-01-16T16:14:02,"{""funnel_type"": ""activity""}"
130068,profile_start,2024-01-16T16:14:09,{}
130068,email_submit,2024-01-16T16:14:32,{}
130110,funnel_start,2024-01-16T16:19:54,"{""funnel_type"": ""activity""}"
130110,profile_start,2024-01-16T16:20:05,{}
130110,email_submit,2024-01-16T16:20:24,{}
130110,paywall_show,2024-01-16T16:24:00,{}
130277,funnel_start,2024-01-16T16:46:58,"{""funnel_type"": ""fasting""}"
130277,experiment_exposure,2024-01-16T16:46:58,"{""experiment_name"": ""exp_3"", ""experiment_group"": ""control""}"
130277,profile_start,2024-01-16T16:47:10,{}
130277,email_submit,2024-01-16T16:47:57,{}
130333,funnel_start,2024-01-16T16:55:09,"{""funnel_type"": ""fasting""}"
130333,profile_start,2024-01-16T16:55:17,{}
130333,email_submit,2024-01-16T16:55:30,{}
130277,paywall_show,2024-01-16T16:56:56,{}
130495,funnel_start,2024-01-16T17:20:03,"{""funnel_type"": ""fasting""}"
130495,profile_start,2024-01-16T17:20:19,{}
130495,email_submit,2024-01-16T17:21:16,{}
130495,paywall_show,2024-01-16T17:28:13,{}
130997,experiment_exposure,2024-01-16T18:37:25,"{""experiment_name"": ""exp_3"", ""experiment_group"": ""control""}"
130997,funnel_start,2024-01-16T18:37:25,"{""funnel_type"": ""activity""}"
131552,experiment_exposure,2024-01-16T20:04:07,"{""experiment_name"": ""exp_3"", ""experiment_group"": ""test""}"
131552,funnel_start,2024-01-16T20:04:07,"{""funnel_type"": ""fasting""}"
131552,profile_start,2024-01-16T20:04:13,{}
131552,email_submit,2024-01-16T20:04:24,{}
131639,experiment_exposure,2024-01-16T20:18:05,"{""experiment_name"": ""exp_3"", ""experiment_group"": ""control""}"
131639,funnel_start,2024-01-16T20:18:05,"{""funnel_type"": ""activity""}"
131552,paywall_show,2024-01-16T20:18:06,{}
131639,profile_start,2024-01-16T20:18:11,{}
131639,email_submit,2024-01-16T20:18:20,{}
131639,paywall_show,2024-01-16T20:24:58,{}
131914,funnel_start,2024-01-16T20:55:55,"{""funnel_type"": ""activity""}"
131914,experiment_exposure,2024-01-16T20:55:55,"{""experiment_name"": ""exp_3"", ""experiment_group"": ""test""}"
131914,profile_start,2024-01-16T20:56:01,{}
131914,email_submit,2024-01-16T20:56:19,{}
131914,paywall_show,2024-01-16T21:02:52,{}
132176,experiment_exposure,2024-01-16T21:29:56,"{""experiment_name"": ""exp_3"", ""experiment_group"": ""test""}"
132176,funnel_start,2024-01-16T21:29:56,"{""funnel_type"": ""fasting""}"
132176,profile_start,2024-01-16T21:30:06,{}
132176,email_submit,2024-01-16T21:30:42,{}
132270,funnel_start,2024-01-16T21:42:11,"{""funnel_type"": ""activity""}"
132270,profile_start,2024-01-16T21:42:16,{}
132270,email_submit,2024-01-16T21:42:41,{}
132270,paywall_show,2024-01-16T21:45:02,{}
132176,paywall_show,2024-01-16T21:45:08,{}
132656,experiment_exposure,2024-01-16T22:31:24,"{""experiment_name"": ""exp_3"", ""experiment_group"": ""control""}"
132656,funnel_start,2024-01-16T22:31:24,"{""funnel_type"": ""fasting""}"
132656,profile_start,2024-01-16T22:31:35,{}
132656,email_submit,2024-01-16T22:31:54,{}
132656,paywall_show,2024-01-16T22:34:44,{}
132693,funnel_start,2024-01-16T22:35:29,"{""funnel_type"": ""fasting""}"
132656,payment_done,2024-01-16T22:37:10,{}
133285,experiment_exposure,2024-01-16T23:54:16,"{""experiment_name"": ""exp_3"", ""experiment_group"": ""test""}"
133285,funnel_start,2024-01-16T23:54:16,"{""funnel_type"": ""activity""}"
133285,profile_start,2024-01-16T23:54:24,{}
133285,email_submit,2024-01-16T23:54:41,{}
133464,funnel_start,2024-01-17T00:21:35,"{""funnel_type"": ""fasting""}"
133464,profile_start,2024-01-17T00:21:58,{}
133464,email_submit,2024-01-17T00:22:35,{}
133464,paywall_show,2024-01-17T00:29:16,{}
133616,funnel_start,2024-01-17T00:43:04,"{""funnel_type"": ""fasting""}"
133616,profile_start,2024-01-17T00:43:28,{}
133616,email_submit,2024-01-17T00:43:50,{}
133616,paywall_show,2024-01-17T00:50:22,{}
133717,funnel_start,2024-01-17T01:01:26,"{""funnel_type"": ""activity""}"
133806,experiment_exposure,2024-01-17T01:16:30,"{""experiment_name"": ""exp_3"", ""experiment_group"": ""control""}"
133806,funnel_start,2024-01-17T01:16:30,"{""funnel_type"": ""activity""}"
133806,profile_start,2024-01-17T01:16:36,{}
133806,email_submit,2024-01-17T01:16:46,{}
133806,paywall_show,2024-01-17T01:24:32,{}
133902,funnel_start,2024-01-17T01:36:14,"{""funnel_type"": ""activity""}"
133902,profile_start,2024-01-17T01:36:26,{}
133902,email_submit,2024-01-17T01:36:34,{}
133902,paywall_show,2024-01-17T01:49:22,{}
134186,funnel_start,2024-01-17T02:27:30,"{""funnel_type"": ""activity""}"
134186,profile_start,2024-01-17T02:27:40,{}
134186,email_submit,2024-01-17T02:28:06,{}
134216,funnel_start,2024-01-17T02:32:18,"{""funnel_type"": ""activity""}"
134216,profile_start,2024-01-17T02:32:23,{}
134216,email_submit,2024-01-17T02:32:37,{}
134216,paywall_show,2024-01-17T02:37:43,{}
134703,experiment_exposure,2024-01-17T04:31:04,"{""experiment_name"": ""exp_3"", ""experiment_group"": ""control""}"
134703,funnel_start,2024-01-17T04:31:04,"{""funnel_type"": ""fasting""}"
134847,experiment_exposure,2024-01-17T05:13:12,"{""experiment_name"": ""exp_3"", ""experiment_group"": ""control""}"
134847,funnel_start,2024-01-17T05:13:12,"{""funnel_type"": ""fasting""}"
134847,profile_start,2024-01-17T05:13:35,{}
134847,email_submit,2024-01-17T05:14:07,{}
134847,paywall_show,2024-01-17T05:25:26,{}
134924,funnel_start,2024-01-17T05:33:16,"{""funnel_type"": ""fasting""}"
134924,profile_start,2024-01-17T05:33:25,{}
134924,email_submit,2024-01-17T05:34:00,{}
134924,paywall_show,2024-01-17T05:39:54,{}
134986,funnel_start,2024-01-17T05:51:10,"{""funnel_type"": ""activity""}"
134986,profile_start,2024-01-17T05:51:15,{}
134986,email_submit,2024-01-17T05:51:39,{}
134986,paywall_show,2024-01-17T06:04:21,{}
135049,funnel_start,2024-01-17T06:11:54,"{""funnel_type"": ""fasting""}"
135049,profile_start,2024-01-17T06:12:00,{}
135049,email_submit,2024-01-17T06:12:27,{}
135120,funnel_start,2024-01-17T06:29:30,"{""funnel_type"": ""activity""}"
135120,profile_start,2024-01-17T06:29:34,{}
135120,email_submit,2024-01-17T06:29:42,{}
135142,funnel_start,2024-01-17T06:34:53,"{""funnel_type"": ""yoga""}"
135142,experiment_exposure,2024-01-17T06:34:53,"{""experiment_name"": ""exp_3"", ""experiment_group"": ""test""}"
135142,profile_start,2024-01-17T06:35:03,{}
135142,paywall_show,2024-01-17T06:40:43,{}
135120,paywall_show,2024-01-17T06:43:41,{}
135208,funnel_start,2024-01-17T06:53:48,"{""funnel_type"": ""fasting""}"
135208,profile_start,2024-01-17T06:53:59,{}
135208,email_submit,2024-01-17T06:54:19,{}
135208,paywall_show,2024-01-17T07:08:02,{}
135659,funnel_start,2024-01-17T08:18:17,"{""funnel_type"": ""activity""}"
135659,profile_start,2024-01-17T08:18:33,{}
135659,email_submit,2024-01-17T08:18:55,{}
135659,paywall_show,2024-01-17T08:26:54,{}
135857,funnel_start,2024-01-17T08:57:10,"{""funnel_type"": ""fasting""}"
135857,experiment_exposure,2024-01-17T08:57:14,"{""experiment_name"": ""exp_5"", ""experiment_group"": ""test""}"
135857,profile_start,2024-01-17T08:57:14,{}
135857,email_submit,2024-01-17T08:57:26,{}
135857,paywall_show,2024-01-17T09:08:57,{}
136059,funnel_start,2024-01-17T09:30:05,"{""funnel_type"": ""activity""}"
136059,experiment_exposure,2024-01-17T09:30:05,"{""experiment_name"": ""exp_3"", ""experiment_group"": ""test""}"
136059,profile_start,2024-01-17T09:30:24,{}
136059,email_submit,2024-01-17T09:30:41,{}
136059,paywall_show,2024-01-17T09:34:36,{}
136152,funnel_start,2024-01-17T09:47:21,"{""funnel_type"": ""fasting""}"
136152,profile_start,2024-01-17T09:47:36,{}
136152,email_submit,2024-01-17T09:48:01,{}
136152,paywall_show,2024-01-17T09:54:11,{}
136593,funnel_start,2024-01-17T11:09:25,"{""funnel_type"": ""fasting""}"
136593,profile_start,2024-01-17T11:09:35,{}
136593,email_submit,2024-01-17T11:09:53,{}
136593,paywall_show,2024-01-17T11:17:12,{}
136680,funnel_start,2024-01-17T11:23:28,"{""funnel_type"": ""activity""}"
136680,experiment_exposure,2024-01-17T11:23:34,"{""experiment_name"": ""exp_5"", ""experiment_group"": ""control""}"
136680,profile_start,2024-01-17T11:23:34,{}
136680,email_submit,2024-01-17T11:23:45,{}
136680,paywall_show,2024-01-17T11:35:44,{}
136680,payment_done,2024-01-17T11:37:31,{}
136767,funnel_start,2024-01-17T11:38:04,"{""funnel_type"": ""activity""}"
136767,profile_start,2024-01-17T11:38:12,{}
136767,experiment_exposure,2024-01-17T11:38:12,"{""experiment_name"": ""exp_5"", ""experiment_group"": ""control""}"
136767,email_submit,2024-01-17T11:38:35,{}
136767,paywall_show,2024-01-17T11:42:03,{}
136872,funnel_start,2024-01-17T11:54:34,"{""funnel_type"": ""fasting""}"
136872,profile_start,2024-01-17T11:54:46,{}
136872,email_submit,2024-01-17T11:55:05,{}
136872,paywall_show,2024-01-17T12:03:23,{}
137067,funnel_start,2024-01-17T12:26:07,"{""funnel_type"": ""yoga""}"
137067,profile_start,2024-01-17T12:26:18,{}
137262,experiment_exposure,2024-01-17T13:00:48,"{""experiment_name"": ""exp_3"", ""experiment_group"": ""test""}"
137262,funnel_start,2024-01-17T13:00:48,"{""funnel_type"": ""fasting""}"
137306,funnel_start,2024-01-17T13:09:43,"{""funnel_type"": ""fasting""}"
137306,profile_start,2024-01-17T13:09:52,{}
137306,email_submit,2024-01-17T13:10:11,{}
137455,funnel_start,2024-01-17T13:36:08,"{""funnel_type"": ""fasting""}"
137455,profile_start,2024-01-17T13:36:14,{}
137455,email_submit,2024-01-17T13:36:30,{}
137624,funnel_start,2024-01-17T14:09:02,"{""funnel_type"": ""fasting""}"
137624,experiment_exposure,2024-01-17T14:09:02,"{""experiment_name"": ""exp_3"", ""experiment_group"": ""control""}"
137624,profile_start,2024-01-17T14:09:15,{}
137624,email_submit,2024-01-17T14:09:40,{}
137624,paywall_show,2024-01-17T14:21:22,{}
137781,funnel_start,2024-01-17T14:34:46,"{""funnel_type"": ""yoga""}"
137781,profile_start,2024-01-17T14:35:04,{}
137781,paywall_show,2024-01-17T14:43:14,{}
137781,payment_done,2024-01-17T14:46:24,{}
137781,email_submit,2024-01-17T14:46:44,{}
137862,funnel_start,2024-01-17T14:48:04,"{""funnel_type"": ""activity""}"
137862,experiment_exposure,2024-01-17T14:48:04,"{""experiment_name"": ""exp_3"", ""experiment_group"": ""test""}"
137862,profile_start,2024-01-17T14:48:09,{}
137862,email_submit,2024-01-17T14:48:30,{}
137862,paywall_show,2024-01-17T14:53:00,{}
138402,funnel_start,2024-01-17T16:18:21,"{""funnel_type"": ""fasting""}"
138402,profile_start,2024-01-17T16:18:30,{}
138402,email_submit,2024-01-17T16:18:51,{}
138559,experiment_exposure,2024-01-17T16:46:16,"{""experiment_name"": ""exp_3"", ""experiment_group"": ""test""}"
138559,funnel_start,2024-01-17T16:46:16,"{""funnel_type"": ""activity""}"
138559,profile_start,2024-01-17T16:46:20,{}
138559,email_submit,2024-01-17T16:46:34,{}
138666,funnel_start,2024-01-17T17:04:55,"{""funnel_type"": ""activity""}"
138666,profile_start,2024-01-17T17:04:58,{}
138666,email_submit,2024-01-17T17:05:19,{}
138666,paywall_show,2024-01-17T17:13:26,{}
138801,funnel_start,2024-01-17T17:28:40,"{""funnel_type"": ""fasting""}"
138801,profile_start,2024-01-17T17:28:58,{}
138801,email_submit,2024-01-17T17:29:06,{}
138801,paywall_show,2024-01-17T17:41:50,{}
139017,funnel_start,2024-01-17T18:04:44,"{""funnel_type"": ""yoga""}"
139017,profile_start,2024-01-17T18:04:55,{}
139052,funnel_start,2024-01-17T18:09:39,"{""funnel_type"": ""fasting""}"
139052,profile_start,2024-01-17T18:09:52,{}
139089,funnel_start,2024-01-17T18:16:06,"{""funnel_type"": ""yoga""}"
139089,experiment_exposure,2024-01-17T18:16:19,"{""experiment_name"": ""exp_5"", ""experiment_group"": ""test""}"
139089,profile_start,2024-01-17T18:16:19,{}
139089,paywall_show,2024-01-17T18:24:00,{}
139137,funnel_start,2024-01-17T18:26:31,"{""funnel_type"": ""fasting""}"
139137,profile_start,2024-01-17T18:26:41,{}
139137,email_submit,2024-01-17T18:26:57,{}
139137,paywall_show,2024-01-17T18:37:06,{}
139427,funnel_start,2024-01-17T19:10:16,"{""funnel_type"": ""fasting""}"
139427,profile_start,2024-01-17T19:10:29,{}
139427,email_submit,2024-01-17T19:10:37,{}
139427,paywall_show,2024-01-17T19:16:50,{}
139638,experiment_exposure,2024-01-17T19:43:00,"{""experiment_name"": ""exp_3"", ""experiment_group"": ""control""}"
139638,funnel_start,2024-01-17T19:43:00,"{""funnel_type"": ""fasting""}"
139638,profile_start,2024-01-17T19:43:06,{}
139638,email_submit,2024-01-17T19:43:41,{}
139686,funnel_start,2024-01-17T19:51:07,"{""funnel_type"": ""fasting""}"
139686,profile_start,2024-01-17T19:51:18,{}
139686,email_submit,2024-01-17T19:51:34,{}
139638,paywall_show,2024-01-17T19:51:40,{}
139686,paywall_show,2024-01-17T20:03:13,{}
139893,funnel_start,2024-01-17T20:21:29,"{""funnel_type"": ""fasting""}"
139893,profile_start,2024-01-17T20:21:36,{}
139893,email_submit,2024-01-17T20:21:51,{}
139973,funnel_start,2024-01-17T20:29:20,"{""funnel_type"": ""fasting""}"
139973,profile_start,2024-01-17T20:29:31,{}
139893,paywall_show,2024-01-17T20:29:37,{}
139973,email_submit,2024-01-17T20:29:58,{}
139989,funnel_start,2024-01-17T20:31:41,"{""funnel_type"": ""fasting""}"
139973,paywall_show,2024-01-17T20:51:13,{}
140259,funnel_start,2024-01-17T21:07:20,"{""funnel_type"": ""activity""}"
141082,funnel_start,2024-01-17T22:49:32,"{""funnel_type"": ""fasting""}"
141082,profile_start,2024-01-17T22:49:52,{}
141116,funnel_start,2024-01-17T22:53:12,"{""funnel_type"": ""activity""}"
141116,profile_start,2024-01-17T22:53:18,{}
141116,email_submit,2024-01-17T22:53:41,{}
141574,funnel_start,2024-01-17T23:48:18,"{""funnel_type"": ""fasting""}"
141861,funnel_start,2024-01-18T00:29:46,"{""funnel_type"": ""activity""}"
141861,experiment_exposure,2024-01-18T00:29:46,"{""experiment_name"": ""exp_3"", ""experiment_group"": ""test""}"
141861,profile_start,2024-01-18T00:29:53,{}
141887,funnel_start,2024-01-18T00:32:43,"{""funnel_type"": ""fasting""}"
141887,profile_start,2024-01-18T00:32:56,{}
141887,email_submit,2024-01-18T00:33:08,{}
141887,paywall_show,2024-01-18T00:35:44,{}
141887,payment_done,2024-01-18T00:37:15,{}
142471,funnel_start,2024-01-18T02:09:41,"{""funnel_type"": ""fasting""}"
142471,profile_start,2024-01-18T02:09:52,{}
142471,email_submit,2024-01-18T02:10:16,{}
142471,paywall_show,2024-01-18T02:14:44,{}
142497,funnel_start,2024-01-18T02:15:20,"{""funnel_type"": ""yoga""}"
142497,profile_start,2024-01-18T02:15:36,{}
142497,paywall_show,2024-01-18T02:25:23,{}
142575,funnel_start,2024-01-18T02:30:18,"{""funnel_type"": ""activity""}"
142575,profile_start,2024-01-18T02:30:33,{}
142575,email_submit,2024-01-18T02:30:57,{}
142575,paywall_show,2024-01-18T02:35:50,{}
142691,funnel_start,2024-01-18T02:57:52,"{""funnel_type"": ""activity""}"
142844,funnel_start,2024-01-18T03:35:16,"{""funnel_type"": ""yoga""}"
142844,profile_start,2024-01-18T03:35:51,{}
142844,paywall_show,2024-01-18T03:47:41,{}
142888,experiment_exposure,2024-01-18T03:49:32,"{""experiment_name"": ""exp_3"", ""experiment_group"": ""test""}"
142888,funnel_start,2024-01-18T03:49:32,"{""funnel_type"": ""fasting""}"
142888,profile_start,2024-01-18T03:49:37,{}
143248,funnel_start,2024-01-18T05:31:32,"{""funnel_type"": ""activity""}"
143248,profile_start,2024-01-18T05:31:37,{}
143248,email_submit,2024-01-18T05:31:50,{}
143248,paywall_show,2024-01-18T05:35:58,{}
143248,payment_done,2024-01-18T05:37:07,{}
143512,funnel_start,2024-01-18T06:41:30,"{""funnel_type"": ""fasting""}"
143512,profile_start,2024-01-18T06:41:37,{}
143512,email_submit,2024-01-18T06:42:13,{}
143512,paywall_show,2024-01-18T06:52:05,{}
143887,funnel_start,2024-01-18T08:03:37,"{""funnel_type"": ""fasting""}"
143887,profile_start,2024-01-18T08:03:52,{}
143887,email_submit,2024-01-18T08:04:14,{}
143887,paywall_show,2024-01-18T08:10:37,{}
144138,funnel_start,2024-01-18T08:48:57,"{""funnel_type"": ""fasting""}"
144138,experiment_exposure,2024-01-18T08:48:57,"{""experiment_name"": ""exp_3"", ""experiment_group"": ""test""}"
144138,profile_start,2024-01-18T08:49:03,{}
144138,email_submit,2024-01-18T08:49:20,{}
144138,paywall_show,2024-01-18T08:53:50,{}
144193,funnel_start,2024-01-18T08:56:42,"{""funnel_type"": ""activity""}"
144193,profile_start,2024-01-18T08:56:49,{}
144193,email_submit,2024-01-18T08:57:28,{}
144193,paywall_show,2024-01-18T09:03:54,{}
144345,funnel_start,2024-01-18T09:21:03,"{""funnel_type"": ""yoga""}"
144659,funnel_start,2024-01-18T10:16:33,"{""funnel_type"": ""activity""}"
144659,profile_start,2024-01-18T10:16:37,{}
144659,email_submit,2024-01-18T10:16:51,{}
144659,paywall_show,2024-01-18T10:23:11,{}
145025,funnel_start,2024-01-18T11:16:48,"{""funnel_type"": ""fasting""}"
145025,profile_start,2024-01-18T11:17:04,{}
145025,email_submit,2024-01-18T11:17:22,{}
145025,paywall_show,2024-01-18T11:23:34,{}
145025,payment_done,2024-01-18T11:24:33,{}
145154,funnel_start,2024-01-18T11:36:24,"{""funnel_type"": ""activity""}"
145154,experiment_exposure,2024-01-18T11:36:24,"{""experiment_name"": ""exp_3"", ""experiment_group"": ""control""}"
145154,profile_start,2024-01-18T11:36:30,{}
145450,funnel_start,2024-01-18T12:27:31,"{""funnel_type"": ""activity""}"
145450,profile_start,2024-01-18T12:27:40,{}
145450,email_submit,2024-01-18T12:27:59,{}
145450,paywall_show,2024-01-18T12:32:47,{}
145841,funnel_start,2024-01-18T13:39:11,"{""funnel_type"": ""fasting""}"
145841,profile_start,2024-01-18T13:39:18,{}
145859,funnel_start,2024-01-18T13:44:37,"{""funnel_type"": ""activity""}"
145859,experiment_exposure,2024-01-18T13:44:37,"{""experiment_name"": ""exp_3"", ""experiment_group"": ""control""}"
145859,profile_start,2024-01-18T13:44:40,{}
145859,email_submit,2024-01-18T13:45:09,{}
145859,paywall_show,2024-01-18T13:56:47,{}
146195,experiment_exposure,2024-01-18T14:39:01,"{""experiment_name"": ""exp_3"", ""experiment_group"": ""test""}"
146195,funnel_start,2024-01-18T14:39:01,"{""funnel_type"": ""activity""}"
146244,experiment_exposure,2024-01-18T14:47:30,"{""experiment_name"": ""exp_3"", ""experiment_group"": ""control""}"
146244,funnel_start,2024-01-18T14:47:30,"{""funnel_type"": ""yoga""}"
146325,funnel_start,2024-01-18T15:00:13,"{""funnel_type"": ""activity""}"
147034,funnel_start,2024-01-18T17:03:41,"{""funnel_type"": ""yoga""}"
147156,funnel_start,2024-01-18T17:25:47,"{""funnel_type"": ""fasting""}"
147156,profile_start,2024-01-18T17:25:56,{}
147156,email_submit,2024-01-18T17:26:12,{}
147723,funnel_start,2024-01-18T19:01:32,"{""funnel_type"": ""yoga""}"
147723,experiment_exposure,2024-01-18T19:01:32,"{""experiment_name"": ""exp_3"", ""experiment_group"": ""test""}"
147723,profile_start,2024-01-18T19:01:46,{}
147723,paywall_show,2024-01-18T19:13:36,{}
147887,funnel_start,2024-01-18T19:29:16,"{""funnel_type"": ""fasting""}"
147887,profile_start,2024-01-18T19:29:26,{}
147887,email_submit,2024-01-18T19:29:44,{}
147964,funnel_start,2024-01-18T19:40:42,"{""funnel_type"": ""fasting""}"
147964,experiment_exposure,2024-01-18T19:40:42,"{""experiment_name"": ""exp_3"", ""experiment_group"": ""test""}"
148031,funnel_start,2024-01-18T19:51:52,"{""funnel_type"": ""activity""}"
148031,profile_start,2024-01-18T19:52:01,{}
148031,email_submit,2024-01-18T19:52:10,{}
148031,paywall_show,2024-01-18T19:55:09,{}
147887,paywall_show,2024-01-18T19:56:44,{}
148099,funnel_start,2024-01-18T20:02:09,"{""funnel_type"": ""fasting""}"
148099,profile_start,2024-01-18T20:02:21,{}
148099,email_submit,2024-01-18T20:02:33,{}
148099,paywall_show,2024-01-18T20:08:02,{}
148286,funnel_start,2024-01-18T20:26:55,"{""funnel_type"": ""activity""}"
148286,experiment_exposure,2024-01-18T20:26:55,"{""experiment_name"": ""exp_3"", ""experiment_group"": ""control""}"
148286,profile_start,2024-01-18T20:27:05,{}
148286,email_submit,2024-01-18T20:27:27,{}
148286,paywall_show,2024-01-18T20:34:55,{}
148417,experiment_exposure,2024-01-18T20:45:00,"{""experiment_name"": ""exp_3"", ""experiment_group"": ""control""}"
148417,funnel_start,2024-01-18T20:45:00,"{""funnel_type"": ""fasting""}"
148417,profile_start,2024-01-18T20:45:12,{}
148417,email_submit,2024-01-18T20:45:30,{}
148484,funnel_start,2024-01-18T20:53:20,"{""funnel_type"": ""activity""}"
148484,profile_start,2024-01-18T20:53:24,{}
148484,email_submit,2024-01-18T20:53:47,{}
148484,paywall_show,2024-01-18T21:21:03,{}
149025,funnel_start,2024-01-18T21:59:50,"{""funnel_type"": ""activity""}"
149025,experiment_exposure,2024-01-18T21:59:50,"{""experiment_name"": ""exp_3"", ""experiment_group"": ""test""}"
149483,experiment_exposure,2024-01-18T22:53:41,"{""experiment_name"": ""exp_3"", ""experiment_group"": ""test""}"
149483,funnel_start,2024-01-18T22:53:41,"{""funnel_type"": ""activity""}"
149483,profile_start,2024-01-18T22:53:45,{}
149797,funnel_start,2024-01-18T23:30:13,"{""funnel_type"": ""activity""}"
149797,profile_start,2024-01-18T23:30:22,{}
149797,email_submit,2024-01-18T23:30:55,{}
150031,funnel_start,2024-01-18T23:59:01,"{""funnel_type"": ""activity""}"
150031,profile_start,2024-01-18T23:59:12,{}
150031,email_submit,2024-01-18T23:59:40,{}
150098,funnel_start,2024-01-19T00:09:05,"{""funnel_type"": ""fasting""}"
150098,experiment_exposure,2024-01-19T00:09:05,"{""experiment_name"": ""exp_3"", ""experiment_group"": ""control""}"
150098,profile_start,2024-01-19T00:09:15,{}
150098,email_submit,2024-01-19T00:09:36,{}
150098,paywall_show,2024-01-19T00:15:10,{}
150447,funnel_start,2024-01-19T01:01:55,"{""funnel_type"": ""fasting""}"
150447,profile_start,2024-01-19T01:02:05,{}
150447,email_submit,2024-01-19T01:02:32,{}
150509,funnel_start,2024-01-19T01:12:40,"{""funnel_type"": ""fasting""}"
150509,profile_start,2024-01-19T01:12:47,{}
150509,email_submit,2024-01-19T01:13:12,{}
150447,paywall_show,2024-01-19T01:14:11,{}
150509,paywall_show,2024-01-19T01:20:26,{}
150849,funnel_start,2024-01-19T02:19:42,"{""funnel_type"": ""activity""}"
150849,profile_start,2024-01-19T02:19:53,{}
150849,email_submit,2024-01-19T02:20:31,{}
150874,funnel_start,2024-01-19T02:26:22,"{""funnel_type"": ""fasting""}"
150875,funnel_start,2024-01-19T02:26:34,"{""funnel_type"": ""fasting""}"
150874,profile_start,2024-01-19T02:26:34,{}
150875,experiment_exposure,2024-01-19T02:26:40,"{""experiment_name"": ""exp_5"", ""experiment_group"": ""control""}"
150875,profile_start,2024-01-19T02:26:40,{}
150875,email_submit,2024-01-19T02:26:51,{}
150874,email_submit,2024-01-19T02:27:01,{}
150874,paywall_show,2024-01-19T02:33:46,{}
150875,paywall_show,2024-01-19T02:36:18,{}
151111,funnel_start,2024-01-19T03:25:05,"{""funnel_type"": ""fasting""}"
151111,profile_start,2024-01-19T03:25:12,{}
151111,email_submit,2024-01-19T03:25:30,{}
151111,paywall_show,2024-01-19T03:37:54,{}
151502,funnel_start,2024-01-19T05:13:28,"{""funnel_type"": ""yoga""}"
151554,funnel_start,2024-01-19T05:31:11,"{""funnel_type"": ""fasting""}"
151554,profile_start,2024-01-19T05:31:34,{}
151554,email_submit,2024-01-19T05:32:46,{}
151554,paywall_show,2024-01-19T05:49:57,{}
151611,funnel_start,2024-01-19T05:51:00,"{""funnel_type"": ""activity""}"
152106,funnel_start,2024-01-19T07:50:16,"{""funnel_type"": ""activity""}"
152106,profile_start,2024-01-19T07:50:28,{}
152106,email_submit,2024-01-19T07:50:46,{}
152106,paywall_show,2024-01-19T08:00:36,{}
152190,funnel_start,2024-01-19T08:05:29,"{""funnel_type"": ""fasting""}"
152190,profile_start,2024-01-19T08:05:37,{}
152190,email_submit,2024-01-19T08:06:15,{}
152190,paywall_show,2024-01-19T08:18:27,{}
153621,funnel_start,2024-01-19T12:13:09,"{""funnel_type"": ""fasting""}"
153621,experiment_exposure,2024-01-19T12:13:09,"{""experiment_name"": ""exp_3"", ""experiment_group"": ""control""}"
153621,profile_start,2024-01-19T12:13:16,{}
153621,email_submit,2024-01-19T12:13:49,{}
153668,experiment_exposure,2024-01-19T12:20:19,"{""experiment_name"": ""exp_3"", ""experiment_group"": ""test""}"
153668,funnel_start,2024-01-19T12:20:19,"{""funnel_type"": ""yoga""}"
153668,profile_start,2024-01-19T12:20:28,{}
153621,paywall_show,2024-01-19T12:26:30,{}
153887,experiment_exposure,2024-01-19T12:56:51,"{""experiment_name"": ""exp_3"", ""experiment_group"": ""control""}"
153887,funnel_start,2024-01-19T12:56:51,"{""funnel_type"": ""fasting""}"
153887,profile_start,2024-01-19T12:57:07,{}
153887,email_submit,2024-01-19T12:57:35,{}
153887,paywall_show,2024-01-19T13:12:49,{}
154009,funnel_start,2024-01-19T13:22:47,"{""funnel_type"": ""fasting""}"
154414,funnel_start,2024-01-19T14:35:05,"{""funnel_type"": ""yoga""}"
154414,profile_start,2024-01-19T14:35:14,{}
154414,paywall_show,2024-01-19T14:38:21,{}
154449,experiment_exposure,2024-01-19T14:39:59,"{""experiment_name"": ""exp_3"", ""experiment_group"": ""control""}"
154449,funnel_start,2024-01-19T14:39:59,"{""funnel_type"": ""fasting""}"
154449,profile_start,2024-01-19T14:40:08,{}
154449,email_submit,2024-01-19T14:40:47,{}
154509,funnel_start,2024-01-19T14:50:00,"{""funnel_type"": ""yoga""}"
154509,profile_start,2024-01-19T14:50:07,{}
154509,paywall_show,2024-01-19T14:56:59,{}
155072,funnel_start,2024-01-19T16:24:51,"{""funnel_type"": ""activity""}"
155072,profile_start,2024-01-19T16:24:55,{}
155072,email_submit,2024-01-19T16:25:13,{}
155072,paywall_show,2024-01-19T16:29:17,{}
155165,funnel_start,2024-01-19T16:39:25,"{""funnel_type"": ""fasting""}"
155165,profile_start,2024-01-19T16:39:34,{}
155165,email_submit,2024-01-19T16:39:49,{}
155165,paywall_show,2024-01-19T16:47:57,{}
155552,funnel_start,2024-01-19T17:42:32,"{""funnel_type"": ""yoga""}"
155552,profile_start,2024-01-19T17:42:45,{}
155552,experiment_exposure,2024-01-19T17:42:45,"{""experiment_name"": ""exp_5"", ""experiment_group"": ""test""}"
155613,funnel_start,2024-01-19T17:54:02,"{""funnel_type"": ""activity""}"
155613,profile_start,2024-01-19T17:54:11,{}
155613,email_submit,2024-01-19T17:54:52,{}
155613,paywall_show,2024-01-19T18:08:02,{}
155733,funnel_start,2024-01-19T18:11:52,"{""funnel_type"": ""activity""}"
156187,funnel_start,2024-01-19T19:21:02,"{""funnel_type"": ""activity""}"
156187,profile_start,2024-01-19T19:21:18,{}
156187,email_submit,2024-01-19T19:21:45,{}
156187,paywall_show,2024-01-19T19:28:30,{}
156411,funnel_start,2024-01-19T19:56:04,"{""funnel_type"": ""fasting""}"
156411,profile_start,2024-01-19T19:56:12,{}
156411,email_submit,2024-01-19T19:56:26,{}
156411,paywall_show,2024-01-19T20:00:45,{}
156458,funnel_start,2024-01-19T20:02:24,"{""funnel_type"": ""fasting""}"
156458,profile_start,2024-01-19T20:02:34,{}
156458,experiment_exposure,2024-01-19T20:02:34,"{""experiment_name"": ""exp_5"", ""experiment_group"": ""control""}"
156458,email_submit,2024-01-19T20:03:16,{}
156458,paywall_show,2024-01-19T20:13:50,{}
156708,funnel_start,2024-01-19T20:34:58,"{""funnel_type"": ""fasting""}"
156708,experiment_exposure,2024-01-19T20:34:58,"{""experiment_name"": ""exp_3"", ""experiment_group"": ""test""}"
156708,profile_start,2024-01-19T20:35:08,{}
156708,email_submit,2024-01-19T20:35:30,{}
156742,funnel_start,2024-01-19T20:40:27,"{""funnel_type"": ""fasting""}"
156708,paywall_show,2024-01-19T20:46:20,{}
157073,experiment_exposure,2024-01-19T21:22:52,"{""experiment_name"": ""exp_3"", ""experiment_group"": ""control""}"
157073,funnel_start,2024-01-19T21:22:52,"{""funnel_type"": ""activity""}"
157073,profile_start,2024-01-19T21:23:10,{}
157073,email_submit,2024-01-19T21:23:33,{}
157073,paywall_show,2024-01-19T21:29:47,{}
157391,experiment_exposure,2024-01-19T22:02:57,"{""experiment_name"": ""exp_3"", ""experiment_group"": ""test""}"
157391,funnel_start,2024-01-19T22:02:57,"{""funnel_type"": ""fasting""}"
157391,profile_start,2024-01-19T22:03:09,{}
157391,email_submit,2024-01-19T22:03:21,{}
157405,funnel_start,2024-01-19T22:04:02,"{""funnel_type"": ""activity""}"
157405,profile_start,2024-01-19T22:04:13,{}
157405,email_submit,2024-01-19T22:04:39,{}
157415,funnel_start,2024-01-19T22:05:23,"{""funnel_type"": ""activity""}"
157415,profile_start,2024-01-19T22:05:28,{}
157415,email_submit,2024-01-19T22:06:10,{}
157433,funnel_start,2024-01-19T22:07:20,"{""funnel_type"": ""fasting""}"
157433,profile_start,2024-01-19T22:07:27,{}
157433,email_submit,2024-01-19T22:07:56,{}
157391,paywall_show,2024-01-19T22:10:18,{}
157391,payment_done,2024-01-19T22:12:12,{}
157405,paywall_show,2024-01-19T22:17:50,{}
157415,paywall_show,2024-01-19T22:24:36,{}
158279,funnel_start,2024-01-19T23:46:02,"{""funnel_type"": ""fasting""}"
158279,profile_start,2024-01-19T23:46:13,{}
158279,email_submit,2024-01-19T23:46:41,{}
158279,paywall_show,2024-01-19T23:50:01,{}
158681,funnel_start,2024-01-20T00:43:44,"{""funnel_type"": ""activity""}"
158681,profile_start,2024-01-20T00:43:56,{}
158681,email_submit,2024-01-20T00:44:04,{}
158700,experiment_exposure,2024-01-20T00:47:25,"{""experiment_name"": ""exp_3"", ""experiment_group"": ""control""}"
158700,funnel_start,2024-01-20T00:47:25,"{""funnel_type"": ""fasting""}"
158681,paywall_show,2024-01-20T00:48:20,{}
158977,funnel_start,2024-01-20T01:25:28,"{""funnel_type"": ""fasting""}"
158977,profile_start,2024-01-20T01:25:43,{}
158977,email_submit,2024-01-20T01:25:56,{}
158992,funnel_start,2024-01-20T01:28:23,"{""funnel_type"": ""activity""}"
158992,experiment_exposure,2024-01-20T01:28:23,"{""experiment_name"": ""exp_3"", ""experiment_group"": ""test""}"
158992,profile_start,2024-01-20T01:28:29,{}
158992,email_submit,2024-01-20T01:28:47,{}
159355,experiment_exposure,2024-01-20T02:36:03,"{""experiment_name"": ""exp_3"", ""experiment_group"": ""test""}"
159355,funnel_start,2024-01-20T02:36:03,"{""funnel_type"": ""activity""}"
159355,profile_start,2024-01-20T02:36:10,{}
159355,email_submit,2024-01-20T02:36:37,{}
159459,funnel_start,2024-01-20T02:57:04,"{""funnel_type"": ""activity""}"
159459,profile_start,2024-01-20T02:57:15,{}
159459,email_submit,2024-01-20T02:57:26,{}
159459,paywall_show,2024-01-20T03:01:57,{}
159565,funnel_start,2024-01-20T03:20:37,"{""funnel_type"": ""activity""}"
159565,experiment_exposure,2024-01-20T03:20:37,"{""experiment_name"": ""exp_3"", ""experiment_group"": ""control""}"
159565,profile_start,2024-01-20T03:20:45,{}
159796,funnel_start,2024-01-20T04:18:04,"{""funnel_type"": ""yoga""}"
159796,profile_start,2024-01-20T04:18:14,{}
159796,paywall_show,2024-01-20T04:22:35,{}
159817,experiment_exposure,2024-01-20T04:23:26,"{""experiment_name"": ""exp_3"", ""experiment_group"": ""control""}"
159817,funnel_start,2024-01-20T04:23:26,"{""funnel_type"": ""activity""}"
159817,profile_start,2024-01-20T04:23:36,{}
160543,funnel_start,2024-01-20T07:21:49,"{""funnel_type"": ""activity""}"
160543,profile_start,2024-01-20T07:22:03,{}
160614,funnel_start,2024-01-20T07:35:00,"{""funnel_type"": ""fasting""}"
160877,experiment_exposure,2024-01-20T08:27:26,"{""experiment_name"": ""exp_3"", ""experiment_group"": ""control""}"
160877,funnel_start,2024-01-20T08:27:26,"{""funnel_type"": ""yoga""}"
160919,funnel_start,2024-01-20T08:36:27,"{""funnel_type"": ""fasting""}"
160919,experiment_exposure,2024-01-20T08:36:27,"{""experiment_name"": ""exp_3"", ""experiment_group"": ""test""}"
160919,profile_start,2024-01-20T08:36:36,{}
160919,email_submit,2024-01-20T08:36:48,{}
160936,experiment_exposure,2024-01-20T08:39:20,"{""experiment_name"": ""exp_3"", ""experiment_group"": ""test""}"
160936,funnel_start,2024-01-20T08:39:20,"{""funnel_type"": ""yoga""}"
160936,profile_start,2024-01-20T08:39:31,{}
160919,paywall_show,2024-01-20T08:45:11,{}
161165,funnel_start,2024-01-20T09:20:28,"{""funnel_type"": ""fasting""}"
161165,experiment_exposure,2024-01-20T09:20:28,"{""experiment_name"": ""exp_3"", ""experiment_group"": ""control""}"
161165,profile_start,2024-01-20T09:20:33,{}
161165,email_submit,2024-01-20T09:20:48,{}
161197,experiment_exposure,2024-01-20T09:27:49,"{""experiment_name"": ""exp_3"", ""experiment_group"": ""control""}"
161197,funnel_start,2024-01-20T09:27:49,"{""funnel_type"": ""activity""}"
161197,profile_start,2024-01-20T09:27:54,{}
161197,email_submit,2024-01-20T09:28:21,{}
161165,paywall_show,2024-01-20T09:31:23,{}
161305,funnel_start,2024-01-20T09:45:18,"{""funnel_type"": ""activity""}"
161305,profile_start,2024-01-20T09:45:28,{}
161305,email_submit,2024-01-20T09:45:39,{}
161197,paywall_show,2024-01-20T09:51:41,{}
161305,paywall_show,2024-01-20T09:51:42,{}
161421,funnel_start,2024-01-20T10:04:15,"{""funnel_type"": ""fasting""}"
161454,funnel_start,2024-01-20T10:10:51,"{""funnel_type"": ""fasting""}"
161454,profile_start,2024-01-20T10:11:00,{}
161454,email_submit,2024-01-20T10:11:29,{}
162197,funnel_start,2024-01-20T12:22:42,"{""funnel_type"": ""fasting""}"
162197,profile_start,2024-01-20T12:23:16,{}
162197,email_submit,2024-01-20T12:24:07,{}
162708,funnel_start,2024-01-20T13:59:16,"{""funnel_type"": ""fasting""}"
162708,profile_start,2024-01-20T13:59:25,{}
162708,email_submit,2024-01-20T14:00:15,{}
162730,funnel_start,2024-01-20T14:04:47,"{""funnel_type"": ""yoga""}"
162730,experiment_exposure,2024-01-20T14:04:47,"{""experiment_name"": ""exp_3"", ""experiment_group"": ""test""}"
162708,paywall_show,2024-01-20T14:07:03,{}
162949,funnel_start,2024-01-20T14:44:31,"{""funnel_type"": ""fasting""}"
162949,profile_start,2024-01-20T14:44:38,{}
162949,email_submit,2024-01-20T14:45:03,{}
162949,paywall_show,2024-01-20T14:50:17,{}
164304,funnel_start,2024-01-20T18:27:12,"{""funnel_type"": ""fasting""}"
164304,profile_start,2024-01-20T18:27:19,{}
164304,email_submit,2024-01-20T18:27:46,{}
164304,paywall_show,2024-01-20T18:35:34,{}
164451,funnel_start,2024-01-20T18:49:05,"{""funnel_type"": ""fasting""}"
164451,experiment_exposure,2024-01-20T18:49:05,"{""experiment_name"": ""exp_3"", ""experiment_group"": ""test""}"
164451,profile_start,2024-01-20T18:49:16,{}
164451,email_submit,2024-01-20T18:49:36,{}
164451,paywall_show,2024-01-20T19:07:29,{}
164649,funnel_start,2024-01-20T19:20:19,"{""funnel_type"": ""fasting""}"
164671,funnel_start,2024-01-20T19:23:15,"{""funnel_type"": ""fasting""}"
165041,funnel_start,2024-01-20T20:18:09,"{""funnel_type"": ""fasting""}"
165336,funnel_start,2024-01-20T20:58:58,"{""funnel_type"": ""fasting""}"
165459,funnel_start,2024-01-20T21:14:46,"{""funnel_type"": ""fasting""}"
165459,profile_start,2024-01-20T21:14:58,{}
165459,email_submit,2024-01-20T21:15:15,{}
165480,funnel_start,2024-01-20T21:17:24,"{""funnel_type"": ""activity""}"
165480,profile_start,2024-01-20T21:17:31,{}
165480,email_submit,2024-01-20T21:17:46,{}
165459,paywall_show,2024-01-20T21:23:39,{}
165670,funnel_start,2024-01-20T21:41:46,"{""funnel_type"": ""activity""}"
165679,funnel_start,2024-01-20T21:43:16,"{""funnel_type"": ""activity""}"
165679,profile_start,2024-01-20T21:43:22,{}
165679,email_submit,2024-01-20T21:43:42,{}
165741,funnel_start,2024-01-20T21:50:34,"{""funnel_type"": ""activity""}"
165741,profile_start,2024-01-20T21:50:37,{}
165741,email_submit,2024-01-20T21:50:53,{}
165679,paywall_show,2024-01-20T21:50:54,{}
165817,funnel_start,2024-01-20T21:59:34,"{""funnel_type"": ""fasting""}"
165741,paywall_show,2024-01-20T22:02:09,{}
166472,funnel_start,2024-01-20T23:14:12,"{""funnel_type"": ""fasting""}"
166472,experiment_exposure,2024-01-20T23:14:12,"{""experiment_name"": ""exp_3"", ""experiment_group"": ""control""}"
166472,profile_start,2024-01-20T23:14:19,{}
166472,email_submit,2024-01-20T23:14:54,{}
166472,paywall_show,2024-01-20T23:19:53,{}
166472,payment_done,2024-01-20T23:22:33,{}
166542,experiment_exposure,2024-01-20T23:23:23,"{""experiment_name"": ""exp_3"", ""experiment_group"": ""control""}"
166542,funnel_start,2024-01-20T23:23:23,"{""funnel_type"": ""fasting""}"
166542,profile_start,2024-01-20T23:23:27,{}
166542,email_submit,2024-01-20T23:24:02,{}
166542,paywall_show,2024-01-20T23:31:09,{}
166604,funnel_start,2024-01-20T23:31:20,"{""funnel_type"": ""yoga""}"
166604,profile_start,2024-01-20T23:31:31,{}
166604,paywall_show,2024-01-20T23:40:37,{}
166876,funnel_start,2024-01-21T00:03:18,"{""funnel_type"": ""fasting""}"
166876,experiment_exposure,2024-01-21T00:03:18,"{""experiment_name"": ""exp_3"", ""experiment_group"": ""control""}"
166876,profile_start,2024-01-21T00:03:29,{}
166877,funnel_start,2024-01-21T00:03:38,"{""funnel_type"": ""fasting""}"
166876,email_submit,2024-01-21T00:04:05,{}
166876,paywall_show,2024-01-21T00:17:32,{}
167183,funnel_start,2024-01-21T00:54:18,"{""funnel_type"": ""activity""}"
167183,profile_start,2024-01-21T00:54:27,{}
167183,email_submit,2024-01-21T00:55:04,{}
167286,funnel_start,2024-01-21T01:09:22,"{""funnel_type"": ""activity""}"
167286,experiment_exposure,2024-01-21T01:09:32,"{""experiment_name"": ""exp_5"", ""experiment_group"": ""test""}"
167286,profile_start,2024-01-21T01:09:32,{}
167286,email_submit,2024-01-21T01:09:52,{}
167489,funnel_start,2024-01-21T01:43:22,"{""funnel_type"": ""fasting""}"
167489,experiment_exposure,2024-01-21T01:43:49,"{""experiment_name"": ""exp_5"", ""experiment_group"": ""test""}"
167489,profile_start,2024-01-21T01:43:49,{}
167489,email_submit,2024-01-21T01:44:49,{}
167489,paywall_show,2024-01-21T01:54:17,{}
167672,funnel_start,2024-01-21T02:15:49,"{""funnel_type"": ""activity""}"
167672,experiment_exposure,2024-01-21T02:15:56,"{""experiment_name"": ""exp_5"", ""experiment_group"": ""test""}"
167672,profile_start,2024-01-21T02:15:56,{}
167672,email_submit,2024-01-21T02:16:06,{}
167821,funnel_start,2024-01-21T02:46:49,"{""funnel_type"": ""fasting""}"
167821,profile_start,2024-01-21T02:46:56,{}
167821,email_submit,2024-01-21T02:47:14,{}
167821,paywall_show,2024-01-21T02:51:31,{}
168049,funnel_start,2024-01-21T03:40:05,"{""funnel_type"": ""fasting""}"
168049,experiment_exposure,2024-01-21T03:40:05,"{""experiment_name"": ""exp_3"", ""experiment_group"": ""test""}"
168049,profile_start,2024-01-21T03:40:12,{}
168063,funnel_start,2024-01-21T03:43:30,"{""funnel_type"": ""activity""}"
168063,experiment_exposure,2024-01-21T03:43:30,"{""experiment_name"": ""exp_3"", ""experiment_group"": ""test""}"
168063,profile_start,2024-01-21T03:43:45,{}
168063,email_submit,2024-01-21T03:44:20,{}
168063,paywall_show,2024-01-21T03:52:44,{}
168208,funnel_start,2024-01-21T04:17:08,"{""funnel_type"": ""activity""}"
168208,profile_start,2024-01-21T04:17:13,{}
168208,email_submit,2024-01-21T04:17:39,{}
168208,paywall_show,2024-01-21T04:25:16,{}
168358,funnel_start,2024-01-21T05:00:46,"{""funnel_type"": ""yoga""}"
168358,experiment_exposure,2024-01-21T05:00:46,"{""experiment_name"": ""exp_3"", ""experiment_group"": ""test""}"
168434,funnel_start,2024-01-21T05:20:58,"{""funnel_type"": ""yoga""}"
168434,profile_start,2024-01-21T05:21:12,{}
168434,paywall_show,2024-01-21T05:31:59,{}
168474,experiment_exposure,2024-01-21T05:32:00,"{""experiment_name"": ""exp_3"", ""experiment_group"": ""test""}"
168474,funnel_start,2024-01-21T05:32:00,"{""funnel_type"": ""fasting""}"
168474,profile_start,2024-01-21T05:32:07,{}
168474,email_submit,2024-01-21T05:32:34,{}
168474,paywall_show,2024-01-21T05:38:38,{}
168526,experiment_exposure,2024-01-21T05:48:21,"{""experiment_name"": ""exp_3"", ""experiment_group"": ""control""}"
168526,funnel_start,2024-01-21T05:48:21,"{""funnel_type"": ""activity""}"
168526,profile_start,2024-01-21T05:48:33,{}
168526,email_submit,2024-01-21T05:49:28,{}
168526,paywall_show,2024-01-21T05:57:00,{}
168672,funnel_start,2024-01-21T06:28:05,"{""funnel_type"": ""activity""}"
168672,profile_start,2024-01-21T06:28:13,{}
168672,email_submit,2024-01-21T06:28:34,{}
168984,funnel_start,2024-01-21T07:35:51,"{""funnel_type"": ""fasting""}"
168984,profile_start,2024-01-21T07:35:57,{}
168984,email_submit,2024-01-21T07:36:21,{}
169023,funnel_start,2024-01-21T07:45:29,"{""funnel_type"": ""fasting""}"
169023,experiment_exposure,2024-01-21T07:45:36,"{""experiment_name"": ""exp_5"", ""experiment_group"": ""test""}"
169023,profile_start,2024-01-21T07:45:36,{}
169023,email_submit,2024-01-21T07:46:01,{}
169023,paywall_show,2024-01-21T07:55:16,{}
169075,funnel_start,2024-01-21T07:58:11,"{""funnel_type"": ""activity""}"
169122,funnel_start,2024-01-21T08:05:51,"{""funnel_type"": ""activity""}"
169122,experiment_exposure,2024-01-21T08:05:51,"{""experiment_name"": ""exp_3"", ""experiment_group"": ""test""}"
169479,funnel_start,2024-01-21T09:11:12,"{""funnel_type"": ""yoga""}"
169479,profile_start,2024-01-21T09:11:29,{}
169482,funnel_start,2024-01-21T09:11:42,"{""funnel_type"": ""activity""}"
169482,experiment_exposure,2024-01-21T09:11:42,"{""experiment_name"": ""exp_3"", ""experiment_group"": ""control""}"
169482,profile_start,2024-01-21T09:11:46,{}
169482,email_submit,2024-01-21T09:12:12,{}
169482,paywall_show,2024-01-21T09:16:50,{}
169479,paywall_show,2024-01-21T09:22:20,{}
169479,payment_done,2024-01-21T09:23:22,{}
169479,email_submit,2024-01-21T09:23:39,{}
169959,funnel_start,2024-01-21T10:30:47,"{""funnel_type"": ""fasting""}"
170370,experiment_exposure,2024-01-21T11:38:14,"{""experiment_name"": ""exp_3"", ""experiment_group"": ""test""}"
170370,funnel_start,2024-01-21T11:38:14,"{""funnel_type"": ""activity""}"
170370,profile_start,2024-01-21T11:38:19,{}
170370,email_submit,2024-01-21T11:38:35,{}
170370,paywall_show,2024-01-21T11:42:10,{}
170890,funnel_start,2024-01-21T13:05:31,"{""funnel_type"": ""fasting""}"
170890,profile_start,2024-01-21T13:05:46,{}
170890,email_submit,2024-01-21T13:06:21,{}
170935,funnel_start,2024-01-21T13:14:15,"{""funnel_type"": ""yoga""}"
170935,profile_start,2024-01-21T13:14:25,{}
170935,paywall_show,2024-01-21T13:20:45,{}
171516,experiment_exposure,2024-01-21T15:06:34,"{""experiment_name"": ""exp_3"", ""experiment_group"": ""test""}"
171516,funnel_start,2024-01-21T15:06:34,"{""funnel_type"": ""fasting""}"
171562,funnel_start,2024-01-21T15:15:15,"{""funnel_type"": ""fasting""}"
171562,profile_start,2024-01-21T15:15:30,{}
171562,email_submit,2024-01-21T15:15:45,{}
171562,paywall_show,2024-01-21T15:18:44,{}
171621,funnel_start,2024-01-21T15:26:34,"{""funnel_type"": ""fasting""}"
171621,experiment_exposure,2024-01-21T15:26:34,"{""experiment_name"": ""exp_3"", ""experiment_group"": ""test""}"
171621,profile_start,2024-01-21T15:26:43,{}
171621,email_submit,2024-01-21T15:27:02,{}
171621,paywall_show,2024-01-21T15:42:29,{}
171813,funnel_start,2024-01-21T15:57:26,"{""funnel_type"": ""fasting""}"
171813,profile_start,2024-01-21T15:57:37,{}
171813,email_submit,2024-01-21T15:58:05,{}
171817,funnel_start,2024-01-21T15:58:08,"{""funnel_type"": ""activity""}"
171817,profile_start,2024-01-21T15:58:16,{}
171973,funnel_start,2024-01-21T16:25:25,"{""funnel_type"": ""yoga""}"
171813,paywall_show,2024-01-21T16:25:34,{}
171973,profile_start,2024-01-21T16:25:36,{}
171973,paywall_show,2024-01-21T16:30:36,{}
172172,experiment_exposure,2024-01-21T17:00:48,"{""experiment_name"": ""exp_3"", ""experiment_group"": ""control""}"
172172,funnel_start,2024-01-21T17:00:48,"{""funnel_type"": ""fasting""}"
172271,funnel_start,2024-01-21T17:18:52,"{""funnel_type"": ""activity""}"
172271,profile_start,2024-01-21T17:18:56,{}
172271,email_submit,2024-01-21T17:19:51,{}
172534,funnel_start,2024-01-21T18:03:55,"{""funnel_type"": ""fasting""}"
172534,profile_start,2024-01-21T18:04:00,{}
172534,email_submit,2024-01-21T18:04:14,{}
172569,funnel_start,2024-01-21T18:09:21,"{""funnel_type"": ""activity""}"
172534,paywall_show,2024-01-21T18:10:27,{}
172790,funnel_start,2024-01-21T18:43:18,"{""funnel_type"": ""activity""}"
172832,funnel_start,2024-01-21T18:50:23,"{""funnel_type"": ""activity""}"
172832,profile_start,2024-01-21T18:50:30,{}
172832,email_submit,2024-01-21T18:50:45,{}
172832,paywall_show,2024-01-21T18:55:16,{}
173009,funnel_start,2024-01-21T19:19:20,"{""funnel_type"": ""fasting""}"
173009,experiment_exposure,2024-01-21T19:19:20,"{""experiment_name"": ""exp_3"", ""experiment_group"": ""test""}"
173009,profile_start,2024-01-21T19:19:26,{}
173009,email_submit,2024-01-21T19:20:19,{}
173032,funnel_start,2024-01-21T19:23:13,"{""funnel_type"": ""fasting""}"
173032,profile_start,2024-01-21T19:23:21,{}
173032,email_submit,2024-01-21T19:23:57,{}
173009,paywall_show,2024-01-21T19:30:06,{}
173032,paywall_show,2024-01-21T19:35:39,{}
173309,funnel_start,2024-01-21T20:04:30,"{""funnel_type"": ""yoga""}"
173309,profile_start,2024-01-21T20:04:48,{}
173511,funnel_start,2024-01-21T20:34:04,"{""funnel_type"": ""activity""}"
173511,experiment_exposure,2024-01-21T20:34:04,"{""experiment_name"": ""exp_3"", ""experiment_group"": ""test""}"
173515,funnel_start,2024-01-21T20:34:37,"{""funnel_type"": ""fasting""}"
173515,profile_start,2024-01-21T20:34:50,{}
173515,email_submit,2024-01-21T20:35:10,{}
173546,funnel_start,2024-01-21T20:39:26,"{""funnel_type"": ""fasting""}"
173546,profile_start,2024-01-21T20:39:32,{}
173546,email_submit,2024-01-21T20:39:50,{}
173515,paywall_show,2024-01-21T20:48:32,{}
173546,paywall_show,2024-01-21T20:57:36,{}
173988,funnel_start,2024-01-21T21:28:04,"{""funnel_type"": ""fasting""}"
173988,profile_start,2024-01-21T21:28:11,{}
173988,email_submit,2024-01-21T21:28:49,{}
174578,funnel_start,2024-01-21T22:33:47,"{""funnel_type"": ""fasting""}"
174578,experiment_exposure,2024-01-21T22:33:47,"{""experiment_name"": ""exp_3"", ""experiment_group"": ""test""}"
175382,funnel_start,2024-01-22T00:24:10,"{""funnel_type"": ""fasting""}"
175382,profile_start,2024-01-22T00:24:29,{}
175382,email_submit,2024-01-22T00:25:18,{}
175698,funnel_start,2024-01-22T01:17:19,"{""funnel_type"": ""activity""}"
175698,profile_start,2024-01-22T01:17:24,{}
175698,email_submit,2024-01-22T01:17:44,{}
175703,funnel_start,2024-01-22T01:18:10,"{""funnel_type"": ""fasting""}"
175736,funnel_start,2024-01-22T01:22:47,"{""funnel_type"": ""activity""}"
175698,paywall_show,2024-01-22T01:28:12,{}
175893,funnel_start,2024-01-22T01:47:34,"{""funnel_type"": ""fasting""}"
175893,profile_start,2024-01-22T01:47:45,{}
175893,email_submit,2024-01-22T01:48:12,{}
175893,paywall_show,2024-01-22T01:55:49,{}
176442,funnel_start,2024-01-22T03:53:16,"{""funnel_type"": ""fasting""}"
176442,profile_start,2024-01-22T03:53:23,{}
176442,email_submit,2024-01-22T03:53:51,{}
176442,paywall_show,2024-01-22T03:59:55,{}
176678,funnel_start,2024-01-22T05:00:04,"{""funnel_type"": ""fasting""}"
176956,funnel_start,2024-01-22T06:22:55,"{""funnel_type"": ""activity""}"
176956,profile_start,2024-01-22T06:23:09,{}
177047,funnel_start,2024-01-22T06:45:30,"{""funnel_type"": ""activity""}"
177047,experiment_exposure,2024-01-22T06:45:30,"{""experiment_name"": ""exp_3"", ""experiment_group"": ""test""}"
177047,profile_start,2024-01-22T06:45:35,{}
177047,email_submit,2024-01-22T06:45:58,{}
177047,paywall_show,2024-01-22T06:57:42,{}
177137,funnel_start,2024-01-22T07:09:39,"{""funnel_type"": ""fasting""}"
177137,profile_start,2024-01-22T07:09:47,{}
177137,email_submit,2024-01-22T07:10:09,{}
177137,paywall_show,2024-01-22T07:24:19,{}
177309,funnel_start,2024-01-22T07:49:29,"{""funnel_type"": ""fasting""}"
177309,experiment_exposure,2024-01-22T07:49:29,"{""experiment_name"": ""exp_3"", ""experiment_group"": ""control""}"
177309,profile_start,2024-01-22T07:49:37,{}
177309,email_submit,2024-01-22T07:50:05,{}
177309,paywall_show,2024-01-22T07:56:54,{}
177571,funnel_start,2024-01-22T08:39:39,"{""funnel_type"": ""fasting""}"
177571,profile_start,2024-01-22T08:39:43,{}
177571,email_submit,2024-01-22T08:39:59,{}
177571,paywall_show,2024-01-22T08:46:02,{}
177704,funnel_start,2024-01-22T09:03:27,"{""funnel_type"": ""activity""}"
178034,funnel_start,2024-01-22T10:01:21,"{""funnel_type"": ""activity""}"
178034,profile_start,2024-01-22T10:01:28,{}
178228,funnel_start,2024-01-22T10:36:23,"{""funnel_type"": ""fasting""}"
178228,experiment_exposure,2024-01-22T10:36:23,"{""experiment_name"": ""exp_3"", ""experiment_group"": ""control""}"
178228,profile_start,2024-01-22T10:36:34,{}
178298,funnel_start,2024-01-22T10:49:01,"{""funnel_type"": ""activity""}"
178298,experiment_exposure,2024-01-22T10:49:01,"{""experiment_name"": ""exp_3"", ""experiment_group"": ""test""}"
178298,profile_start,2024-01-22T10:49:11,{}
178304,funnel_start,2024-01-22T10:50:09,"{""funnel_type"": ""activity""}"
178298,email_submit,2024-01-22T10:50:13,{}
178298,paywall_show,2024-01-22T10:56:58,{}
178392,funnel_start,2024-01-22T11:02:44,"{""funnel_type"": ""activity""}"
178661,funnel_start,2024-01-22T11:53:04,"{""funnel_type"": ""fasting""}"
178870,funnel_start,2024-01-22T12:32:40,"{""funnel_type"": ""fasting""}"
178870,profile_start,2024-01-22T12:32:49,{}
178870,email_submit,2024-01-22T12:33:01,{}
178870,paywall_show,2024-01-22T12:39:12,{}
178920,funnel_start,2024-01-22T12:43:13,"{""funnel_type"": ""activity""}"
178920,profile_start,2024-01-22T12:43:18,{}
179093,experiment_exposure,2024-01-22T13:17:04,"{""experiment_name"": ""exp_3"", ""experiment_group"": ""test""}"
179093,funnel_start,2024-01-22T13:17:04,"{""funnel_type"": ""activity""}"
179093,profile_start,2024-01-22T13:17:08,{}
179093,email_submit,2024-01-22T13:17:21,{}
179129,funnel_start,2024-01-22T13:23:27,"{""funnel_type"": ""fasting""}"
179129,profile_start,2024-01-22T13:23:35,{}
179129,email_submit,2024-01-22T13:24:03,{}
179129,paywall_show,2024-01-22T13:40:05,{}
179232,funnel_start,2024-01-22T13:43:51,"{""funnel_type"": ""yoga""}"
179232,profile_start,2024-01-22T13:43:58,{}
179436,funnel_start,2024-01-22T14:21:17,"{""funnel_type"": ""activity""}"
179620,funnel_start,2024-01-22T14:55:16,"{""funnel_type"": ""yoga""}"
179620,profile_start,2024-01-22T14:55:30,{}
179643,funnel_start,2024-01-22T15:01:05,"{""funnel_type"": ""activity""}"
179643,experiment_exposure,2024-01-22T15:01:05,"{""experiment_name"": ""exp_3"", ""experiment_group"": ""control""}"
179643,profile_start,2024-01-22T15:01:10,{}
179620,paywall_show,2024-01-22T15:01:21,{}
179643,email_submit,2024-01-22T15:01:22,{}
179652,funnel_start,2024-01-22T15:02:52,"{""funnel_type"": ""fasting""}"
179652,profile_start,2024-01-22T15:02:59,{}
179652,email_submit,2024-01-22T15:03:18,{}
179643,paywall_show,2024-01-22T15:09:50,{}
179652,paywall_show,2024-01-22T15:10:54,{}
180103,funnel_start,2024-01-22T16:21:56,"{""funnel_type"": ""fasting""}"
180105,funnel_start,2024-01-22T16:22:15,"{""funnel_type"": ""activity""}"
180241,funnel_start,2024-01-22T16:47:05,"{""funnel_type"": ""activity""}"
180241,experiment_exposure,2024-01-22T16:47:05,"{""experiment_name"": ""exp_3"", ""experiment_group"": ""control""}"
180316,funnel_start,2024-01-22T16:56:08,"{""funnel_type"": ""fasting""}"
180316,experiment_exposure,2024-01-22T16:56:08,"{""experiment_name"": ""exp_3"", ""experiment_group"": ""test""}"
180680,funnel_start,2024-01-22T17:55:50,"{""funnel_type"": ""fasting""}"
180680,experiment_exposure,2024-01-22T17:55:50,"{""experiment_name"": ""exp_3"", ""experiment_group"": ""test""}"
180680,profile_start,2024-01-22T17:56:01,{}
180680,email_submit,2024-01-22T17:56:10,{}
180721,experiment_exposure,2024-01-22T18:02:31,"{""experiment_name"": ""exp_3"", ""experiment_group"": ""control""}"
180721,funnel_start,2024-01-22T18:02:31,"{""funnel_type"": ""fasting""}"
180721,profile_start,2024-01-22T18:02:45,{}
180721,email_submit,2024-01-22T18:03:09,{}
180680,paywall_show,2024-01-22T18:08:38,{}
180721,paywall_show,2024-01-22T18:12:20,{}
180873,funnel_start,2024-01-22T18:24:44,"{""funnel_type"": ""fasting""}"
181147,experiment_exposure,2024-01-22T19:08:53,"{""experiment_name"": ""exp_3"", ""experiment_group"": ""test""}"
181147,funnel_start,2024-01-22T19:08:53,"{""funnel_type"": ""fasting""}"
181147,profile_start,2024-01-22T19:09:03,{}
181147,email_submit,2024-01-22T19:09:16,{}
181265,funnel_start,2024-01-22T19:26:11,"{""funnel_type"": ""activity""}"
181265,profile_start,2024-01-22T19:26:17,{}
181265,email_submit,2024-01-22T19:26:37,{}
181147,paywall_show,2024-01-22T19:29:06,{}
181265,paywall_show,2024-01-22T19:41:52,{}
181265,payment_done,2024-01-22T19:43:51,{}
181648,experiment_exposure,2024-01-22T20:20:49,"{""experiment_name"": ""exp_3"", ""experiment_group"": ""test""}"
181648,funnel_start,2024-01-22T20:20:49,"{""funnel_type"": ""fasting""}"
181741,funnel_start,2024-01-22T20:33:31,"{""funnel_type"": ""activity""}"
181741,profile_start,2024-01-22T20:33:38,{}
181860,funnel_start,2024-01-22T20:50:48,"{""funnel_type"": ""activity""}"
181860,profile_start,2024-01-22T20:51:00,{}
181860,email_submit,2024-01-22T20:51:19,{}
181876,funnel_start,2024-01-22T20:52:26,"{""funnel_type"": ""activity""}"
181876,experiment_exposure,2024-01-22T20:52:26,"{""experiment_name"": ""exp_3"", ""experiment_group"": ""test""}"
181876,profile_start,2024-01-22T20:52:29,{}
181881,funnel_start,2024-01-22T20:52:47,"{""funnel_type"": ""fasting""}"
181876,email_submit,2024-01-22T20:52:58,{}
181876,paywall_show,2024-01-22T20:55:29,{}
181860,paywall_show,2024-01-22T20:56:23,{}
181920,funnel_start,2024-01-22T20:56:55,"{""funnel_type"": ""activity""}"
181920,experiment_exposure,2024-01-22T20:56:55,"{""experiment_name"": ""exp_3"", ""experiment_group"": ""control""}"
182322,funnel_start,2024-01-22T21:48:25,"{""funnel_type"": ""fasting""}"
182322,profile_start,2024-01-22T21:48:34,{}
182322,email_submit,2024-01-22T21:48:50,{}
182395,funnel_start,2024-01-22T21:57:43,"{""funnel_type"": ""fasting""}"
182395,experiment_exposure,2024-01-22T21:57:43,"{""experiment_name"": ""exp_3"", ""experiment_group"": ""test""}"
182395,profile_start,2024-01-22T21:57:57,{}
182395,email_submit,2024-01-22T21:58:13,{}
182431,funnel_start,2024-01-22T22:03:38,"{""funnel_type"": ""fasting""}"
182431,profile_start,2024-01-22T22:03:55,{}
182431,email_submit,2024-01-22T22:04:20,{}
182395,paywall_show,2024-01-22T22:10:08,{}
182322,paywall_show,2024-01-22T22:15:38,{}
182551,funnel_start,2024-01-22T22:16:35,"{""funnel_type"": ""fasting""}"
182551,profile_start,2024-01-22T22:16:45,{}
182431,paywall_show,2024-01-22T22:19:34,{}
183065,funnel_start,2024-01-22T23:20:34,"{""funnel_type"": ""fasting""}"
183065,profile_start,2024-01-22T23:20:50,{}
183065,email_submit,2024-01-22T23:21:13,{}
183327,funnel_start,2024-01-22T23:52:07,"{""funnel_type"": ""activity""}"
183327,profile_start,2024-01-22T23:52:12,{}
183327,email_submit,2024-01-22T23:52:28,{}
183327,paywall_show,2024-01-22T23:59:59,{}
183327,payment_done,2024-01-23T00:01:29,{}
183510,funnel_start,2024-01-23T00:18:33,"{""funnel_type"": ""fasting""}"
183510,profile_start,2024-01-23T00:18:41,{}
183513,experiment_exposure,2024-01-23T00:18:47,"{""experiment_name"": ""exp_3"", ""experiment_group"": ""test""}"
183513,funnel_start,2024-01-23T00:18:47,"{""funnel_type"": ""activity""}"
183513,profile_start,2024-01-23T00:18:52,{}
183513,email_submit,2024-01-23T00:19:02,{}
183510,email_submit,2024-01-23T00:19:43,{}
183513,paywall_show,2024-01-23T00:24:18,{}
183568,funnel_start,2024-01-23T00:28:03,"{""funnel_type"": ""fasting""}"
183568,experiment_exposure,2024-01-23T00:28:03,"{""experiment_name"": ""exp_3"", ""experiment_group"": ""test""}"
183568,profile_start,2024-01-23T00:28:21,{}
183568,email_submit,2024-01-23T00:29:25,{}
183510,paywall_show,2024-01-23T00:31:37,{}
183568,paywall_show,2024-01-23T00:42:52,{}
183728,funnel_start,2024-01-23T00:53:22,"{""funnel_type"": ""fasting""}"
183728,profile_start,2024-01-23T00:53:30,{}
183728,email_submit,2024-01-23T00:54:30,{}
183728,paywall_show,2024-01-23T01:03:42,{}
183939,funnel_start,2024-01-23T01:26:06,"{""funnel_type"": ""yoga""}"
183977,experiment_exposure,2024-01-23T01:32:32,"{""experiment_name"": ""exp_3"", ""experiment_group"": ""test""}"
183977,funnel_start,2024-01-23T01:32:32,"{""funnel_type"": ""yoga""}"
183977,profile_start,2024-01-23T01:32:43,{}
183977,paywall_show,2024-01-23T01:41:44,{}
184040,funnel_start,2024-01-23T01:42:26,"{""funnel_type"": ""activity""}"
183977,payment_done,2024-01-23T01:42:59,{}
183977,email_submit,2024-01-23T01:43:15,{}
184403,funnel_start,2024-01-23T03:00:14,"{""funnel_type"": ""fasting""}"
184403,experiment_exposure,2024-01-23T03:00:14,"{""experiment_name"": ""exp_3"", ""experiment_group"": ""test""}"
184403,profile_start,2024-01-23T03:00:25,{}
184403,email_submit,2024-01-23T03:01:18,{}
184425,funnel_start,2024-01-23T03:04:13,"{""funnel_type"": ""activity""}"
184425,profile_start,2024-01-23T03:04:19,{}
184425,email_submit,2024-01-23T03:04:55,{}
184425,paywall_show,2024-01-23T03:14:24,{}
184403,paywall_show,2024-01-23T03:14:31,{}
184527,funnel_start,2024-01-23T03:33:18,"{""funnel_type"": ""activity""}"
184527,profile_start,2024-01-23T03:33:32,{}
184527,email_submit,2024-01-23T03:33:40,{}
184780,funnel_start,2024-01-23T04:51:28,"{""funnel_type"": ""fasting""}"
185174,experiment_exposure,2024-01-23T06:44:32,"{""experiment_name"": ""exp_3"", ""experiment_group"": ""test""}"
185174,funnel_start,2024-01-23T06:44:32,"{""funnel_type"": ""fasting""}"
185381,funnel_start,2024-01-23T07:33:24,"{""funnel_type"": ""activity""}"
185424,funnel_start,2024-01-23T07:39:55,"{""funnel_type"": ""fasting""}"
185424,experiment_exposure,2024-01-23T07:39:55,"{""experiment_name"": ""exp_3"", ""experiment_group"": ""test""}"
185424,profile_start,2024-01-23T07:40:06,{}
185424,email_submit,2024-01-23T07:40:32,{}
185446,funnel_start,2024-01-23T07:45:56,"{""funnel_type"": ""fasting""}"
185498,experiment_exposure,2024-01-23T07:56:11,"{""experiment_name"": ""exp_3"", ""experiment_group"": ""test""}"
185498,funnel_start,2024-01-23T07:56:11,"{""funnel_type"": ""activity""}"
185559,funnel_start,2024-01-23T08:06:42,"{""funnel_type"": ""activity""}"
185913,funnel_start,2024-01-23T09:11:19,"{""funnel_type"": ""fasting""}"
185913,profile_start,2024-01-23T09:11:27,{}
185913,email_submit,2024-01-23T09:11:51,{}
185931,funnel_start,2024-01-23T09:14:59,"{""funnel_type"": ""fasting""}"
185931,profile_start,2024-01-23T09:15:04,{}
185931,email_submit,2024-01-23T09:15:32,{}
185913,paywall_show,2024-01-23T09:22:48,{}
186051,funnel_start,2024-01-23T09:37:38,"{""funnel_type"": ""fasting""}"
186051,experiment_exposure,2024-01-23T09:37:38,"{""experiment_name"": ""exp_3"", ""experiment_group"": ""control""}"
186051,profile_start,2024-01-23T09:37:54,{}
186051,email_submit,2024-01-23T09:38:07,{}
186089,funnel_start,2024-01-23T09:43:33,"{""funnel_type"": ""activity""}"
186089,profile_start,2024-01-23T09:43:39,{}
186089,email_submit,2024-01-23T09:43:53,{}
186051,paywall_show,2024-01-23T09:44:14,{}
186262,experiment_exposure,2024-01-23T10:09:38,"{""experiment_name"": ""exp_3"", ""experiment_group"": ""control""}"
186262,funnel_start,2024-01-23T10:09:38,"{""funnel_type"": ""fasting""}"
186262,profile_start,2024-01-23T10:09:49,{}
186262,email_submit,2024-01-23T10:10:15,{}
186262,paywall_show,2024-01-23T10:15:37,{}
186646,funnel_start,2024-01-23T11:08:05,"{""funnel_type"": ""fasting""}"
186646,experiment_exposure,2024-01-23T11:08:05,"{""experiment_name"": ""exp_3"", ""experiment_group"": ""control""}"
186646,profile_start,2024-01-23T11:08:17,{}
186646,email_submit,2024-01-23T11:08:51,{}
186646,paywall_show,2024-01-23T11:14:24,{}
187484,funnel_start,2024-01-23T13:37:04,"{""funnel_type"": ""yoga""}"
187484,profile_start,2024-01-23T13:37:30,{}
187484,paywall_show,2024-01-23T13:45:43,{}
187929,funnel_start,2024-01-23T14:58:02,"{""funnel_type"": ""yoga""}"
187929,experiment_exposure,2024-01-23T14:58:02,"{""experiment_name"": ""exp_3"", ""experiment_group"": ""control""}"
187929,profile_start,2024-01-23T14:58:15,{}
187929,paywall_show,2024-01-23T15:09:03,{}
188042,funnel_start,2024-01-23T15:16:00,"{""funnel_type"": ""fasting""}"
188042,profile_start,2024-01-23T15:16:09,{}
188042,email_submit,2024-01-23T15:16:30,{}
188042,paywall_show,2024-01-23T15:23:28,{}
188083,funnel_start,2024-01-23T15:23:50,"{""funnel_type"": ""fasting""}"
188083,profile_start,2024-01-23T15:23:56,{}
188083,email_submit,2024-01-23T15:24:26,{}
188709,funnel_start,2024-01-23T17:11:00,"{""funnel_type"": ""fasting""}"
188709,profile_start,2024-01-23T17:11:10,{}
188709,email_submit,2024-01-23T17:11:52,{}
188734,experiment_exposure,2024-01-23T17:15:15,"{""experiment_name"": ""exp_3"", ""experiment_group"": ""test""}"
188734,funnel_start,2024-01-23T17:15:15,"{""funnel_type"": ""activity""}"
188737,funnel_start,2024-01-23T17:15:51,"{""funnel_type"": ""fasting""}"
188709,paywall_show,2024-01-23T17:31:37,{}
188934,funnel_start,2024-01-23T17:49:00,"{""funnel_type"": ""fasting""}"
188934,profile_start,2024-01-23T17:49:11,{}
188934,email_submit,2024-01-23T17:49:44,{}
188934,paywall_show,2024-01-23T17:58:29,{}
189053,funnel_start,2024-01-23T18:06:17,"{""funnel_type"": ""activity""}"
189053,experiment_exposure,2024-01-23T18:06:17,"{""experiment_name"": ""exp_3"", ""experiment_group"": ""test""}"
189057,funnel_start,2024-01-23T18:06:41,"{""funnel_type"": ""fasting""}"
189057,profile_start,2024-01-23T18:06:51,{}
189057,email_submit,2024-01-23T18:07:24,{}
189080,funnel_start,2024-01-23T18:09:28,"{""funnel_type"": ""activity""}"
189090,funnel_start,2024-01-23T18:10:30,"{""funnel_type"": ""fasting""}"
189090,profile_start,2024-01-23T18:10:35,{}
189057,paywall_show,2024-01-23T18:13:47,{}
189282,experiment_exposure,2024-01-23T18:39:36,"{""experiment_name"": ""exp_3"", ""experiment_group"": ""control""}"
189282,funnel_start,2024-01-23T18:39:36,"{""funnel_type"": ""activity""}"
189544,funnel_start,2024-01-23T19:16:51,"{""funnel_type"": ""activity""}"
189544,profile_start,2024-01-23T19:17:02,{}
189544,email_submit,2024-01-23T19:17:57,{}
189544,paywall_show,2024-01-23T19:21:43,{}
189941,funnel_start,2024-01-23T20:14:01,"{""funnel_type"": ""yoga""}"
189941,profile_start,2024-01-23T20:14:15,{}
189941,paywall_show,2024-01-23T20:21:31,{}
190245,funnel_start,2024-01-23T21:01:09,"{""funnel_type"": ""fasting""}"
190245,profile_start,2024-01-23T21:01:14,{}
190245,email_submit,2024-01-23T21:01:47,{}
190326,funnel_start,2024-01-23T21:11:21,"{""funnel_type"": ""activity""}"
190336,funnel_start,2024-01-23T21:12:40,"{""funnel_type"": ""fasting""}"
190336,profile_start,2024-01-23T21:12:50,{}
190336,email_submit,2024-01-23T21:13:02,{}
190245,paywall_show,2024-01-23T21:15:46,{}
190336,paywall_show,2024-01-23T21:17:31,{}
190615,funnel_start,2024-01-23T21:47:00,"{""funnel_type"": ""fasting""}"
190615,profile_start,2024-01-23T21:47:10,{}
190615,email_submit,2024-01-23T21:47:28,{}
190666,funnel_start,2024-01-23T21:51:53,"{""funnel_type"": ""yoga""}"
191084,funnel_start,2024-01-23T22:40:53,"{""funnel_type"": ""yoga""}"
191084,profile_start,2024-01-23T22:41:01,{}
191115,funnel_start,2024-01-23T22:44:35,"{""funnel_type"": ""activity""}"
191115,experiment_exposure,2024-01-23T22:44:35,"{""experiment_name"": ""exp_3"", ""experiment_group"": ""control""}"
191115,profile_start,2024-01-23T22:44:44,{}
191115,email_submit,2024-01-23T22:45:01,{}
191115,paywall_show,2024-01-23T22:52:47,{}
191084,paywall_show,2024-01-23T23:16:23,{}
191585,funnel_start,2024-01-23T23:46:22,"{""funnel_type"": ""fasting""}"
191585,profile_start,2024-01-23T23:46:38,{}
191585,email_submit,2024-01-23T23:47:00,{}
191585,paywall_show,2024-01-23T23:52:56,{}
192366,funnel_start,2024-01-24T01:46:27,"{""funnel_type"": ""fasting""}"
192366,profile_start,2024-01-24T01:46:39,{}
192366,email_submit,2024-01-24T01:47:08,{}
192366,paywall_show,2024-01-24T01:52:51,{}
192553,funnel_start,2024-01-24T02:19:20,"{""funnel_type"": ""yoga""}"
192553,profile_start,2024-01-24T02:19:36,{}
192553,paywall_show,2024-01-24T02:27:22,{}
192677,funnel_start,2024-01-24T02:44:45,"{""funnel_type"": ""activity""}"
192677,profile_start,2024-01-24T02:44:51,{}
192677,email_submit,2024-01-24T02:45:13,{}
192677,paywall_show,2024-01-24T02:49:14,{}
192817,experiment_exposure,2024-01-24T03:20:29,"{""experiment_name"": ""exp_3"", ""experiment_group"": ""test""}"
192817,funnel_start,2024-01-24T03:20:29,"{""funnel_type"": ""activity""}"
193100,funnel_start,2024-01-24T04:37:23,"{""funnel_type"": ""fasting""}"
193100,profile_start,2024-01-24T04:37:30,{}
193100,email_submit,2024-01-24T04:38:01,{}
193100,paywall_show,2024-01-24T04:44:50,{}
193574,funnel_start,2024-01-24T06:49:22,"{""funnel_type"": ""fasting""}"
193574,experiment_exposure,2024-01-24T06:49:34,"{""experiment_name"": ""exp_5"", ""experiment_group"": ""control""}"
193574,profile_start,2024-01-24T06:49:34,{}
193863,funnel_start,2024-01-24T07:58:33,"{""funnel_type"": ""fasting""}"
193863,experiment_exposure,2024-01-24T07:58:33,"{""experiment_name"": ""exp_3"", ""experiment_group"": ""test""}"
193863,profile_start,2024-01-24T07:58:40,{}
193863,email_submit,2024-01-24T08:00:02,{}
194047,funnel_start,2024-01-24T08:35:52,"{""funnel_type"": ""activity""}"
194047,profile_start,2024-01-24T08:35:59,{}
194047,email_submit,2024-01-24T08:36:38,{}
194047,paywall_show,2024-01-24T08:57:24,{}
194276,funnel_start,2024-01-24T09:17:41,"{""funnel_type"": ""fasting""}"
194276,profile_start,2024-01-24T09:17:46,{}
194276,email_submit,2024-01-24T09:18:17,{}
194276,paywall_show,2024-01-24T09:29:00,{}
194701,funnel_start,2024-01-24T10:33:58,"{""funnel_type"": ""fasting""}"
194701,experiment_exposure,2024-01-24T10:33:58,"{""experiment_name"": ""exp_3"", ""experiment_group"": ""control""}"
194882,funnel_start,2024-01-24T11:02:16,"{""funnel_type"": ""activity""}"
194882,profile_start,2024-01-24T11:02:25,{}
194882,email_submit,2024-01-24T11:02:44,{}
194882,paywall_show,2024-01-24T11:07:59,{}
194882,payment_done,2024-01-24T11:12:03,{}
194944,funnel_start,2024-01-24T11:12:35,"{""funnel_type"": ""fasting""}"
194944,experiment_exposure,2024-01-24T11:12:35,"{""experiment_name"": ""exp_3"", ""experiment_group"": ""control""}"
194944,profile_start,2024-01-24T11:12:49,{}
194944,email_submit,2024-01-24T11:13:40,{}
194944,paywall_show,2024-01-24T11:24:10,{}
195199,funnel_start,2024-01-24T11:57:38,"{""funnel_type"": ""activity""}"
195199,experiment_exposure,2024-01-24T11:57:38,"{""experiment_name"": ""exp_3"", ""experiment_group"": ""test""}"
195199,profile_start,2024-01-24T11:57:48,{}
195199,email_submit,2024-01-24T11:58:10,{}
195199,paywall_show,2024-01-24T12:07:40,{}
195410,funnel_start,2024-01-24T12:31:14,"{""funnel_type"": ""fasting""}"
195410,profile_start,2024-01-24T12:31:22,{}
195413,funnel_start,2024-01-24T12:31:33,"{""funnel_type"": ""fasting""}"
195410,email_submit,2024-01-24T12:31:45,{}
195413,profile_start,2024-01-24T12:31:47,{}
195413,email_submit,2024-01-24T12:32:05,{}
195419,funnel_start,2024-01-24T12:32:24,"{""funnel_type"": ""fasting""}"
195419,profile_start,2024-01-24T12:32:28,{}
195419,email_submit,2024-01-24T12:32:58,{}
195413,paywall_show,2024-01-24T12:36:42,{}
195419,paywall_show,2024-01-24T12:49:32,{}
195699,funnel_start,2024-01-24T13:20:39,"{""funnel_type"": ""activity""}"
196524,funnel_start,2024-01-24T15:50:23,"{""funnel_type"": ""fasting""}"
196524,experiment_exposure,2024-01-24T15:50:23,"{""experiment_name"": ""exp_3"", ""experiment_group"": ""test""}"
196524,profile_start,2024-01-24T15:50:28,{}
196524,email_submit,2024-01-24T15:50:52,{}
196539,funnel_start,2024-01-24T15:52:11,"{""funnel_type"": ""activity""}"
196539,experiment_exposure,2024-01-24T15:52:11,"{""experiment_name"": ""exp_3"", ""experiment_group"": ""control""}"
196539,profile_start,2024-01-24T15:52:16,{}
196539,email_submit,2024-01-24T15:52:44,{}
196539,paywall_show,2024-01-24T15:56:39,{}
196613,funnel_start,2024-01-24T16:04:22,"{""funnel_type"": ""fasting""}"
196805,funnel_start,2024-01-24T16:34:34,"{""funnel_type"": ""fasting""}"
196805,experiment_exposure,2024-01-24T16:34:34,"{""experiment_name"": ""exp_3"", ""experiment_group"": ""control""}"
196805,profile_start,2024-01-24T16:34:53,{}
196829,funnel_start,2024-01-24T16:37:39,"{""funnel_type"": ""yoga""}"
197108,experiment_exposure,2024-01-24T17:20:41,"{""experiment_name"": ""exp_3"", ""experiment_group"": ""control""}"
197108,funnel_start,2024-01-24T17:20:41,"{""funnel_type"": ""activity""}"
197108,profile_start,2024-01-24T17:20:52,{}
197108,email_submit,2024-01-24T17:21:14,{}
197108,paywall_show,2024-01-24T17:28:22,{}
197108,payment_done,2024-01-24T17:32:58,{}
197396,funnel_start,2024-01-24T18:04:40,"{""funnel_type"": ""fasting""}"
197396,profile_start,2024-01-24T18:04:50,{}
197396,email_submit,2024-01-24T18:05:25,{}
197396,paywall_show,2024-01-24T18:27:00,{}
197697,experiment_exposure,2024-01-24T18:46:55,"{""experiment_name"": ""exp_3"", ""experiment_group"": ""control""}"
197697,funnel_start,2024-01-24T18:46:55,"{""funnel_type"": ""fasting""}"
197697,profile_start,2024-01-24T18:47:04,{}
197697,email_submit,2024-01-24T18:47:21,{}
197737,funnel_start,2024-01-24T18:52:52,"{""funnel_type"": ""activity""}"
197697,paywall_show,2024-01-24T18:55:30,{}
197810,funnel_start,2024-01-24T19:05:50,"{""funnel_type"": ""fasting""}"
197810,profile_start,2024-01-24T19:05:56,{}
197810,email_submit,2024-01-24T19:06:18,{}
197834,funnel_start,2024-01-24T19:10:40,"{""funnel_type"": ""yoga""}"
197834,profile_start,2024-01-24T19:10:54,{}
197834,paywall_show,2024-01-24T19:15:44,{}
198394,funnel_start,2024-01-24T20:36:22,"{""funnel_type"": ""fasting""}"
198493,funnel_start,2024-01-24T20:48:32,"{""funnel_type"": ""fasting""}"
198493,profile_start,2024-01-24T20:48:40,{}
198493,email_submit,2024-01-24T20:48:52,{}
198505,funnel_start,2024-01-24T20:50:17,"{""funnel_type"": ""fasting""}"
198505,profile_start,2024-01-24T20:50:25,{}
198505,email_submit,2024-01-24T20:50:40,{}
198580,funnel_start,2024-01-24T21:00:53,"{""funnel_type"": ""fasting""}"
198580,experiment_exposure,2024-01-24T21:00:53,"{""experiment_name"": ""exp_3"", ""experiment_group"": ""control""}"
198580,profile_start,2024-01-24T21:01:04,{}
198580,email_submit,2024-01-24T21:01:21,{}
198505,paywall_show,2024-01-24T21:06:50,{}
198580,paywall_show,2024-01-24T21:10:23,{}
198774,funnel_start,2024-01-24T21:22:41,"{""funnel_type"": ""activity""}"
198774,profile_start,2024-01-24T21:22:44,{}
198801,funnel_start,2024-01-24T21:25:44,"{""funnel_type"": ""activity""}"
198801,experiment_exposure,2024-01-24T21:25:44,"{""experiment_name"": ""exp_3"", ""experiment_group"": ""test""}"
198801,profile_start,2024-01-24T21:25:50,{}
198801,email_submit,2024-01-24T21:26:02,{}
198801,paywall_show,2024-01-24T21:38:51,{}
198949,funnel_start,2024-01-24T21:44:51,"{""funnel_type"": ""fasting""}"
198949,profile_start,2024-01-24T21:44:57,{}
198949,email_submit,2024-01-24T21:45:27,{}
198949,paywall_show,2024-01-24T22:01:30,{}
199152,funnel_start,2024-01-24T22:09:17,"{""funnel_type"": ""fasting""}"
199152,experiment_exposure,2024-01-24T22:09:17,"{""experiment_name"": ""exp_3"", ""experiment_group"": ""control""}"
199152,profile_start,2024-01-24T22:09:32,{}
199152,email_submit,2024-01-24T22:09:52,{}
199152,paywall_show,2024-01-24T22:16:29,{}
199528,funnel_start,2024-01-24T22:55:17,"{""funnel_type"": ""fasting""}"
199528,experiment_exposure,2024-01-24T22:55:17,"{""experiment_name"": ""exp_3"", ""experiment_group"": ""control""}"
199528,profile_start,2024-01-24T22:55:28,{}
199528,email_submit,2024-01-24T22:55:51,{}
199837,funnel_start,2024-01-24T23:30:23,"{""funnel_type"": ""fasting""}"
199837,profile_start,2024-01-24T23:30:32,{}
199837,email_submit,2024-01-24T23:31:21,{}
199856,funnel_start,2024-01-24T23:32:28,"{""funnel_type"": ""activity""}"
199856,profile_start,2024-01-24T23:32:32,{}
199856,email_submit,2024-01-24T23:32:41,{}
199837,paywall_show,2024-01-24T23:37:21,{}
199856,paywall_show,2024-01-24T23:37:36,{}
200078,funnel_start,2024-01-25T00:00:37,"{""funnel_type"": ""yoga""}"
200078,profile_start,2024-01-25T00:00:49,{}
200078,paywall_show,2024-01-25T00:18:36,{}
200272,funnel_start,2024-01-25T00:31:47,"{""funnel_type"": ""fasting""}"
200272,experiment_exposure,2024-01-25T00:31:47,"{""experiment_name"": ""exp_3"", ""experiment_group"": ""control""}"
200272,profile_start,2024-01-25T00:31:53,{}
200272,email_submit,2024-01-25T00:32:13,{}
200272,paywall_show,2024-01-25T00:36:52,{}
200577,funnel_start,2024-01-25T01:15:03,"{""funnel_type"": ""activity""}"
200614,funnel_start,2024-01-25T01:19:44,"{""funnel_type"": ""fasting""}"
200614,profile_start,2024-01-25T01:19:58,{}
200614,email_submit,2024-01-25T01:20:33,{}
201003,funnel_start,2024-01-25T02:26:25,"{""funnel_type"": ""fasting""}"
201003,profile_start,2024-01-25T02:26:34,{}
201003,email_submit,2024-01-25T02:26:59,{}
201003,paywall_show,2024-01-25T02:33:13,{}
201231,funnel_start,2024-01-25T03:25:48,"{""funnel_type"": ""fasting""}"
201231,experiment_exposure,2024-01-25T03:25:48,"{""experiment_name"": ""exp_3"", ""experiment_group"": ""test""}"
201231,profile_start,2024-01-25T03:26:12,{}
201232,experiment_exposure,2024-01-25T03:26:21,"{""experiment_name"": ""exp_3"", ""experiment_group"": ""control""}"
201232,funnel_start,2024-01-25T03:26:21,"{""funnel_type"": ""activity""}"
201232,profile_start,2024-01-25T03:26:29,{}
201232,email_submit,2024-01-25T03:26:46,{}
201231,email_submit,2024-01-25T03:27:02,{}
201232,paywall_show,2024-01-25T03:31:10,{}
201231,paywall_show,2024-01-25T03:33:29,{}
201823,funnel_start,2024-01-25T06:17:37,"{""funnel_type"": ""fasting""}"
201823,experiment_exposure,2024-01-25T06:17:37,"{""experiment_name"": ""exp_3"", ""experiment_group"": ""control""}"
201823,profile_start,2024-01-25T06:17:42,{}
201823,email_submit,2024-01-25T06:18:05,{}
201823,paywall_show,2024-01-25T06:21:12,{}
201847,funnel_start,2024-01-25T06:24:51,"{""funnel_type"": ""yoga""}"
201847,profile_start,2024-01-25T06:25:12,{}
201847,paywall_show,2024-01-25T06:30:18,{}
201914,funnel_start,2024-01-25T06:44:07,"{""funnel_type"": ""fasting""}"
202051,funnel_start,2024-01-25T07:14:09,"{""funnel_type"": ""fasting""}"
202051,profile_start,2024-01-25T07:14:27,{}
202051,email_submit,2024-01-25T07:14:54,{}
202063,funnel_start,2024-01-25T07:18:50,"{""funnel_type"": ""fasting""}"
202063,profile_start,2024-01-25T07:18:57,{}
202392,funnel_start,2024-01-25T08:24:49,"{""funnel_type"": ""yoga""}"
202392,profile_start,2024-01-25T08:25:07,{}
202392,paywall_show,2024-01-25T08:40:51,{}
202518,funnel_start,2024-01-25T08:47:00,"{""funnel_type"": ""fasting""}"
202518,experiment_exposure,2024-01-25T08:47:00,"{""experiment_name"": ""exp_3"", ""experiment_group"": ""test""}"
202518,profile_start,2024-01-25T08:47:06,{}
202518,email_submit,2024-01-25T08:47:50,{}
202518,paywall_show,2024-01-25T08:58:04,{}
203123,funnel_start,2024-01-25T10:31:34,"{""funnel_type"": ""fasting""}"
203123,experiment_exposure,2024-01-25T10:31:34,"{""experiment_name"": ""exp_3"", ""experiment_group"": ""control""}"
203123,profile_start,2024-01-25T10:31:59,{}
203165,funnel_start,2024-01-25T10:37:35,"{""funnel_type"": ""activity""}"
203165,profile_start,2024-01-25T10:37:42,{}
203165,email_submit,2024-01-25T10:37:54,{}
203286,funnel_start,2024-01-25T11:00:03,"{""funnel_type"": ""fasting""}"
203286,experiment_exposure,2024-01-25T11:00:03,"{""experiment_name"": ""exp_3"", ""experiment_group"": ""control""}"
203286,profile_start,2024-01-25T11:00:18,{}
203286,email_submit,2024-01-25T11:00:46,{}
203336,experiment_exposure,2024-01-25T11:08:54,"{""experiment_name"": ""exp_3"", ""experiment_group"": ""control""}"
203336,funnel_start,2024-01-25T11:08:54,"{""funnel_type"": ""fasting""}"
203336,profile_start,2024-01-25T11:09:05,{}
203336,email_submit,2024-01-25T11:09:28,{}
203286,paywall_show,2024-01-25T11:10:19,{}
203546,funnel_start,2024-01-25T11:45:35,"{""funnel_type"": ""fasting""}"
203766,funnel_start,2024-01-25T12:18:54,"{""funnel_type"": ""fasting""}"
203766,experiment_exposure,2024-01-25T12:18:54,"{""experiment_name"": ""exp_3"", ""experiment_group"": ""test""}"
203766,profile_start,2024-01-25T12:19:00,{}
204126,experiment_exposure,2024-01-25T13:29:53,"{""experiment_name"": ""exp_3"", ""experiment_group"": ""control""}"
204126,funnel_start,2024-01-25T13:29:53,"{""funnel_type"": ""fasting""}"
204126,profile_start,2024-01-25T13:30:03,{}
204126,email_submit,2024-01-25T13:30:41,{}
204139,funnel_start,2024-01-25T13:32:49,"{""funnel_type"": ""activity""}"
204175,funnel_start,2024-01-25T13:39:26,"{""funnel_type"": ""activity""}"
204175,experiment_exposure,2024-01-25T13:39:26,"{""experiment_name"": ""exp_3"", ""experiment_group"": ""control""}"
204175,profile_start,2024-01-25T13:39:34,{}
204175,email_submit,2024-01-25T13:39:43,{}
204175,paywall_show,2024-01-25T13:44:51,{}
204280,funnel_start,2024-01-25T13:56:08,"{""funnel_type"": ""fasting""}"
204280,profile_start,2024-01-25T13:56:17,{}
204280,email_submit,2024-01-25T13:56:43,{}
204280,paywall_show,2024-01-25T14:03:20,{}
204280,payment_done,2024-01-25T14:08:41,{}
204397,funnel_start,2024-01-25T14:17:42,"{""funnel_type"": ""fasting""}"
204991,funnel_start,2024-01-25T15:57:30,"{""funnel_type"": ""yoga""}"
204991,profile_start,2024-01-25T15:57:37,{}
204991,paywall_show,2024-01-25T16:03:15,{}
205025,funnel_start,2024-01-25T16:03:22,"{""funnel_type"": ""activity""}"
205025,profile_start,2024-01-25T16:03:31,{}
205025,email_submit,2024-01-25T16:03:50,{}
204991,payment_done,2024-01-25T16:05:05,{}
204991,email_submit,2024-01-25T16:05:15,{}
205025,paywall_show,2024-01-25T16:12:51,{}
205554,experiment_exposure,2024-01-25T17:28:26,"{""experiment_name"": ""exp_3"", ""experiment_group"": ""test""}"
205554,funnel_start,2024-01-25T17:28:26,"{""funnel_type"": ""activity""}"
205554,profile_start,2024-01-25T17:28:35,{}
205554,email_submit,2024-01-25T17:29:10,{}
205957,funnel_start,2024-01-25T18:34:25,"{""funnel_type"": ""fasting""}"
205957,profile_start,2024-01-25T18:34:30,{}
205957,email_submit,2024-01-25T18:34:43,{}
205957,paywall_show,2024-01-25T18:55:20,{}
206176,funnel_start,2024-01-25T19:05:32,"{""funnel_type"": ""fasting""}"
206176,profile_start,2024-01-25T19:05:43,{}
206176,email_submit,2024-01-25T19:05:54,{}
206176,paywall_show,2024-01-25T19:13:09,{}
206643,funnel_start,2024-01-25T20:16:20,"{""funnel_type"": ""fasting""}"
206643,profile_start,2024-01-25T20:16:28,{}
206643,email_submit,2024-01-25T20:16:52,{}
206643,paywall_show,2024-01-25T20:29:17,{}
207068,funnel_start,2024-01-25T21:13:43,"{""funnel_type"": ""activity""}"
207068,profile_start,2024-01-25T21:13:50,{}
207068,email_submit,2024-01-25T21:14:11,{}
207100,funnel_start,2024-01-25T21:17:37,"{""funnel_type"": ""fasting""}"
207068,paywall_show,2024-01-25T21:20:43,{}
207206,funnel_start,2024-01-25T21:31:06,"{""funnel_type"": ""activity""}"
207206,profile_start,2024-01-25T21:31:20,{}
207206,email_submit,2024-01-25T21:31:42,{}
207206,paywall_show,2024-01-25T21:42:17,{}
207390,funnel_start,2024-01-25T21:54:12,"{""funnel_type"": ""fasting""}"
207390,profile_start,2024-01-25T21:54:22,{}
207533,funnel_start,2024-01-25T22:10:54,"{""funnel_type"": ""fasting""}"
207533,profile_start,2024-01-25T22:11:10,{}
207533,email_submit,2024-01-25T22:11:39,{}
207533,paywall_show,2024-01-25T22:20:31,{}
207645,funnel_start,2024-01-25T22:22:49,"{""funnel_type"": ""activity""}"
207645,profile_start,2024-01-25T22:23:01,{}
207645,email_submit,2024-01-25T22:23:32,{}
207652,funnel_start,2024-01-25T22:23:49,"{""funnel_type"": ""fasting""}"
207652,profile_start,2024-01-25T22:24:03,{}
207652,email_submit,2024-01-25T22:24:37,{}
207652,paywall_show,2024-01-25T22:29:40,{}
207645,paywall_show,2024-01-25T22:30:57,{}
207997,funnel_start,2024-01-25T23:04:44,"{""funnel_type"": ""yoga""}"
207997,experiment_exposure,2024-01-25T23:04:44,"{""experiment_name"": ""exp_3"", ""experiment_group"": ""control""}"
207997,profile_start,2024-01-25T23:04:52,{}
207997,paywall_show,2024-01-25T23:16:17,{}
208435,funnel_start,2024-01-26T00:01:55,"{""funnel_type"": ""fasting""}"
208435,profile_start,2024-01-26T00:02:06,{}
208435,email_submit,2024-01-26T00:02:19,{}
208699,funnel_start,2024-01-26T00:41:00,"{""funnel_type"": ""yoga""}"
208699,profile_start,2024-01-26T00:41:15,{}
208699,paywall_show,2024-01-26T00:44:51,{}
208867,funnel_start,2024-01-26T01:10:11,"{""funnel_type"": ""activity""}"
208867,profile_start,2024-01-26T01:10:18,{}
208867,email_submit,2024-01-26T01:10:39,{}
208867,paywall_show,2024-01-26T01:15:57,{}
209491,funnel_start,2024-01-26T03:18:33,"{""funnel_type"": ""fasting""}"
209491,experiment_exposure,2024-01-26T03:18:33,"{""experiment_name"": ""exp_3"", ""experiment_group"": ""test""}"
209555,funnel_start,2024-01-26T03:34:02,"{""funnel_type"": ""fasting""}"
209555,profile_start,2024-01-26T03:34:16,{}
209555,email_submit,2024-01-26T03:35:22,{}
209582,funnel_start,2024-01-26T03:40:31,"{""funnel_type"": ""activity""}"
209555,paywall_show,2024-01-26T03:49:38,{}
209555,payment_done,2024-01-26T03:50:14,{}
209808,funnel_start,2024-01-26T04:50:12,"{""funnel_type"": ""fasting""}"
209808,experiment_exposure,2024-01-26T04:50:12,"{""experiment_name"": ""exp_3"", ""experiment_group"": ""test""}"
210044,funnel_start,2024-01-26T06:01:25,"{""funnel_type"": ""activity""}"
210044,experiment_exposure,2024-01-26T06:01:25,"{""experiment_name"": ""exp_3"", ""experiment_group"": ""control""}"
210044,profile_start,2024-01-26T06:01:31,{}
210044,email_submit,2024-01-26T06:01:40,{}
210050,funnel_start,2024-01-26T06:03:19,"{""funnel_type"": ""fasting""}"
210050,profile_start,2024-01-26T06:03:25,{}
210050,email_submit,2024-01-26T06:03:51,{}
210044,paywall_show,2024-01-26T06:04:54,{}
210050,paywall_show,2024-01-26T06:11:02,{}
210129,funnel_start,2024-01-26T06:22:40,"{""funnel_type"": ""fasting""}"
210150,funnel_start,2024-01-26T06:26:25,"{""funnel_type"": ""fasting""}"
210442,funnel_start,2024-01-26T07:32:17,"{""funnel_type"": ""fasting""}"
210442,profile_start,2024-01-26T07:32:33,{}
210442,email_submit,2024-01-26T07:32:41,{}
210484,funnel_start,2024-01-26T07:41:40,"{""funnel_type"": ""activity""}"
210442,paywall_show,2024-01-26T07:43:16,{}
210680,experiment_exposure,2024-01-26T08:15:13,"{""experiment_name"": ""exp_3"", ""experiment_group"": ""control""}"
210680,funnel_start,2024-01-26T08:15:13,"{""funnel_type"": ""fasting""}"
210680,profile_start,2024-01-26T08:15:21,{}
210680,email_submit,2024-01-26T08:15:35,{}
210983,funnel_start,2024-01-26T09:13:51,"{""funnel_type"": ""fasting""}"
210983,profile_start,2024-01-26T09:14:03,{}
210983,email_submit,2024-01-26T09:16:00,{}
210983,paywall_show,2024-01-26T09:24:46,{}
211275,funnel_start,2024-01-26T10:04:37,"{""funnel_type"": ""activity""}"
211275,profile_start,2024-01-26T10:04:48,{}
211275,email_submit,2024-01-26T10:05:11,{}
211275,paywall_show,2024-01-26T10:11:24,{}
211275,payment_done,2024-01-26T10:14:52,{}
211586,funnel_start,2024-01-26T10:56:13,"{""funnel_type"": ""fasting""}"
211586,profile_start,2024-01-26T10:56:21,{}
211635,funnel_start,2024-01-26T11:04:04,"{""funnel_type"": ""activity""}"
211635,profile_start,2024-01-26T11:04:11,{}
211635,email_submit,2024-01-26T11:04:53,{}
211635,paywall_show,2024-01-26T11:08:02,{}
211718,funnel_start,2024-01-26T11:16:36,"{""funnel_type"": ""fasting""}"
211718,profile_start,2024-01-26T11:16:45,{}
211718,email_submit,2024-01-26T11:17:04,{}
211718,paywall_show,2024-01-26T11:22:28,{}
211773,experiment_exposure,2024-01-26T11:25:36,"{""experiment_name"": ""exp_3"", ""experiment_group"": ""control""}"
211773,funnel_start,2024-01-26T11:25:36,"{""funnel_type"": ""fasting""}"
211773,profile_start,2024-01-26T11:25:49,{}
211773,email_submit,2024-01-26T11:26:11,{}
212178,funnel_start,2024-01-26T12:34:33,"{""funnel_type"": ""activity""}"
212178,experiment_exposure,2024-01-26T12:34:33,"{""experiment_name"": ""exp_3"", ""experiment_group"": ""test""}"
212178,profile_start,2024-01-26T12:34:44,{}
212178,email_submit,2024-01-26T12:34:58,{}
212220,funnel_start,2024-01-26T12:40:10,"{""funnel_type"": ""fasting""}"
212220,profile_start,2024-01-26T12:40:17,{}
212250,funnel_start,2024-01-26T12:44:21,"{""funnel_type"": ""activity""}"
212250,profile_start,2024-01-26T12:44:29,{}
212250,email_submit,2024-01-26T12:44:39,{}
212315,experiment_exposure,2024-01-26T12:56:25,"{""experiment_name"": ""exp_3"", ""experiment_group"": ""test""}"
212315,funnel_start,2024-01-26T12:56:25,"{""funnel_type"": ""yoga""}"
212315,profile_start,2024-01-26T12:56:35,{}
212320,funnel_start,2024-01-26T12:57:02,"{""funnel_type"": ""activity""}"
212320,experiment_exposure,2024-01-26T12:57:02,"{""experiment_name"": ""exp_3"", ""experiment_group"": ""test""}"
212320,profile_start,2024-01-26T12:57:12,{}
212320,email_submit,2024-01-26T12:57:23,{}
212320,paywall_show,2024-01-26T13:08:38,{}
212320,payment_done,2024-01-26T13:10:12,{}
212423,funnel_start,2024-01-26T13:16:17,"{""funnel_type"": ""activity""}"
212423,profile_start,2024-01-26T13:16:26,{}
212423,email_submit,2024-01-26T13:16:46,{}
212423,paywall_show,2024-01-26T13:24:35,{}
212652,funnel_start,2024-01-26T14:00:24,"{""funnel_type"": ""activity""}"
212672,experiment_exposure,2024-01-26T14:02:58,"{""experiment_name"": ""exp_3"", ""experiment_group"": ""test""}"
212672,funnel_start,2024-01-26T14:02:58,"{""funnel_type"": ""fasting""}"
212672,profile_start,2024-01-26T14:03:06,{}
212770,funnel_start,2024-01-26T14:20:40,"{""funnel_type"": ""fasting""}"
213061,funnel_start,2024-01-26T15:08:16,"{""funnel_type"": ""activity""}"
213061,profile_start,2024-01-26T15:08:24,{}
213061,email_submit,2024-01-26T15:08:36,{}
213061,paywall_show,2024-01-26T15:19:03,{}
213327,funnel_start,2024-01-26T15:51:38,"{""funnel_type"": ""yoga""}"
213327,experiment_exposure,2024-01-26T15:51:38,"{""experiment_name"": ""exp_3"", ""experiment_group"": ""test""}"
213409,funnel_start,2024-01-26T16:02:54,"{""funnel_type"": ""fasting""}"
213409,profile_start,2024-01-26T16:02:59,{}
213409,email_submit,2024-01-26T16:03:36,{}
213409,paywall_show,2024-01-26T16:10:10,{}
213674,experiment_exposure,2024-01-26T16:42:28,"{""experiment_name"": ""exp_3"", ""experiment_group"": ""test""}"
213674,funnel_start,2024-01-26T16:42:28,"{""funnel_type"": ""activity""}"
213802,funnel_start,2024-01-26T17:03:26,"{""funnel_type"": ""activity""}"
213802,profile_start,2024-01-26T17:03:33,{}
213802,email_submit,2024-01-26T17:03:58,{}
213802,paywall_show,2024-01-26T17:17:48,{}
214217,experiment_exposure,2024-01-26T18:08:21,"{""experiment_name"": ""exp_3"", ""experiment_group"": ""test""}"
214217,funnel_start,2024-01-26T18:08:21,"{""funnel_type"": ""activity""}"
214540,experiment_exposure,2024-01-26T18:58:44,"{""experiment_name"": ""exp_3"", ""experiment_group"": ""test""}"
214540,funnel_start,2024-01-26T18:58:44,"{""funnel_type"": ""fasting""}"
214627,funnel_start,2024-01-26T19:10:54,"{""funnel_type"": ""activity""}"
214627,profile_start,2024-01-26T19:11:01,{}
214627,email_submit,2024-01-26T19:11:33,{}
214627,paywall_show,2024-01-26T19:19:10,{}
214938,funnel_start,2024-01-26T19:57:14,"{""funnel_type"": ""yoga""}"
214938,profile_start,2024-01-26T19:57:21,{}
214938,paywall_show,2024-01-26T20:09:08,{}
215339,funnel_start,2024-01-26T20:50:11,"{""funnel_type"": ""fasting""}"
215339,experiment_exposure,2024-01-26T20:50:11,"{""experiment_name"": ""exp_3"", ""experiment_group"": ""test""}"
215537,funnel_start,2024-01-26T21:17:35,"{""funnel_type"": ""fasting""}"
215597,funnel_start,2024-01-26T21:26:43,"{""funnel_type"": ""activity""}"
215597,profile_start,2024-01-26T21:26:50,{}
215597,email_submit,2024-01-26T21:27:10,{}
215631,experiment_exposure,2024-01-26T21:31:23,"{""experiment_name"": ""exp_3"", ""experiment_group"": ""control""}"
215631,funnel_start,2024-01-26T21:31:23,"{""funnel_type"": ""activity""}"
215631,profile_start,2024-01-26T21:31:28,{}
215631,email_submit,2024-01-26T21:31:35,{}
215631,paywall_show,2024-01-26T21:40:51,{}
215992,funnel_start,2024-01-26T22:10:35,"{""funnel_type"": ""activity""}"
216130,funnel_start,2024-01-26T22:27:12,"{""funnel_type"": ""activity""}"
216130,experiment_exposure,2024-01-26T22:27:12,"{""experiment_name"": ""exp_3"", ""experiment_group"": ""test""}"
216130,profile_start,2024-01-26T22:27:23,{}
216130,email_submit,2024-01-26T22:27:43,{}
216190,funnel_start,2024-01-26T22:35:15,"{""funnel_type"": ""activity""}"
216190,profile_start,2024-01-26T22:35:24,{}
216190,email_submit,2024-01-26T22:35:42,{}
216190,paywall_show,2024-01-26T22:39:28,{}
216130,paywall_show,2024-01-26T22:54:43,{}
216538,funnel_start,2024-01-26T23:18:18,"{""funnel_type"": ""activity""}"
216538,profile_start,2024-01-26T23:18:22,{}
216538,email_submit,2024-01-26T23:18:41,{}
216538,paywall_show,2024-01-26T23:25:36,{}
216756,funnel_start,2024-01-26T23:44:33,"{""funnel_type"": ""fasting""}"
216756,profile_start,2024-01-26T23:44:38,{}
216756,email_submit,2024-01-26T23:44:49,{}
216756,paywall_show,2024-01-26T23:58:15,{}
216877,funnel_start,2024-01-27T00:01:17,"{""funnel_type"": ""activity""}"
216877,profile_start,2024-01-27T00:01:23,{}
217160,funnel_start,2024-01-27T00:45:16,"{""funnel_type"": ""fasting""}"
217160,profile_start,2024-01-27T00:45:28,{}
217160,email_submit,2024-01-27T00:46:02,{}
217175,funnel_start,2024-01-27T00:47:13,"{""funnel_type"": ""fasting""}"
217160,paywall_show,2024-01-27T00:52:04,{}
218040,funnel_start,2024-01-27T03:36:20,"{""funnel_type"": ""fasting""}"
218040,experiment_exposure,2024-01-27T03:36:20,"{""experiment_name"": ""exp_3"", ""experiment_group"": ""test""}"
218040,profile_start,2024-01-27T03:36:29,{}
218040,email_submit,2024-01-27T03:36:54,{}
218055,funnel_start,2024-01-27T03:39:21,"{""funnel_type"": ""activity""}"
218060,funnel_start,2024-01-27T03:40:14,"{""funnel_type"": ""fasting""}"
218060,profile_start,2024-01-27T03:40:19,{}
218060,email_submit,2024-01-27T03:40:39,{}
218093,funnel_start,2024-01-27T03:47:24,"{""funnel_type"": ""activity""}"
218093,profile_start,2024-01-27T03:47:35,{}
218060,paywall_show,2024-01-27T03:47:41,{}
218093,email_submit,2024-01-27T03:47:54,{}
218040,paywall_show,2024-01-27T03:48:21,{}
218093,paywall_show,2024-01-27T03:51:07,{}
218347,funnel_start,2024-01-27T05:07:21,"{""funnel_type"": ""activity""}"
218537,funnel_start,2024-01-27T06:04:57,"{""funnel_type"": ""fasting""}"
218537,profile_start,2024-01-27T06:05:10,{}
218537,email_submit,2024-01-27T06:05:47,{}
218537,paywall_show,2024-01-27T06:21:25,{}
218757,funnel_start,2024-01-27T06:53:37,"{""funnel_type"": ""fasting""}"
218757,profile_start,2024-01-27T06:53:46,{}
218757,email_submit,2024-01-27T06:54:07,{}
219259,funnel_start,2024-01-27T08:37:36,"{""funnel_type"": ""fasting""}"
219259,profile_start,2024-01-27T08:37:46,{}
219259,email_submit,2024-01-27T08:38:23,{}
219339,funnel_start,2024-01-27T08:51:11,"{""funnel_type"": ""fasting""}"
219339,experiment_exposure,2024-01-27T08:51:11,"{""experiment_name"": ""exp_3"", ""experiment_group"": ""control""}"
219339,profile_start,2024-01-27T08:51:16,{}
219339,email_submit,2024-01-27T08:51:28,{}
219381,funnel_start,2024-01-27T08:58:57,"{""funnel_type"": ""fasting""}"
219381,experiment_exposure,2024-01-27T08:59:03,"{""experiment_name"": ""exp_5"", ""experiment_group"": ""control""}"
219381,profile_start,2024-01-27T08:59:03,{}
219381,email_submit,2024-01-27T08:59:20,{}
219339,paywall_show,2024-01-27T09:03:54,{}
219381,paywall_show,2024-01-27T09:10:19,{}
219581,funnel_start,2024-01-27T09:33:28,"{""funnel_type"": ""activity""}"
219581,experiment_exposure,2024-01-27T09:33:28,"{""experiment_name"": ""exp_3"", ""experiment_group"": ""control""}"
219581,profile_start,2024-01-27T09:33:38,{}
219583,funnel_start,2024-01-27T09:33:53,"{""funnel_type"": ""activity""}"
219581,email_submit,2024-01-27T09:34:00,{}
219583,profile_start,2024-01-27T09:34:01,{}
219581,paywall_show,2024-01-27T09:40:26,{}
219615,funnel_start,2024-01-27T09:40:35,"{""funnel_type"": ""fasting""}"
219615,experiment_exposure,2024-01-27T09:40:47,"{""experiment_name"": ""exp_5"", ""experiment_group"": ""test""}"
219615,profile_start,2024-01-27T09:40:47,{}
219615,email_submit,2024-01-27T09:41:20,{}
219804,funnel_start,2024-01-27T10:13:29,"{""funnel_type"": ""fasting""}"
219804,profile_start,2024-01-27T10:13:43,{}
219804,email_submit,2024-01-27T10:14:58,{}
219804,paywall_show,2024-01-27T10:20:53,{}
219903,funnel_start,2024-01-27T10:29:35,"{""funnel_type"": ""activity""}"
219903,profile_start,2024-01-27T10:29:44,{}
219903,email_submit,2024-01-27T10:30:05,{}
219903,paywall_show,2024-01-27T10:33:09,{}
219903,payment_done,2024-01-27T10:34:18,{}
220121,experiment_exposure,2024-01-27T11:07:46,"{""experiment_name"": ""exp_3"", ""experiment_group"": ""test""}"
220121,funnel_start,2024-01-27T11:07:46,"{""funnel_type"": ""fasting""}"
220155,funnel_start,2024-01-27T11:14:39,"{""funnel_type"": ""fasting""}"
220310,funnel_start,2024-01-27T11:40:06,"{""funnel_type"": ""fasting""}"
220310,profile_start,2024-01-27T11:40:18,{}
220310,email_submit,2024-01-27T11:40:53,{}
220383,funnel_start,2024-01-27T11:50:07,"{""funnel_type"": ""activity""}"
220383,profile_start,2024-01-27T11:50:15,{}
220383,experiment_exposure,2024-01-27T11:50:15,"{""experiment_name"": ""exp_5"", ""experiment_group"": ""test""}"
220383,email_submit,2024-01-27T11:50:35,{}
220310,paywall_show,2024-01-27T11:50:56,{}
220383,paywall_show,2024-01-27T11:57:37,{}
220793,funnel_start,2024-01-27T13:10:00,"{""funnel_type"": ""yoga""}"
220793,profile_start,2024-01-27T13:10:07,{}
220830,funnel_start,2024-01-27T13:15:54,"{""funnel_type"": ""fasting""}"
220830,profile_start,2024-01-27T13:16:03,{}
220830,email_submit,2024-01-27T13:16:30,{}
220830,paywall_show,2024-01-27T13:28:05,{}
220793,paywall_show,2024-01-27T13:28:53,{}
220944,funnel_start,2024-01-27T13:38:14,"{""funnel_type"": ""activity""}"
220944,profile_start,2024-01-27T13:38:18,{}
220944,email_submit,2024-01-27T13:38:32,{}
220944,paywall_show,2024-01-27T13:46:19,{}
221219,funnel_start,2024-01-27T14:25:46,"{""funnel_type"": ""fasting""}"
221219,experiment_exposure,2024-01-27T14:25:56,"{""experiment_name"": ""exp_5"", ""experiment_group"": ""control""}"
221219,profile_start,2024-01-27T14:25:56,{}
221219,email_submit,2024-01-27T14:26:59,{}
221539,funnel_start,2024-01-27T15:19:42,"{""funnel_type"": ""activity""}"
221791,experiment_exposure,2024-01-27T15:59:04,"{""experiment_name"": ""exp_3"", ""experiment_group"": ""control""}"
221791,funnel_start,2024-01-27T15:59:04,"{""funnel_type"": ""activity""}"
221876,funnel_start,2024-01-27T16:15:22,"{""funnel_type"": ""yoga""}"
221876,profile_start,2024-01-27T16:15:48,{}
221911,funnel_start,2024-01-27T16:21:26,"{""funnel_type"": ""activity""}"
221911,experiment_exposure,2024-01-27T16:21:26,"{""experiment_name"": ""exp_3"", ""experiment_group"": ""control""}"
222601,funnel_start,2024-01-27T18:12:07,"{""funnel_type"": ""fasting""}"
223004,funnel_start,2024-01-27T19:12:12,"{""funnel_type"": ""fasting""}"
223004,profile_start,2024-01-27T19:12:20,{}
223004,email_submit,2024-01-27T19:12:41,{}
223534,funnel_start,2024-01-27T20:25:43,"{""funnel_type"": ""activity""}"
223534,profile_start,2024-01-27T20:25:46,{}
223534,email_submit,2024-01-27T20:26:15,{}
223534,paywall_show,2024-01-27T20:28:29,{}
223696,funnel_start,2024-01-27T20:46:57,"{""funnel_type"": ""activity""}"
223696,profile_start,2024-01-27T20:47:01,{}
223696,email_submit,2024-01-27T20:47:26,{}
223756,funnel_start,2024-01-27T20:55:05,"{""funnel_type"": ""fasting""}"
223756,profile_start,2024-01-27T20:55:15,{}
223756,email_submit,2024-01-27T20:55:31,{}
223756,paywall_show,2024-01-27T21:00:13,{}
223835,funnel_start,2024-01-27T21:04:25,"{""funnel_type"": ""fasting""}"
224483,funnel_start,2024-01-27T22:18:59,"{""funnel_type"": ""yoga""}"
224483,profile_start,2024-01-27T22:19:39,{}
224591,experiment_exposure,2024-01-27T22:30:58,"{""experiment_name"": ""exp_3"", ""experiment_group"": ""test""}"
224591,funnel_start,2024-01-27T22:30:58,"{""funnel_type"": ""activity""}"
224591,profile_start,2024-01-27T22:31:02,{}
224591,email_submit,2024-01-27T22:31:13,{}
224483,paywall_show,2024-01-27T22:34:20,{}
224642,funnel_start,2024-01-27T22:36:20,"{""funnel_type"": ""activity""}"
224591,paywall_show,2024-01-27T22:39:19,{}
224870,funnel_start,2024-01-27T23:00:44,"{""funnel_type"": ""fasting""}"
224870,profile_start,2024-01-27T23:00:51,{}
224870,email_submit,2024-01-27T23:01:27,{}
224928,funnel_start,2024-01-27T23:07:40,"{""funnel_type"": ""fasting""}"
225455,funnel_start,2024-01-28T00:25:12,"{""funnel_type"": ""fasting""}"
225455,profile_start,2024-01-28T00:25:24,{}
226228,funnel_start,2024-01-28T02:39:56,"{""funnel_type"": ""activity""}"
226228,experiment_exposure,2024-01-28T02:39:56,"{""experiment_name"": ""exp_3"", ""experiment_group"": ""test""}"
226228,profile_start,2024-01-28T02:40:11,{}
226228,email_submit,2024-01-28T02:40:19,{}
226228,paywall_show,2024-01-28T02:49:58,{}
226600,funnel_start,2024-01-28T04:04:41,"{""funnel_type"": ""activity""}"
226621,experiment_exposure,2024-01-28T04:10:39,"{""experiment_name"": ""exp_3"", ""experiment_group"": ""test""}"
226621,funnel_start,2024-01-28T04:10:39,"{""funnel_type"": ""fasting""}"
226848,funnel_start,2024-01-28T05:25:21,"{""funnel_type"": ""fasting""}"
226939,funnel_start,2024-01-28T05:51:18,"{""funnel_type"": ""fasting""}"
226939,profile_start,2024-01-28T05:51:28,{}
227213,funnel_start,2024-01-28T07:01:47,"{""funnel_type"": ""activity""}"
227213,experiment_exposure,2024-01-28T07:01:47,"{""experiment_name"": ""exp_3"", ""experiment_group"": ""test""}"
227213,profile_start,2024-01-28T07:01:53,{}
227213,email_submit,2024-01-28T07:02:13,{}
227344,funnel_start,2024-01-28T07:32:12,"{""funnel_type"": ""activity""}"
227430,funnel_start,2024-01-28T07:50:44,"{""funnel_type"": ""fasting""}"
227430,profile_start,2024-01-28T07:50:51,{}
227430,experiment_exposure,2024-01-28T07:50:51,"{""experiment_name"": ""exp_5"", ""experiment_group"": ""test""}"
227430,email_submit,2024-01-28T07:51:03,{}
227471,funnel_start,2024-01-28T07:59:10,"{""funnel_type"": ""activity""}"
227430,paywall_show,2024-01-28T08:02:43,{}
227501,funnel_start,2024-01-28T08:04:02,"{""funnel_type"": ""activity""}"
227501,profile_start,2024-01-28T08:04:07,{}
227501,email_submit,2024-01-28T08:04:31,{}
227501,paywall_show,2024-01-28T08:09:32,{}
227797,funnel_start,2024-01-28T09:00:37,"{""funnel_type"": ""activity""}"
227797,profile_start,2024-01-28T09:00:43,{}
227797,email_submit,2024-01-28T09:01:48,{}
227797,paywall_show,2024-01-28T09:12:17,{}
228280,funnel_start,2024-01-28T10:27:32,"{""funnel_type"": ""activity""}"
228280,profile_start,2024-01-28T10:27:36,{}
228280,experiment_exposure,2024-01-28T10:27:36,"{""experiment_name"": ""exp_5"", ""experiment_group"": ""test""}"
228280,email_submit,2024-01-28T10:27:57,{}
228280,paywall_show,2024-01-28T10:32:02,{}
228564,funnel_start,2024-01-28T11:14:20,"{""funnel_type"": ""fasting""}"
228564,profile_start,2024-01-28T11:14:27,{}
228564,email_submit,2024-01-28T11:15:42,{}
228605,funnel_start,2024-01-28T11:19:23,"{""funnel_type"": ""activity""}"
228564,paywall_show,2024-01-28T11:21:04,{}
228921,funnel_start,2024-01-28T12:13:11,"{""funnel_type"": ""activity""}"
228921,profile_start,2024-01-28T12:13:22,{}
228921,email_submit,2024-01-28T12:13:40,{}
228921,paywall_show,2024-01-28T12:19:08,{}
229101,funnel_start,2024-01-28T12:49:08,"{""funnel_type"": ""activity""}"
229101,profile_start,2024-01-28T12:49:14,{}
229101,email_submit,2024-01-28T12:49:32,{}
229101,paywall_show,2024-01-28T12:57:03,{}
229179,funnel_start,2024-01-28T13:04:07,"{""funnel_type"": ""activity""}"
229179,profile_start,2024-01-28T13:04:22,{}
229179,email_submit,2024-01-28T13:04:55,{}
229179,paywall_show,2024-01-28T13:10:01,{}
229245,funnel_start,2024-01-28T13:19:32,"{""funnel_type"": ""fasting""}"
229245,experiment_exposure,2024-01-28T13:19:32,"{""experiment_name"": ""exp_3"", ""experiment_group"": ""control""}"
229245,profile_start,2024-01-28T13:19:42,{}
229245,email_submit,2024-01-28T13:19:59,{}
229413,funnel_start,2024-01-28T13:53:25,"{""funnel_type"": ""activity""}"
229497,funnel_start,2024-01-28T14:11:53,"{""funnel_type"": ""fasting""}"
229497,profile_start,2024-01-28T14:11:58,{}
229497,email_submit,2024-01-28T14:12:41,{}
229497,paywall_show,2024-01-28T14:19:13,{}
230480,funnel_start,2024-01-28T17:02:21,"{""funnel_type"": ""fasting""}"
230695,funnel_start,2024-01-28T17:37:29,"{""funnel_type"": ""yoga""}"
230695,profile_start,2024-01-28T17:37:42,{}
230695,paywall_show,2024-01-28T17:41:48,{}
230830,funnel_start,2024-01-28T17:59:03,"{""funnel_type"": ""activity""}"
230830,profile_start,2024-01-28T17:59:07,{}
230830,email_submit,2024-01-28T17:59:23,{}
230830,paywall_show,2024-01-28T18:11:32,{}
230830,payment_done,2024-01-28T18:12:10,{}
231025,funnel_start,2024-01-28T18:29:45,"{""funnel_type"": ""activity""}"
231025,profile_start,2024-01-28T18:29:54,{}
231262,funnel_start,2024-01-28T19:04:09,"{""funnel_type"": ""fasting""}"
231262,profile_start,2024-01-28T19:04:18,{}
231262,email_submit,2024-01-28T19:04:31,{}
231262,paywall_show,2024-01-28T19:19:05,{}
231485,funnel_start,2024-01-28T19:32:17,"{""funnel_type"": ""fasting""}"
231485,experiment_exposure,2024-01-28T19:32:17,"{""experiment_name"": ""exp_3"", ""experiment_group"": ""control""}"
231627,funnel_start,2024-01-28T19:51:27,"{""funnel_type"": ""fasting""}"
231627,experiment_exposure,2024-01-28T19:51:27,"{""experiment_name"": ""exp_3"", ""experiment_group"": ""test""}"
231627,profile_start,2024-01-28T19:51:35,{}
231627,email_submit,2024-01-28T19:51:48,{}
231672,funnel_start,2024-01-28T19:56:50,"{""funnel_type"": ""yoga""}"
231672,profile_start,2024-01-28T19:57:01,{}
231681,funnel_start,2024-01-28T19:57:58,"{""funnel_type"": ""fasting""}"
231681,profile_start,2024-01-28T19:58:06,{}
231681,email_submit,2024-01-28T19:58:16,{}
231627,paywall_show,2024-01-28T20:00:14,{}
231672,paywall_show,2024-01-28T20:06:46,{}
231672,payment_done,2024-01-28T20:08:26,{}
231672,email_submit,2024-01-28T20:08:40,{}
232386,funnel_start,2024-01-28T21:28:43,"{""funnel_type"": ""activity""}"
232386,profile_start,2024-01-28T21:28:48,{}
232386,email_submit,2024-01-28T21:29:24,{}
232575,funnel_start,2024-01-28T21:53:12,"{""funnel_type"": ""fasting""}"
232716,funnel_start,2024-01-28T22:11:53,"{""funnel_type"": ""activity""}"
232716,profile_start,2024-01-28T22:12:02,{}
232716,email_submit,2024-01-28T22:12:20,{}
232716,paywall_show,2024-01-28T22:14:25,{}
232896,funnel_start,2024-01-28T22:32:16,"{""funnel_type"": ""fasting""}"
232954,funnel_start,2024-01-28T22:39:38,"{""funnel_type"": ""activity""}"
232954,profile_start,2024-01-28T22:39:45,{}
232954,email_submit,2024-01-28T22:40:39,{}
232954,paywall_show,2024-01-28T22:45:45,{}
233441,funnel_start,2024-01-28T23:33:46,"{""funnel_type"": ""fasting""}"
233441,experiment_exposure,2024-01-28T23:33:46,"{""experiment_name"": ""exp_3"", ""experiment_group"": ""control""}"
233441,profile_start,2024-01-28T23:34:16,{}
233441,email_submit,2024-01-28T23:34:34,{}
233491,funnel_start,2024-01-28T23:39:59,"{""funnel_type"": ""fasting""}"
233491,profile_start,2024-01-28T23:40:10,{}
233491,email_submit,2024-01-28T23:40:37,{}
233554,funnel_start,2024-01-28T23:45:59,"{""funnel_type"": ""fasting""}"
233554,profile_start,2024-01-28T23:46:12,{}
233554,email_submit,2024-01-28T23:46:45,{}
233567,experiment_exposure,2024-01-28T23:47:13,"{""experiment_name"": ""exp_3"", ""experiment_group"": ""control""}"
233567,funnel_start,2024-01-28T23:47:13,"{""funnel_type"": ""fasting""}"
233567,profile_start,2024-01-28T23:47:20,{}
233567,email_submit,2024-01-28T23:47:38,{}
233491,paywall_show,2024-01-28T23:50:58,{}
233567,paywall_show,2024-01-28T23:51:51,{}
233554,paywall_show,2024-01-29T00:02:30,{}
233711,funnel_start,2024-01-29T00:04:10,"{""funnel_type"": ""activity""}"
233750,experiment_exposure,2024-01-29T00:09:14,"{""experiment_name"": ""exp_3"", ""experiment_group"": ""test""}"
233750,funnel_start,2024-01-29T00:09:14,"{""funnel_type"": ""activity""}"
233750,profile_start,2024-01-29T00:09:20,{}
233750,email_submit,2024-01-29T00:09:38,{}
233750,paywall_show,2024-01-29T00:18:40,{}
234036,funnel_start,2024-01-29T00:51:48,"{""funnel_type"": ""fasting""}"
234036,profile_start,2024-01-29T00:51:52,{}
234036,email_submit,2024-01-29T00:52:00,{}
234061,experiment_exposure,2024-01-29T00:55:22,"{""experiment_name"": ""exp_3"", ""experiment_group"": ""test""}"
234061,funnel_start,2024-01-29T00:55:22,"{""funnel_type"": ""activity""}"
234061,profile_start,2024-01-29T00:55:30,{}
234061,email_submit,2024-01-29T00:56:14,{}
234036,paywall_show,2024-01-29T00:58:33,{}
234113,funnel_start,2024-01-29T01:03:38,"{""funnel_type"": ""fasting""}"
234113,profile_start,2024-01-29T01:03:46,{}
234061,paywall_show,2024-01-29T01:04:05,{}
234113,email_submit,2024-01-29T01:04:13,{}
234365,funnel_start,2024-01-29T01:46:34,"{""funnel_type"": ""fasting""}"
234365,profile_start,2024-01-29T01:46:53,{}
234365,email_submit,2024-01-29T01:47:05,{}
234684,funnel_start,2024-01-29T02:52:16,"{""funnel_type"": ""fasting""}"
234684,profile_start,2024-01-29T02:52:28,{}
234684,email_submit,2024-01-29T02:52:59,{}
234720,funnel_start,2024-01-29T03:01:40,"{""funnel_type"": ""fasting""}"
234720,profile_start,2024-01-29T03:01:49,{}
234720,email_submit,2024-01-29T03:02:35,{}
234720,paywall_show,2024-01-29T03:07:15,{}
234684,paywall_show,2024-01-29T03:11:21,{}
234841,funnel_start,2024-01-29T03:30:40,"{""funnel_type"": ""fasting""}"
234846,funnel_start,2024-01-29T03:31:48,"{""funnel_type"": ""fasting""}"
234846,experiment_exposure,2024-01-29T03:31:48,"{""experiment_name"": ""exp_3"", ""experiment_group"": ""test""}"
234846,profile_start,2024-01-29T03:31:56,{}
234846,email_submit,2024-01-29T03:32:15,{}
234846,paywall_show,2024-01-29T03:40:21,{}
234918,funnel_start,2024-01-29T03:49:51,"{""funnel_type"": ""fasting""}"
234918,profile_start,2024-01-29T03:49:59,{}
234918,email_submit,2024-01-29T03:50:09,{}
234995,funnel_start,2024-01-29T04:11:09,"{""funnel_type"": ""fasting""}"
234995,profile_start,2024-01-29T04:11:16,{}
234995,email_submit,2024-01-29T04:11:38,{}
235011,funnel_start,2024-01-29T04:14:17,"{""funnel_type"": ""fasting""}"
234995,paywall_show,2024-01-29T04:53:50,{}
235415,funnel_start,2024-01-29T06:26:33,"{""funnel_type"": ""fasting""}"
235453,funnel_start,2024-01-29T06:38:49,"{""funnel_type"": ""activity""}"
235506,funnel_start,2024-01-29T06:51:24,"{""funnel_type"": ""activity""}"
235506,profile_start,2024-01-29T06:51:28,{}
235506,email_submit,2024-01-29T06:51:48,{}
235574,experiment_exposure,2024-01-29T07:02:48,"{""experiment_name"": ""exp_3"", ""experiment_group"": ""control""}"
235574,funnel_start,2024-01-29T07:02:48,"{""funnel_type"": ""activity""}"
235506,paywall_show,2024-01-29T07:05:32,{}
235820,funnel_start,2024-01-29T07:57:11,"{""funnel_type"": ""activity""}"
235820,profile_start,2024-01-29T07:57:18,{}
235820,email_submit,2024-01-29T07:57:29,{}
235853,funnel_start,2024-01-29T08:03:04,"{""funnel_type"": ""fasting""}"
235820,paywall_show,2024-01-29T08:05:18,{}
235820,payment_done,2024-01-29T08:06:44,{}
235879,funnel_start,2024-01-29T08:08:05,"{""funnel_type"": ""yoga""}"
235954,experiment_exposure,2024-01-29T08:24:08,"{""experiment_name"": ""exp_3"", ""experiment_group"": ""test""}"
235954,funnel_start,2024-01-29T08:24:08,"{""funnel_type"": ""activity""}"
235954,profile_start,2024-01-29T08:24:15,{}
235954,email_submit,2024-01-29T08:24:45,{}
235954,paywall_show,2024-01-29T08:41:00,{}
236101,funnel_start,2024-01-29T08:48:01,"{""funnel_type"": ""activity""}"
236101,profile_start,2024-01-29T08:48:08,{}
236128,funnel_start,2024-01-29T08:53:20,"{""funnel_type"": ""fasting""}"
236128,profile_start,2024-01-29T08:53:30,{}
236128,email_submit,2024-01-29T08:54:39,{}
236128,paywall_show,2024-01-29T08:58:23,{}
236128,payment_done,2024-01-29T09:02:00,{}
236211,funnel_start,2024-01-29T09:06:29,"{""funnel_type"": ""fasting""}"
236211,experiment_exposure,2024-01-29T09:06:29,"{""experiment_name"": ""exp_3"", ""experiment_group"": ""control""}"
236211,profile_start,2024-01-29T09:06:40,{}
236213,funnel_start,2024-01-29T09:06:53,"{""funnel_type"": ""fasting""}"
236211,email_submit,2024-01-29T09:07:02,{}
236213,profile_start,2024-01-29T09:07:06,{}
236213,email_submit,2024-01-29T09:07:45,{}
236211,paywall_show,2024-01-29T09:10:31,{}
236213,paywall_show,2024-01-29T09:14:30,{}
236840,funnel_start,2024-01-29T10:56:06,"{""funnel_type"": ""fasting""}"
236840,experiment_exposure,2024-01-29T10:56:06,"{""experiment_name"": ""exp_3"", ""experiment_group"": ""test""}"
236840,profile_start,2024-01-29T10:56:16,{}
236840,email_submit,2024-01-29T10:56:44,{}
237250,funnel_start,2024-01-29T12:04:00,"{""funnel_type"": ""activity""}"
237250,experiment_exposure,2024-01-29T12:04:00,"{""experiment_name"": ""exp_3"", ""experiment_group"": ""test""}"
237250,profile_start,2024-01-29T12:04:10,{}
237250,email_submit,2024-01-29T12:04:25,{}
237301,funnel_start,2024-01-29T12:12:19,"{""funnel_type"": ""fasting""}"
237301,experiment_exposure,2024-01-29T12:12:19,"{""experiment_name"": ""exp_3"", ""experiment_group"": ""test""}"
237301,profile_start,2024-01-29T12:12:36,{}
237301,email_submit,2024-01-29T12:13:06,{}
237250,paywall_show,2024-01-29T12:18:48,{}
237301,paywall_show,2024-01-29T12:23:49,{}
237434,funnel_start,2024-01-29T12:32:49,"{""funnel_type"": ""activity""}"
237434,profile_start,2024-01-29T12:32:54,{}
237434,email_submit,2024-01-29T12:33:17,{}
237444,funnel_start,2024-01-29T12:34:05,"{""funnel_type"": ""fasting""}"
237444,experiment_exposure,2024-01-29T12:34:05,"{""experiment_name"": ""exp_3"", ""experiment_group"": ""test""}"
237444,profile_start,2024-01-29T12:34:15,{}
237444,email_submit,2024-01-29T12:35:15,{}
237461,funnel_start,2024-01-29T12:36:19,"{""funnel_type"": ""fasting""}"
237461,profile_start,2024-01-29T12:36:40,{}
237461,experiment_exposure,2024-01-29T12:36:40,"{""experiment_name"": ""exp_5"", ""experiment_group"": ""test""}"
237461,email_submit,2024-01-29T12:37:04,{}
237434,paywall_show,2024-01-29T12:39:14,{}
237461,paywall_show,2024-01-29T12:50:28,{}
238003,funnel_start,2024-01-29T14:18:12,"{""funnel_type"": ""fasting""}"
238003,profile_start,2024-01-29T14:18:18,{}
238003,email_submit,2024-01-29T14:18:31,{}
238462,experiment_exposure,2024-01-29T15:37:14,"{""experiment_name"": ""exp_3"", ""experiment_group"": ""test""}"
238462,funnel_start,2024-01-29T15:37:14,"{""funnel_type"": ""activity""}"
238462,profile_start,2024-01-29T15:37:20,{}
238462,email_submit,2024-01-29T15:37:38,{}
238462,paywall_show,2024-01-29T15:45:02,{}
238527,funnel_start,2024-01-29T15:45:52,"{""funnel_type"": ""fasting""}"
238562,funnel_start,2024-01-29T15:52:37,"{""funnel_type"": ""activity""}"
238562,experiment_exposure,2024-01-29T15:52:37,"{""experiment_name"": ""exp_3"", ""experiment_group"": ""test""}"
238562,profile_start,2024-01-29T15:52:45,{}
238562,email_submit,2024-01-29T15:52:58,{}
238562,paywall_show,2024-01-29T16:02:19,{}
238857,funnel_start,2024-01-29T16:47:44,"{""funnel_type"": ""fasting""}"
238857,profile_start,2024-01-29T16:47:59,{}
238857,email_submit,2024-01-29T16:48:46,{}
238857,paywall_show,2024-01-29T16:56:00,{}
239527,funnel_start,2024-01-29T18:40:07,"{""funnel_type"": ""yoga""}"
239527,profile_start,2024-01-29T18:40:25,{}
239527,paywall_show,2024-01-29T18:54:47,{}
240187,funnel_start,2024-01-29T20:22:44,"{""funnel_type"": ""fasting""}"
240187,experiment_exposure,2024-01-29T20:22:44,"{""experiment_name"": ""exp_3"", ""experiment_group"": ""test""}"
240189,funnel_start,2024-01-29T20:22:53,"{""funnel_type"": ""fasting""}"
240189,profile_start,2024-01-29T20:23:00,{}
240189,email_submit,2024-01-29T20:23:10,{}
240189,paywall_show,2024-01-29T20:38:44,{}
240189,payment_done,2024-01-29T20:39:56,{}
240582,funnel_start,2024-01-29T21:21:29,"{""funnel_type"": ""fasting""}"
240582,profile_start,2024-01-29T21:21:41,{}
240651,experiment_exposure,2024-01-29T21:30:51,"{""experiment_name"": ""exp_3"", ""experiment_group"": ""control""}"
240651,funnel_start,2024-01-29T21:30:51,"{""funnel_type"": ""activity""}"
240651,profile_start,2024-01-29T21:30:56,{}
240651,email_submit,2024-01-29T21:31:19,{}
240651,paywall_show,2024-01-29T21:37:13,{}
240793,funnel_start,2024-01-29T21:49:49,"{""funnel_type"": ""activity""}"
240928,funnel_start,2024-01-29T22:06:43,"{""funnel_type"": ""fasting""}"
240928,profile_start,2024-01-29T22:06:58,{}
240928,email_submit,2024-01-29T22:07:25,{}
240973,funnel_start,2024-01-29T22:12:13,"{""funnel_type"": ""activity""}"
241457,funnel_start,2024-01-29T23:07:34,"{""funnel_type"": ""activity""}"
241457,profile_start,2024-01-29T23:07:42,{}
241457,email_submit,2024-01-29T23:07:57,{}
241457,paywall_show,2024-01-29T23:14:06,{}
241721,funnel_start,2024-01-29T23:43:04,"{""funnel_type"": ""activity""}"
241721,profile_start,2024-01-29T23:43:10,{}
241721,email_submit,2024-01-29T23:43:18,{}
241721,paywall_show,2024-01-29T23:50:06,{}
242022,funnel_start,2024-01-30T00:23:42,"{""funnel_type"": ""fasting""}"
242022,profile_start,2024-01-30T00:23:54,{}
242022,email_submit,2024-01-30T00:24:21,{}
242082,funnel_start,2024-01-30T00:33:10,"{""funnel_type"": ""fasting""}"
242082,experiment_exposure,2024-01-30T00:33:10,"{""experiment_name"": ""exp_3"", ""experiment_group"": ""control""}"
242082,profile_start,2024-01-30T00:33:18,{}
242082,email_submit,2024-01-30T00:33:32,{}
242165,funnel_start,2024-01-30T00:46:22,"{""funnel_type"": ""fasting""}"
242165,profile_start,2024-01-30T00:46:29,{}
242165,email_submit,2024-01-30T00:46:42,{}
242165,paywall_show,2024-01-30T00:52:15,{}
242611,funnel_start,2024-01-30T02:00:26,"{""funnel_type"": ""fasting""}"
242611,experiment_exposure,2024-01-30T02:00:26,"{""experiment_name"": ""exp_3"", ""experiment_group"": ""control""}"
242611,profile_start,2024-01-30T02:00:38,{}
242611,email_submit,2024-01-30T02:00:58,{}
242611,paywall_show,2024-01-30T02:12:09,{}
242991,funnel_start,2024-01-30T03:28:03,"{""funnel_type"": ""activity""}"
242991,experiment_exposure,2024-01-30T03:28:03,"{""experiment_name"": ""exp_3"", ""experiment_group"": ""test""}"
242991,profile_start,2024-01-30T03:28:13,{}
242991,email_submit,2024-01-30T03:28:48,{}
242991,paywall_show,2024-01-30T03:34:31,{}
243023,funnel_start,2024-01-30T03:37:25,"{""funnel_type"": ""fasting""}"
243023,profile_start,2024-01-30T03:37:38,{}
243023,email_submit,2024-01-30T03:38:12,{}
243023,paywall_show,2024-01-30T03:47:51,{}
243192,funnel_start,2024-01-30T04:21:03,"{""funnel_type"": ""fasting""}"
243192,profile_start,2024-01-30T04:21:14,{}
243192,email_submit,2024-01-30T04:21:56,{}
243209,experiment_exposure,2024-01-30T04:25:43,"{""experiment_name"": ""exp_3"", ""experiment_group"": ""control""}"
243209,funnel_start,2024-01-30T04:25:43,"{""funnel_type"": ""fasting""}"
243192,paywall_show,2024-01-30T04:34:41,{}
243280,funnel_start,2024-01-30T04:42:48,"{""funnel_type"": ""fasting""}"
243280,profile_start,2024-01-30T04:42:59,{}
243280,email_submit,2024-01-30T04:43:09,{}
243388,experiment_exposure,2024-01-30T05:13:23,"{""experiment_name"": ""exp_3"", ""experiment_group"": ""control""}"
243388,funnel_start,2024-01-30T05:13:23,"{""funnel_type"": ""fasting""}"
243388,profile_start,2024-01-30T05:13:32,{}
243388,email_submit,2024-01-30T05:13:46,{}
243388,paywall_show,2024-01-30T05:24:03,{}
243900,funnel_start,2024-01-30T07:24:37,"{""funnel_type"": ""activity""}"
243900,profile_start,2024-01-30T07:24:47,{}
243900,email_submit,2024-01-30T07:25:11,{}
243900,paywall_show,2024-01-30T07:41:33,{}
244299,experiment_exposure,2024-01-30T08:45:36,"{""experiment_name"": ""exp_3"", ""experiment_group"": ""control""}"
244299,funnel_start,2024-01-30T08:45:36,"{""funnel_type"": ""fasting""}"
244299,profile_start,2024-01-30T08:45:44,{}
244299,email_submit,2024-01-30T08:46:00,{}
244318,funnel_start,2024-01-30T08:47:49,"{""funnel_type"": ""fasting""}"
244518,funnel_start,2024-01-30T09:23:38,"{""funnel_type"": ""yoga""}"
244518,profile_start,2024-01-30T09:23:49,{}
244518,paywall_show,2024-01-30T09:35:18,{}
244732,funnel_start,2024-01-30T09:59:17,"{""funnel_type"": ""activity""}"
244732,profile_start,2024-01-30T09:59:23,{}
244754,funnel_start,2024-01-30T10:03:09,"{""funnel_type"": ""fasting""}"
244781,funnel_start,2024-01-30T10:08:24,"{""funnel_type"": ""fasting""}"
244781,profile_start,2024-01-30T10:08:42,{}
245149,funnel_start,2024-01-30T11:06:30,"{""funnel_type"": ""fasting""}"
245149,profile_start,2024-01-30T11:06:40,{}
245149,email_submit,2024-01-30T11:07:08,{}
245164,funnel_start,2024-01-30T11:08:23,"{""funnel_type"": ""fasting""}"
245149,paywall_show,2024-01-30T11:11:12,{}
245201,funnel_start,2024-01-30T11:14:16,"{""funnel_type"": ""fasting""}"
245201,profile_start,2024-01-30T11:14:24,{}
245201,email_submit,2024-01-30T11:14:49,{}
245250,funnel_start,2024-01-30T11:20:34,"{""funnel_type"": ""yoga""}"
245250,profile_start,2024-01-30T11:20:50,{}
245201,paywall_show,2024-01-30T11:23:47,{}
245307,experiment_exposure,2024-01-30T11:29:14,"{""experiment_name"": ""exp_3"", ""experiment_group"": ""test""}"
245307,funnel_start,2024-01-30T11:29:14,"{""funnel_type"": ""activity""}"
245307,profile_start,2024-01-30T11:29:25,{}
245307,email_submit,2024-01-30T11:29:43,{}
245250,paywall_show,2024-01-30T11:41:37,{}
245572,funnel_start,2024-01-30T12:16:18,"{""funnel_type"": ""fasting""}"
245572,profile_start,2024-01-30T12:16:28,{}
245572,email_submit,2024-01-30T12:16:50,{}
245634,funnel_start,2024-01-30T12:27:20,"{""funnel_type"": ""fasting""}"
245634,profile_start,2024-01-30T12:27:58,{}
245760,funnel_start,2024-01-30T12:50:08,"{""funnel_type"": ""fasting""}"
245760,profile_start,2024-01-30T12:50:15,{}
245760,email_submit,2024-01-30T12:50:57,{}
245874,experiment_exposure,2024-01-30T13:10:07,"{""experiment_name"": ""exp_3"", ""experiment_group"": ""test""}"
245874,funnel_start,2024-01-30T13:10:07,"{""funnel_type"": ""fasting""}"
245874,profile_start,2024-01-30T13:10:18,{}
245874,email_submit,2024-01-30T13:10:31,{}
245874,paywall_show,2024-01-30T13:15:06,{}
246489,funnel_start,2024-01-30T15:05:33,"{""funnel_type"": ""fasting""}"
246489,experiment_exposure,2024-01-30T15:05:33,"{""experiment_name"": ""exp_3"", ""experiment_group"": ""test""}"
246489,profile_start,2024-01-30T15:05:44,{}
246489,email_submit,2024-01-30T15:06:09,{}
246515,funnel_start,2024-01-30T15:09:38,"{""funnel_type"": ""fasting""}"
246489,paywall_show,2024-01-30T15:09:53,{}
246515,profile_start,2024-01-30T15:09:57,{}
246515,email_submit,2024-01-30T15:10:37,{}
246515,paywall_show,2024-01-30T15:20:32,{}
246515,payment_done,2024-01-30T15:22:51,{}
246622,funnel_start,2024-01-30T15:29:35,"{""funnel_type"": ""activity""}"
246622,profile_start,2024-01-30T15:29:40,{}
246825,funnel_start,2024-01-30T16:06:32,"{""funnel_type"": ""fasting""}"
246825,profile_start,2024-01-30T16:06:46,{}
246825,email_submit,2024-01-30T16:07:40,{}
246825,paywall_show,2024-01-30T16:14:31,{}
246878,funnel_start,2024-01-30T16:15:13,"{""funnel_type"": ""activity""}"
246878,profile_start,2024-01-30T16:15:26,{}
246878,email_submit,2024-01-30T16:15:32,{}
246895,experiment_exposure,2024-01-30T16:18:46,"{""experiment_name"": ""exp_3"", ""experiment_group"": ""control""}"
246895,funnel_start,2024-01-30T16:18:46,"{""funnel_type"": ""activity""}"
246878,paywall_show,2024-01-30T16:23:31,{}
247236,experiment_exposure,2024-01-30T17:21:39,"{""experiment_name"": ""exp_3"", ""experiment_group"": ""control""}"
247236,funnel_start,2024-01-30T17:21:39,"{""funnel_type"": ""activity""}"
247370,experiment_exposure,2024-01-30T17:42:56,"{""experiment_name"": ""exp_3"", ""experiment_group"": ""control""}"
247370,funnel_start,2024-01-30T17:42:56,"{""funnel_type"": ""fasting""}"
247505,funnel_start,2024-01-30T18:01:52,"{""funnel_type"": ""fasting""}"
247505,profile_start,2024-01-30T18:01:59,{}
247505,email_submit,2024-01-30T18:02:28,{}
247505,paywall_show,2024-01-30T18:05:54,{}
247607,funnel_start,2024-01-30T18:16:03,"{""funnel_type"": ""fasting""}"
247828,funnel_start,2024-01-30T18:49:37,"{""funnel_type"": ""fasting""}"
247828,profile_start,2024-01-30T18:49:55,{}
247828,email_submit,2024-01-30T18:50:19,{}
247828,paywall_show,2024-01-30T18:55:02,{}
247907,experiment_exposure,2024-01-30T19:02:35,"{""experiment_name"": ""exp_3"", ""experiment_group"": ""test""}"
247907,funnel_start,2024-01-30T19:02:35,"{""funnel_type"": ""activity""}"
247966,funnel_start,2024-01-30T19:12:11,"{""funnel_type"": ""fasting""}"
248102,funnel_start,2024-01-30T19:30:50,"{""funnel_type"": ""activity""}"
248102,profile_start,2024-01-30T19:30:57,{}
248102,email_submit,2024-01-30T19:31:20,{}
248102,paywall_show,2024-01-30T19:39:54,{}
248448,funnel_start,2024-01-30T20:21:31,"{""funnel_type"": ""fasting""}"
248448,profile_start,2024-01-30T20:21:37,{}
248448,email_submit,2024-01-30T20:21:55,{}
248490,funnel_start,2024-01-30T20:26:28,"{""funnel_type"": ""yoga""}"
248490,profile_start,2024-01-30T20:26:48,{}
248490,paywall_show,2024-01-30T20:33:15,{}
248620,funnel_start,2024-01-30T20:43:24,"{""funnel_type"": ""fasting""}"
248620,profile_start,2024-01-30T20:44:13,{}
248620,email_submit,2024-01-30T20:44:37,{}
248620,paywall_show,2024-01-30T20:50:03,{}
249054,experiment_exposure,2024-01-30T21:41:17,"{""experiment_name"": ""exp_3"", ""experiment_group"": ""test""}"
249054,funnel_start,2024-01-30T21:41:17,"{""funnel_type"": ""fasting""}"
249241,experiment_exposure,2024-01-30T22:06:41,"{""experiment_name"": ""exp_3"", ""experiment_group"": ""test""}"
249241,funnel_start,2024-01-30T22:06:41,"{""funnel_type"": ""activity""}"
249241,profile_start,2024-01-30T22:06:51,{}
249241,email_submit,2024-01-30T22:06:57,{}
249241,paywall_show,2024-01-30T22:09:53,{}
249364,funnel_start,2024-01-30T22:20:02,"{""funnel_type"": ""yoga""}"
249364,profile_start,2024-01-30T22:20:15,{}
249364,paywall_show,2024-01-30T22:23:54,{}
249624,funnel_start,2024-01-30T22:48:47,"{""funnel_type"": ""fasting""}"
249657,funnel_start,2024-01-30T22:53:08,"{""funnel_type"": ""yoga""}"
249657,profile_start,2024-01-30T22:53:50,{}
249657,paywall_show,2024-01-30T22:57:16,{}
249719,funnel_start,2024-01-30T23:01:21,"{""funnel_type"": ""fasting""}"
249719,profile_start,2024-01-30T23:01:27,{}
249719,email_submit,2024-01-30T23:02:12,{}
249719,paywall_show,2024-01-30T23:09:23,{}
249859,experiment_exposure,2024-01-30T23:18:50,"{""experiment_name"": ""exp_3"", ""experiment_group"": ""control""}"
249859,funnel_start,2024-01-30T23:18:50,"{""funnel_type"": ""fasting""}"
249859,profile_start,2024-01-30T23:19:03,{}
249859,email_submit,2024-01-30T23:19:22,{}
249922,experiment_exposure,2024-01-30T23:26:43,"{""experiment_name"": ""exp_3"", ""experiment_group"": ""control""}"
249922,funnel_start,2024-01-30T23:26:43,"{""funnel_type"": ""fasting""}"
249922,profile_start,2024-01-30T23:26:56,{}
249922,email_submit,2024-01-30T23:27:14,{}
249859,paywall_show,2024-01-30T23:27:26,{}
249969,funnel_start,2024-01-30T23:31:51,"{""funnel_type"": ""activity""}"
249969,profile_start,2024-01-30T23:31:56,{}
249922,paywall_show,2024-01-30T23:32:03,{}
249969,email_submit,2024-01-30T23:32:09,{}
249969,paywall_show,2024-01-30T23:44:20,{}
250209,funnel_start,2024-01-31T00:02:09,"{""funnel_type"": ""activity""}"
250228,funnel_start,2024-01-31T00:04:48,"{""funnel_type"": ""yoga""}"
250228,profile_start,2024-01-31T00:05:01,{}
250342,funnel_start,2024-01-31T00:23:13,"{""funnel_type"": ""fasting""}"
250342,profile_start,2024-01-31T00:23:37,{}
250342,email_submit,2024-01-31T00:24:01,{}
250342,paywall_show,2024-01-31T00:30:29,{}
250461,experiment_exposure,2024-01-31T00:38:43,"{""experiment_name"": ""exp_3"", ""experiment_group"": ""test""}"
250461,funnel_start,2024-01-31T00:38:43,"{""funnel_type"": ""fasting""}"
250461,profile_start,2024-01-31T00:38:58,{}
250524,funnel_start,2024-01-31T00:48:09,"{""funnel_type"": ""fasting""}"
250524,profile_start,2024-01-31T00:48:20,{}
250524,email_submit,2024-01-31T00:48:31,{}
250524,paywall_show,2024-01-31T00:52:00,{}
250556,funnel_start,2024-01-31T00:52:24,"{""funnel_type"": ""fasting""}"
250556,profile_start,2024-01-31T00:52:34,{}
250560,funnel_start,2024-01-31T00:52:50,"{""funnel_type"": ""fasting""}"
250556,email_submit,2024-01-31T00:52:59,{}
250733,funnel_start,2024-01-31T01:20:40,"{""funnel_type"": ""fasting""}"
250733,profile_start,2024-01-31T01:20:47,{}
250733,email_submit,2024-01-31T01:20:56,{}
250812,funnel_start,2024-01-31T01:35:11,"{""funnel_type"": ""yoga""}"
250812,profile_start,2024-01-31T01:35:19,{}
250812,paywall_show,2024-01-31T01:39:30,{}
250733,paywall_show,2024-01-31T01:43:22,{}
250950,experiment_exposure,2024-01-31T01:59:25,"{""experiment_name"": ""exp_3"", ""experiment_group"": ""test""}"
250950,funnel_start,2024-01-31T01:59:25,"{""funnel_type"": ""fasting""}"
250950,profile_start,2024-01-31T01:59:43,{}
250950,email_submit,2024-01-31T02:00:41,{}
250950,paywall_show,2024-01-31T02:06:20,{}
251185,funnel_start,2024-01-31T02:51:59,"{""funnel_type"": ""fasting""}"
251185,experiment_exposure,2024-01-31T02:51:59,"{""experiment_name"": ""exp_3"", ""experiment_group"": ""control""}"
251467,funnel_start,2024-01-31T04:04:55,"{""funnel_type"": ""activity""}"
251467,profile_start,2024-01-31T04:05:03,{}
251467,email_submit,2024-01-31T04:05:21,{}
251467,paywall_show,2024-01-31T04:13:47,{}
251679,funnel_start,2024-01-31T05:05:04,"{""funnel_type"": ""activity""}"
251817,funnel_start,2024-01-31T05:46:28,"{""funnel_type"": ""activity""}"
252026,funnel_start,2024-01-31T06:44:04,"{""funnel_type"": ""activity""}"
252026,profile_start,2024-01-31T06:44:12,{}
252026,email_submit,2024-01-31T06:44:30,{}
252026,paywall_show,2024-01-31T06:47:56,{}
252091,funnel_start,2024-01-31T06:55:19,"{""funnel_type"": ""yoga""}"
252091,experiment_exposure,2024-01-31T06:55:19,"{""experiment_name"": ""exp_3"", ""experiment_group"": ""control""}"
252091,profile_start,2024-01-31T06:55:38,{}
252091,paywall_show,2024-01-31T07:02:20,{}
252174,experiment_exposure,2024-01-31T07:12:27,"{""experiment_name"": ""exp_3"", ""experiment_group"": ""control""}"
252174,funnel_start,2024-01-31T07:12:27,"{""funnel_type"": ""fasting""}"
252174,profile_start,2024-01-31T07:12:36,{}
252174,email_submit,2024-01-31T07:13:24,{}
252174,paywall_show,2024-01-31T07:18:31,{}
252500,funnel_start,2024-01-31T08:16:39,"{""funnel_type"": ""fasting""}"
252500,profile_start,2024-01-31T08:16:48,{}
252500,email_submit,2024-01-31T08:17:15,{}
252504,funnel_start,2024-01-31T08:17:36,"{""funnel_type"": ""yoga""}"
252504,profile_start,2024-01-31T08:17:43,{}
252504,paywall_show,2024-01-31T08:26:41,{}
252685,funnel_start,2024-01-31T08:51:01,"{""funnel_type"": ""fasting""}"
252685,experiment_exposure,2024-01-31T08:51:12,"{""experiment_name"": ""exp_5"", ""experiment_group"": ""control""}"
252685,profile_start,2024-01-31T08:51:12,{}
252685,email_submit,2024-01-31T08:51:32,{}
252685,paywall_show,2024-01-31T08:57:57,{}
252889,funnel_start,2024-01-31T09:29:03,"{""funnel_type"": ""yoga""}"
252889,experiment_exposure,2024-01-31T09:29:03,"{""experiment_name"": ""exp_3"", ""experiment_group"": ""control""}"
252889,profile_start,2024-01-31T09:29:10,{}
252918,funnel_start,2024-01-31T09:35:09,"{""funnel_type"": ""fasting""}"
252918,profile_start,2024-01-31T09:35:20,{}
252918,email_submit,2024-01-31T09:35:43,{}
252918,paywall_show,2024-01-31T09:42:06,{}
253022,funnel_start,2024-01-31T09:51:32,"{""funnel_type"": ""fasting""}"
253022,experiment_exposure,2024-01-31T09:51:32,"{""experiment_name"": ""exp_3"", ""experiment_group"": ""control""}"
253022,profile_start,2024-01-31T09:51:37,{}
253022,email_submit,2024-01-31T09:52:22,{}
253268,funnel_start,2024-01-31T10:29:10,"{""funnel_type"": ""fasting""}"
253268,profile_start,2024-01-31T10:29:16,{}
253268,email_submit,2024-01-31T10:29:28,{}
253268,paywall_show,2024-01-31T10:33:25,{}
253268,payment_done,2024-01-31T10:34:52,{}
253342,funnel_start,2024-01-31T10:41:10,"{""funnel_type"": ""activity""}"
253417,funnel_start,2024-01-31T10:53:46,"{""funnel_type"": ""fasting""}"
253417,profile_start,2024-01-31T10:54:00,{}
253417,email_submit,2024-01-31T10:54:24,{}
253645,funnel_start,2024-01-31T11:35:10,"{""funnel_type"": ""fasting""}"
253943,funnel_start,2024-01-31T12:33:28,"{""funnel_type"": ""fasting""}"
254292,funnel_start,2024-01-31T13:41:42,"{""funnel_type"": ""fasting""}"
254292,experiment_exposure,2024-01-31T13:41:42,"{""experiment_name"": ""exp_3"", ""experiment_group"": ""control""}"
254292,profile_start,2024-01-31T13:41:57,{}
254292,email_submit,2024-01-31T13:42:10,{}
254292,paywall_show,2024-01-31T13:45:41,{}
254577,funnel_start,2024-01-31T14:31:42,"{""funnel_type"": ""fasting""}"
254577,experiment_exposure,2024-01-31T14:31:42,"{""experiment_name"": ""exp_3"", ""experiment_group"": ""control""}"
254577,profile_start,2024-01-31T14:31:49,{}
254577,email_submit,2024-01-31T14:32:22,{}
254577,paywall_show,2024-01-31T14:37:38,{}
255216,funnel_start,2024-01-31T16:18:44,"{""funnel_type"": ""fasting""}"
255216,experiment_exposure,2024-01-31T16:18:44,"{""experiment_name"": ""exp_3"", ""experiment_group"": ""test""}"
255216,profile_start,2024-01-31T16:18:50,{}
255216,email_submit,2024-01-31T16:19:04,{}
255322,experiment_exposure,2024-01-31T16:37:49,"{""experiment_name"": ""exp_3"", ""experiment_group"": ""control""}"
255322,funnel_start,2024-01-31T16:37:49,"{""funnel_type"": ""fasting""}"
255322,profile_start,2024-01-31T16:37:57,{}
255322,email_submit,2024-01-31T16:38:18,{}
255322,paywall_show,2024-01-31T16:45:27,{}
255414,funnel_start,2024-01-31T16:53:25,"{""funnel_type"": ""activity""}"
255414,profile_start,2024-01-31T16:53:32,{}
255414,email_submit,2024-01-31T16:53:50,{}
255414,paywall_show,2024-01-31T16:59:58,{}
255580,funnel_start,2024-01-31T17:23:04,"{""funnel_type"": ""fasting""}"
255580,profile_start,2024-01-31T17:23:18,{}
255580,email_submit,2024-01-31T17:23:50,{}
255580,paywall_show,2024-01-31T17:30:55,{}
255935,experiment_exposure,2024-01-31T18:19:16,"{""experiment_name"": ""exp_3"", ""experiment_group"": ""control""}"
255935,funnel_start,2024-01-31T18:19:16,"{""funnel_type"": ""activity""}"
255935,profile_start,2024-01-31T18:19:23,{}
255935,email_submit,2024-01-31T18:19:53,{}
255935,paywall_show,2024-01-31T18:25:18,{}
256134,funnel_start,2024-01-31T18:47:01,"{""funnel_type"": ""fasting""}"
256134,profile_start,2024-01-31T18:47:15,{}
256134,email_submit,2024-01-31T18:48:23,{}
256147,funnel_start,2024-01-31T18:49:11,"{""funnel_type"": ""activity""}"
256134,paywall_show,2024-01-31T18:52:40,{}
256258,funnel_start,2024-01-31T19:06:10,"{""funnel_type"": ""activity""}"
256258,profile_start,2024-01-31T19:06:21,{}
256258,email_submit,2024-01-31T19:06:42,{}
256272,funnel_start,2024-01-31T19:07:41,"{""funnel_type"": ""fasting""}"
256366,experiment_exposure,2024-01-31T19:19:23,"{""experiment_name"": ""exp_3"", ""experiment_group"": ""control""}"
256366,funnel_start,2024-01-31T19:19:23,"{""funnel_type"": ""fasting""}"
256366,profile_start,2024-01-31T19:19:36,{}
256712,experiment_exposure,2024-01-31T20:10:20,"{""experiment_name"": ""exp_3"", ""experiment_group"": ""control""}"
256712,funnel_start,2024-01-31T20:10:20,"{""funnel_type"": ""activity""}"
256712,profile_start,2024-01-31T20:10:27,{}
256712,email_submit,2024-01-31T20:10:38,{}
256729,funnel_start,2024-01-31T20:12:25,"{""funnel_type"": ""activity""}"
256729,profile_start,2024-01-31T20:12:34,{}
256729,email_submit,2024-01-31T20:13:16,{}
256712,paywall_show,2024-01-31T20:19:15,{}
256864,experiment_exposure,2024-01-31T20:30:56,"{""experiment_name"": ""exp_3"", ""experiment_group"": ""control""}"
256864,funnel_start,2024-01-31T20:30:56,"{""funnel_type"": ""yoga""}"
256864,profile_start,2024-01-31T20:31:04,{}
256864,paywall_show,2024-01-31T20:34:31,{}
257015,experiment_exposure,2024-01-31T20:51:47,"{""experiment_name"": ""exp_3"", ""experiment_group"": ""control""}"
257015,funnel_start,2024-01-31T20:51:47,"{""funnel_type"": ""yoga""}"
257015,profile_start,2024-01-31T20:52:09,{}
257039,funnel_start,2024-01-31T20:55:10,"{""funnel_type"": ""activity""}"
257103,funnel_start,2024-01-31T21:04:51,"{""funnel_type"": ""fasting""}"
257015,paywall_show,2024-01-31T21:12:59,{}
257326,funnel_start,2024-01-31T21:29:48,"{""funnel_type"": ""yoga""}"
257326,profile_start,2024-01-31T21:30:06,{}
257403,funnel_start,2024-01-31T21:38:11,"{""funnel_type"": ""fasting""}"
257403,profile_start,2024-01-31T21:38:18,{}
257403,email_submit,2024-01-31T21:38:37,{}
257439,funnel_start,2024-01-31T21:41:57,"{""funnel_type"": ""fasting""}"
257439,experiment_exposure,2024-01-31T21:42:05,"{""experiment_name"": ""exp_5"", ""experiment_group"": ""test""}"
257439,profile_start,2024-01-31T21:42:05,{}
257439,email_submit,2024-01-31T21:42:32,{}
257439,paywall_show,2024-01-31T21:51:33,{}
257403,paywall_show,2024-01-31T21:51:33,{}
257528,funnel_start,2024-01-31T21:52:15,"{""funnel_type"": ""activity""}"
257528,profile_start,2024-01-31T21:52:20,{}
257528,email_submit,2024-01-31T21:52:42,{}
257568,funnel_start,2024-01-31T21:56:27,"{""funnel_type"": ""activity""}"
257528,paywall_show,2024-01-31T22:00:24,{}
257758,funnel_start,2024-01-31T22:19:40,"{""funnel_type"": ""fasting""}"
258041,funnel_start,2024-01-31T22:51:54,"{""funnel_type"": ""activity""}"
258044,funnel_start,2024-01-31T22:52:00,"{""funnel_type"": ""activity""}"
258041,profile_start,2024-01-31T22:52:08,{}
258041,email_submit,2024-01-31T22:52:36,{}
258041,paywall_show,2024-01-31T22:59:51,{}
258160,experiment_exposure,2024-01-31T23:07:00,"{""experiment_name"": ""exp_3"", ""experiment_group"": ""control""}"
258160,funnel_start,2024-01-31T23:07:00,"{""funnel_type"": ""activity""}"
258160,profile_start,2024-01-31T23:07:10,{}
258262,funnel_start,2024-01-31T23:21:27,"{""funnel_type"": ""fasting""}"
258463,funnel_start,2024-01-31T23:48:20,"{""funnel_type"": ""activity""}"
258463,profile_start,2024-01-31T23:48:27,{}
258463,experiment_exposure,2024-01-31T23:48:27,"{""experiment_name"": ""exp_5"", ""experiment_group"": ""control""}"
258463,email_submit,2024-01-31T23:48:34,{}
258463,paywall_show,2024-01-31T23:57:39,{}
258967,funnel_start,2024-02-01T01:01:40,"{""funnel_type"": ""activity""}"
258967,profile_start,2024-02-01T01:01:43,{}
259149,experiment_exposure,2024-02-01T01:33:41,"{""experiment_name"": ""exp_3"", ""experiment_group"": ""test""}"
259149,funnel_start,2024-02-01T01:33:41,"{""funnel_type"": ""fasting""}"
259149,profile_start,2024-02-01T01:33:54,{}
259149,email_submit,2024-02-01T01:34:06,{}
259149,paywall_show,2024-02-01T01:46:11,{}
259289,experiment_exposure,2024-02-01T01:58:03,"{""experiment_name"": ""exp_3"", ""experiment_group"": ""test""}"
259289,funnel_start,2024-02-01T01:58:03,"{""funnel_type"": ""fasting""}"
259289,profile_start,2024-02-01T01:58:07,{}
259289,email_submit,2024-02-01T01:58:39,{}
259312,funnel_start,2024-02-01T02:01:53,"{""funnel_type"": ""activity""}"
259361,experiment_exposure,2024-02-01T02:13:16,"{""experiment_name"": ""exp_3"", ""experiment_group"": ""control""}"
259361,funnel_start,2024-02-01T02:13:16,"{""funnel_type"": ""fasting""}"
259361,profile_start,2024-02-01T02:13:30,{}
259361,email_submit,2024-02-01T02:14:06,{}
259289,paywall_show,2024-02-01T02:20:27,{}
259417,funnel_start,2024-02-01T02:25:47,"{""funnel_type"": ""fasting""}"
259361,paywall_show,2024-02-01T02:32:20,{}
259361,payment_done,2024-02-01T02:33:43,{}
259552,funnel_start,2024-02-01T02:56:45,"{""funnel_type"": ""fasting""}"
259552,experiment_exposure,2024-02-01T02:56:45,"{""experiment_name"": ""exp_3"", ""experiment_group"": ""control""}"
259552,profile_start,2024-02-01T02:56:47,{}
259552,email_submit,2024-02-01T02:57:01,{}
259552,paywall_show,2024-02-01T03:05:43,{}
259552,payment_done,2024-02-01T03:06:43,{}
259803,funnel_start,2024-02-01T03:59:34,"{""funnel_type"": ""activity""}"
259803,experiment_exposure,2024-02-01T03:59:34,"{""experiment_name"": ""exp_3"", ""experiment_group"": ""control""}"
259803,profile_start,2024-02-01T03:59:39,{}
259803,email_submit,2024-02-01T04:00:10,{}
259803,paywall_show,2024-02-01T04:05:39,{}
260208,experiment_exposure,2024-02-01T05:58:38,"{""experiment_name"": ""exp_3"", ""experiment_group"": ""test""}"
260208,funnel_start,2024-02-01T05:58:38,"{""funnel_type"": ""fasting""}"
260208,profile_start,2024-02-01T05:58:47,{}
260208,email_submit,2024-02-01T05:59:18,{}
260208,paywall_show,2024-02-01T06:04:44,{}
260512,funnel_start,2024-02-01T07:05:01,"{""funnel_type"": ""activity""}"
260723,funnel_start,2024-02-01T07:52:24,"{""funnel_type"": ""fasting""}"
260723,experiment_exposure,2024-02-01T07:52:24,"{""experiment_name"": ""exp_3"", ""experiment_group"": ""control""}"
260723,profile_start,2024-02-01T07:52:43,{}
260723,email_submit,2024-02-01T07:53:01,{}
260802,experiment_exposure,2024-02-01T08:11:48,"{""experiment_name"": ""exp_3"", ""experiment_group"": ""test""}"
260802,funnel_start,2024-02-01T08:11:48,"{""funnel_type"": ""fasting""}"
260802,profile_start,2024-02-01T08:11:58,{}
260802,email_submit,2024-02-01T08:12:27,{}
260802,paywall_show,2024-02-01T08:28:49,{}
260901,experiment_exposure,2024-02-01T08:31:34,"{""experiment_name"": ""exp_3"", ""experiment_group"": ""control""}"
260901,funnel_start,2024-02-01T08:31:34,"{""funnel_type"": ""activity""}"
260901,profile_start,2024-02-01T08:31:40,{}
261121,funnel_start,2024-02-01T09:10:12,"{""funnel_type"": ""activity""}"
261121,profile_start,2024-02-01T09:10:27,{}
261121,email_submit,2024-02-01T09:11:05,{}
261142,funnel_start,2024-02-01T09:13:06,"{""funnel_type"": ""yoga""}"
261142,experiment_exposure,2024-02-01T09:13:06,"{""experiment_name"": ""exp_3"", ""experiment_group"": ""test""}"
261142,profile_start,2024-02-01T09:13:38,{}
261121,paywall_show,2024-02-01T09:17:07,{}
261142,paywall_show,2024-02-01T09:24:07,{}
261393,experiment_exposure,2024-02-01T09:56:11,"{""experiment_name"": ""exp_3"", ""experiment_group"": ""control""}"
261393,funnel_start,2024-02-01T09:56:11,"{""funnel_type"": ""activity""}"
261393,profile_start,2024-02-01T09:56:15,{}
261393,email_submit,2024-02-01T09:56:28,{}
261393,paywall_show,2024-02-01T10:05:25,{}
261725,funnel_start,2024-02-01T10:46:35,"{""funnel_type"": ""activity""}"
261725,profile_start,2024-02-01T10:46:40,{}
261725,email_submit,2024-02-01T10:47:11,{}
261725,paywall_show,2024-02-01T10:50:45,{}
261766,funnel_start,2024-02-01T10:51:44,"{""funnel_type"": ""activity""}"
262001,funnel_start,2024-02-01T11:35:02,"{""funnel_type"": ""activity""}"
262001,experiment_exposure,2024-02-01T11:35:02,"{""experiment_name"": ""exp_3"", ""experiment_group"": ""test""}"
262001,profile_start,2024-02-01T11:35:08,{}
262001,email_submit,2024-02-01T11:35:45,{}
262256,funnel_start,2024-02-01T12:14:21,"{""funnel_type"": ""activity""}"
262256,experiment_exposure,2024-02-01T12:14:21,"{""experiment_name"": ""exp_3"", ""experiment_group"": ""test""}"
262256,profile_start,2024-02-01T12:14:32,{}
262256,email_submit,2024-02-01T12:14:47,{}
262360,funnel_start,2024-02-01T12:34:44,"{""funnel_type"": ""activity""}"
262360,experiment_exposure,2024-02-01T12:34:44,"{""experiment_name"": ""exp_3"", ""experiment_group"": ""control""}"
262606,funnel_start,2024-02-01T13:19:58,"{""funnel_type"": ""activity""}"
262744,experiment_exposure,2024-02-01T13:43:49,"{""experiment_name"": ""exp_3"", ""experiment_group"": ""test""}"
262744,funnel_start,2024-02-01T13:43:49,"{""funnel_type"": ""activity""}"
262744,profile_start,2024-02-01T13:43:56,{}
262744,email_submit,2024-02-01T13:44:19,{}
262744,paywall_show,2024-02-01T13:48:46,{}
262821,funnel_start,2024-02-01T13:58:58,"{""funnel_type"": ""activity""}"
262821,profile_start,2024-02-01T13:59:14,{}
262821,email_submit,2024-02-01T13:59:46,{}
262821,paywall_show,2024-02-01T14:06:49,{}
263825,funnel_start,2024-02-01T16:49:14,"{""funnel_type"": ""activity""}"
264295,funnel_start,2024-02-01T18:03:17,"{""funnel_type"": ""fasting""}"
264295,profile_start,2024-02-01T18:03:23,{}
264295,email_submit,2024-02-01T18:03:45,{}
264835,funnel_start,2024-02-01T19:23:28,"{""funnel_type"": ""yoga""}"
264835,profile_start,2024-02-01T19:23:46,{}
264835,paywall_show,2024-02-01T19:28:25,{}
264835,payment_done,2024-02-01T19:29:28,{}
264835,email_submit,2024-02-01T19:29:46,{}
265359,experiment_exposure,2024-02-01T20:38:48,"{""experiment_name"": ""exp_3"", ""experiment_group"": ""test""}"
265359,funnel_start,2024-02-01T20:38:48,"{""funnel_type"": ""fasting""}"
265359,profile_start,2024-02-01T20:38:56,{}
265359,email_submit,2024-02-01T20:39:44,{}
265359,paywall_show,2024-02-01T20:43:41,{}
265613,funnel_start,2024-02-01T21:11:18,"{""funnel_type"": ""yoga""}"
265613,profile_start,2024-02-01T21:11:35,{}
265704,funnel_start,2024-02-01T21:24:09,"{""funnel_type"": ""yoga""}"
265704,profile_start,2024-02-01T21:24:20,{}
265613,paywall_show,2024-02-01T21:25:52,{}
265704,paywall_show,2024-02-01T21:34:46,{}
265879,funnel_start,2024-02-01T21:45:21,"{""funnel_type"": ""fasting""}"
265879,profile_start,2024-02-01T21:45:32,{}
265879,email_submit,2024-02-01T21:45:42,{}
265972,funnel_start,2024-02-01T21:56:55,"{""funnel_type"": ""yoga""}"
265972,experiment_exposure,2024-02-01T21:56:55,"{""experiment_name"": ""exp_3"", ""experiment_group"": ""control""}"
265979,funnel_start,2024-02-01T21:57:20,"{""funnel_type"": ""activity""}"
265979,profile_start,2024-02-01T21:57:26,{}
265979,email_submit,2024-02-01T21:58:14,{}
265979,paywall_show,2024-02-01T22:00:06,{}
265879,paywall_show,2024-02-01T22:00:11,{}
266394,experiment_exposure,2024-02-01T22:45:22,"{""experiment_name"": ""exp_3"", ""experiment_group"": ""control""}"
266394,funnel_start,2024-02-01T22:45:22,"{""funnel_type"": ""fasting""}"
266394,profile_start,2024-02-01T22:45:26,{}
266394,email_submit,2024-02-01T22:45:44,{}
266422,funnel_start,2024-02-01T22:47:52,"{""funnel_type"": ""activity""}"
266422,profile_start,2024-02-01T22:48:02,{}
266422,email_submit,2024-02-01T22:48:30,{}
266422,paywall_show,2024-02-01T22:55:12,{}
266743,funnel_start,2024-02-01T23:31:52,"{""funnel_type"": ""fasting""}"
267417,funnel_start,2024-02-02T01:12:10,"{""funnel_type"": ""fasting""}"
267482,funnel_start,2024-02-02T01:20:44,"{""funnel_type"": ""fasting""}"
267482,experiment_exposure,2024-02-02T01:20:44,"{""experiment_name"": ""exp_3"", ""experiment_group"": ""test""}"
267605,experiment_exposure,2024-02-02T01:41:29,"{""experiment_name"": ""exp_3"", ""experiment_group"": ""control""}"
267605,funnel_start,2024-02-02T01:41:29,"{""funnel_type"": ""activity""}"
267605,profile_start,2024-02-02T01:41:34,{}
267605,email_submit,2024-02-02T01:41:54,{}
267611,experiment_exposure,2024-02-02T01:42:28,"{""experiment_name"": ""exp_3"", ""experiment_group"": ""test""}"
267611,funnel_start,2024-02-02T01:42:28,"{""funnel_type"": ""fasting""}"
267611,profile_start,2024-02-02T01:42:37,{}
267611,email_submit,2024-02-02T01:42:59,{}
267611,paywall_show,2024-02-02T01:56:59,{}
267717,funnel_start,2024-02-02T02:03:39,"{""funnel_type"": ""activity""}"
267717,profile_start,2024-02-02T02:03:49,{}
267605,paywall_show,2024-02-02T02:07:36,{}
268240,funnel_start,2024-02-02T04:15:20,"{""funnel_type"": ""activity""}"
268240,experiment_exposure,2024-02-02T04:15:20,"{""experiment_name"": ""exp_3"", ""experiment_group"": ""control""}"
268240,profile_start,2024-02-02T04:15:24,{}
268240,email_submit,2024-02-02T04:15:49,{}
268240,paywall_show,2024-02-02T04:21:33,{}
268446,experiment_exposure,2024-02-02T05:13:53,"{""experiment_name"": ""exp_3"", ""experiment_group"": ""test""}"
268446,funnel_start,2024-02-02T05:13:53,"{""funnel_type"": ""fasting""}"
268572,funnel_start,2024-02-02T05:56:20,"{""funnel_type"": ""fasting""}"
268572,experiment_exposure,2024-02-02T05:56:20,"{""experiment_name"": ""exp_3"", ""experiment_group"": ""control""}"
268572,profile_start,2024-02-02T05:56:52,{}
268572,email_submit,2024-02-02T05:57:14,{}
268572,paywall_show,2024-02-02T06:08:51,{}
268680,funnel_start,2024-02-02T06:20:23,"{""funnel_type"": ""fasting""}"
268680,profile_start,2024-02-02T06:20:40,{}
268680,email_submit,2024-02-02T06:21:23,{}
268680,paywall_show,2024-02-02T06:29:54,{}
268993,funnel_start,2024-02-02T07:30:39,"{""funnel_type"": ""fasting""}"
268993,experiment_exposure,2024-02-02T07:30:39,"{""experiment_name"": ""exp_3"", ""experiment_group"": ""control""}"
268993,profile_start,2024-02-02T07:31:00,{}
268993,email_submit,2024-02-02T07:31:23,{}
269429,funnel_start,2024-02-02T09:00:11,"{""funnel_type"": ""fasting""}"
269841,funnel_start,2024-02-02T10:09:52,"{""funnel_type"": ""activity""}"
269905,experiment_exposure,2024-02-02T10:20:25,"{""experiment_name"": ""exp_3"", ""experiment_group"": ""test""}"
269905,funnel_start,2024-02-02T10:20:25,"{""funnel_type"": ""fasting""}"
269905,profile_start,2024-02-02T10:20:35,{}
269905,email_submit,2024-02-02T10:21:26,{}
269905,paywall_show,2024-02-02T10:27:53,{}
269905,payment_done,2024-02-02T10:31:16,{}
270064,experiment_exposure,2024-02-02T10:48:37,"{""experiment_name"": ""exp_3"", ""experiment_group"": ""test""}"
270064,funnel_start,2024-02-02T10:48:37,"{""funnel_type"": ""fasting""}"
270064,profile_start,2024-02-02T10:48:42,{}
270064,email_submit,2024-02-02T10:49:07,{}
270292,funnel_start,2024-02-02T11:24:18,"{""funnel_type"": ""activity""}"
270292,profile_start,2024-02-02T11:24:23,{}
270292,email_submit,2024-02-02T11:24:49,{}
270292,paywall_show,2024-02-02T11:37:10,{}
270500,funnel_start,2024-02-02T11:59:26,"{""funnel_type"": ""fasting""}"
270512,funnel_start,2024-02-02T12:01:27,"{""funnel_type"": ""activity""}"
270512,profile_start,2024-02-02T12:01:33,{}
270512,email_submit,2024-02-02T12:01:55,{}
270622,funnel_start,2024-02-02T12:22:32,"{""funnel_type"": ""activity""}"
270622,experiment_exposure,2024-02-02T12:22:32,"{""experiment_name"": ""exp_3"", ""experiment_group"": ""control""}"
270622,profile_start,2024-02-02T12:22:37,{}
270622,email_submit,2024-02-02T12:22:58,{}
270768,funnel_start,2024-02-02T12:47:37,"{""funnel_type"": ""activity""}"
270768,experiment_exposure,2024-02-02T12:47:37,"{""experiment_name"": ""exp_3"", ""experiment_group"": ""control""}"
270775,funnel_start,2024-02-02T12:48:20,"{""funnel_type"": ""activity""}"
270981,funnel_start,2024-02-02T13:25:47,"{""funnel_type"": ""fasting""}"
270981,profile_start,2024-02-02T13:25:54,{}
270981,email_submit,2024-02-02T13:26:13,{}
270996,funnel_start,2024-02-02T13:28:08,"{""funnel_type"": ""fasting""}"
270996,profile_start,2024-02-02T13:28:17,{}
270996,email_submit,2024-02-02T13:28:42,{}
270996,paywall_show,2024-02-02T13:36:34,{}
270981,paywall_show,2024-02-02T13:37:13,{}
270981,payment_done,2024-02-02T13:38:10,{}
271361,funnel_start,2024-02-02T14:33:16,"{""funnel_type"": ""fasting""}"
271361,profile_start,2024-02-02T14:33:26,{}
271361,email_submit,2024-02-02T14:33:40,{}
271361,paywall_show,2024-02-02T14:38:35,{}
271423,funnel_start,2024-02-02T14:44:52,"{""funnel_type"": ""fasting""}"
271423,profile_start,2024-02-02T14:44:59,{}
271555,funnel_start,2024-02-02T15:07:59,"{""funnel_type"": ""yoga""}"
271555,experiment_exposure,2024-02-02T15:07:59,"{""experiment_name"": ""exp_3"", ""experiment_group"": ""control""}"
271702,funnel_start,2024-02-02T15:32:51,"{""funnel_type"": ""activity""}"
271702,profile_start,2024-02-02T15:32:55,{}
271877,funnel_start,2024-02-02T16:00:28,"{""funnel_type"": ""activity""}"
271877,profile_start,2024-02-02T16:00:34,{}
272220,funnel_start,2024-02-02T16:53:55,"{""funnel_type"": ""fasting""}"
272220,profile_start,2024-02-02T16:54:10,{}
272220,email_submit,2024-02-02T16:54:58,{}
272220,paywall_show,2024-02-02T16:58:04,{}
272355,funnel_start,2024-02-02T17:16:56,"{""funnel_type"": ""fasting""}"
272355,profile_start,2024-02-02T17:17:05,{}
272371,funnel_start,2024-02-02T17:19:01,"{""funnel_type"": ""fasting""}"
272371,profile_start,2024-02-02T17:19:08,{}
272371,email_submit,2024-02-02T17:19:36,{}
272371,paywall_show,2024-02-02T17:28:14,{}
272961,funnel_start,2024-02-02T18:51:33,"{""funnel_type"": ""fasting""}"
272961,profile_start,2024-02-02T18:51:47,{}
272966,funnel_start,2024-02-02T18:52:18,"{""funnel_type"": ""fasting""}"
272966,profile_start,2024-02-02T18:52:25,{}
272961,email_submit,2024-02-02T18:52:26,{}
273001,funnel_start,2024-02-02T18:57:18,"{""funnel_type"": ""fasting""}"
273001,profile_start,2024-02-02T18:57:25,{}
273001,email_submit,2024-02-02T18:57:53,{}
272961,paywall_show,2024-02-02T18:57:58,{}
273001,paywall_show,2024-02-02T19:09:55,{}
273077,funnel_start,2024-02-02T19:09:59,"{""funnel_type"": ""fasting""}"
273077,profile_start,2024-02-02T19:10:08,{}
273077,email_submit,2024-02-02T19:10:37,{}
273192,funnel_start,2024-02-02T19:30:21,"{""funnel_type"": ""yoga""}"
273192,profile_start,2024-02-02T19:30:40,{}
273192,paywall_show,2024-02-02T19:40:07,{}
273316,funnel_start,2024-02-02T19:47:28,"{""funnel_type"": ""activity""}"
273316,profile_start,2024-02-02T19:47:39,{}
273846,funnel_start,2024-02-02T20:59:01,"{""funnel_type"": ""activity""}"
273907,funnel_start,2024-02-02T21:05:56,"{""funnel_type"": ""fasting""}"
273907,profile_start,2024-02-02T21:06:17,{}
273907,email_submit,2024-02-02T21:06:30,{}
273907,paywall_show,2024-02-02T21:26:51,{}
274385,funnel_start,2024-02-02T22:07:57,"{""funnel_type"": ""activity""}"
274385,profile_start,2024-02-02T22:08:04,{}
274385,email_submit,2024-02-02T22:08:18,{}
274385,paywall_show,2024-02-02T22:13:47,{}
274480,experiment_exposure,2024-02-02T22:19:46,"{""experiment_name"": ""exp_3"", ""experiment_group"": ""test""}"
274480,funnel_start,2024-02-02T22:19:46,"{""funnel_type"": ""yoga""}"
274480,profile_start,2024-02-02T22:19:58,{}
274480,paywall_show,2024-02-02T22:28:10,{}
274637,funnel_start,2024-02-02T22:37:48,"{""funnel_type"": ""activity""}"
274637,experiment_exposure,2024-02-02T22:37:48,"{""experiment_name"": ""exp_3"", ""experiment_group"": ""test""}"
274637,profile_start,2024-02-02T22:37:52,{}
274637,email_submit,2024-02-02T22:38:26,{}
274637,paywall_show,2024-02-02T22:47:12,{}
274736,funnel_start,2024-02-02T22:51:23,"{""funnel_type"": ""fasting""}"
274736,experiment_exposure,2024-02-02T22:51:23,"{""experiment_name"": ""exp_3"", ""experiment_group"": ""test""}"
274777,funnel_start,2024-02-02T22:57:38,"{""funnel_type"": ""activity""}"
274843,funnel_start,2024-02-02T23:05:50,"{""funnel_type"": ""activity""}"
274843,profile_start,2024-02-02T23:05:57,{}
274843,email_submit,2024-02-02T23:06:17,{}
274843,paywall_show,2024-02-02T23:11:41,{}
274898,funnel_start,2024-02-02T23:12:50,"{""funnel_type"": ""yoga""}"
274898,profile_start,2024-02-02T23:13:02,{}
275105,experiment_exposure,2024-02-02T23:38:47,"{""experiment_name"": ""exp_3"", ""experiment_group"": ""control""}"
275105,funnel_start,2024-02-02T23:38:47,"{""funnel_type"": ""fasting""}"
275105,profile_start,2024-02-02T23:38:59,{}
275108,funnel_start,2024-02-02T23:39:01,"{""funnel_type"": ""fasting""}"
275108,experiment_exposure,2024-02-02T23:39:11,"{""experiment_name"": ""exp_5"", ""experiment_group"": ""control""}"
275108,profile_start,2024-02-02T23:39:11,{}
275105,email_submit,2024-02-02T23:39:18,{}
275108,email_submit,2024-02-02T23:40:00,{}
275105,paywall_show,2024-02-02T23:51:54,{}
275346,funnel_start,2024-02-03T00:11:50,"{""funnel_type"": ""fasting""}"
275346,profile_start,2024-02-03T00:11:53,{}
275346,email_submit,2024-02-03T00:12:27,{}
275370,funnel_start,2024-02-03T00:15:09,"{""funnel_type"": ""activity""}"
275370,experiment_exposure,2024-02-03T00:15:19,"{""experiment_name"": ""exp_5"", ""experiment_group"": ""test""}"
275370,profile_start,2024-02-03T00:15:19,{}
275370,email_submit,2024-02-03T00:15:38,{}
275346,paywall_show,2024-02-03T00:15:58,{}
275405,funnel_start,2024-02-03T00:20:32,"{""funnel_type"": ""activity""}"
275370,paywall_show,2024-02-03T00:25:27,{}
275493,funnel_start,2024-02-03T00:33:49,"{""funnel_type"": ""fasting""}"
275493,profile_start,2024-02-03T00:34:01,{}
275493,email_submit,2024-02-03T00:34:34,{}
275493,paywall_show,2024-02-03T00:49:25,{}
275493,payment_done,2024-02-03T00:52:53,{}
275734,funnel_start,2024-02-03T01:06:29,"{""funnel_type"": ""fasting""}"
276160,funnel_start,2024-02-03T02:26:28,"{""funnel_type"": ""yoga""}"
276160,profile_start,2024-02-03T02:26:45,{}
276160,paywall_show,2024-02-03T02:35:37,{}
276622,funnel_start,2024-02-03T04:21:51,"{""funnel_type"": ""yoga""}"
276622,profile_start,2024-02-03T04:22:11,{}
276762,funnel_start,2024-02-03T05:10:08,"{""funnel_type"": ""fasting""}"
276762,profile_start,2024-02-03T05:10:14,{}
276762,email_submit,2024-02-03T05:10:36,{}
276762,paywall_show,2024-02-03T05:20:13,{}
277563,funnel_start,2024-02-03T08:24:49,"{""funnel_type"": ""activity""}"
277563,experiment_exposure,2024-02-03T08:24:49,"{""experiment_name"": ""exp_3"", ""experiment_group"": ""control""}"
277563,profile_start,2024-02-03T08:24:53,{}
277563,email_submit,2024-02-03T08:25:16,{}
277563,paywall_show,2024-02-03T08:34:28,{}
277645,funnel_start,2024-02-03T08:38:17,"{""funnel_type"": ""fasting""}"
277645,profile_start,2024-02-03T08:38:26,{}
277645,email_submit,2024-02-03T08:38:48,{}
277645,paywall_show,2024-02-03T08:45:18,{}
277800,experiment_exposure,2024-02-03T09:08:31,"{""experiment_name"": ""exp_3"", ""experiment_group"": ""test""}"
277800,funnel_start,2024-02-03T09:08:31,"{""funnel_type"": ""fasting""}"
277800,profile_start,2024-02-03T09:08:38,{}
277800,email_submit,2024-02-03T09:09:04,{}
277841,funnel_start,2024-02-03T09:17:18,"{""funnel_type"": ""activity""}"
277841,profile_start,2024-02-03T09:17:23,{}
277841,email_submit,2024-02-03T09:18:00,{}
277866,funnel_start,2024-02-03T09:21:12,"{""funnel_type"": ""yoga""}"
277866,profile_start,2024-02-03T09:21:32,{}
277800,paywall_show,2024-02-03T09:23:19,{}
277866,paywall_show,2024-02-03T09:26:01,{}
277916,funnel_start,2024-02-03T09:29:01,"{""funnel_type"": ""fasting""}"
277916,profile_start,2024-02-03T09:29:06,{}
277916,email_submit,2024-02-03T09:29:32,{}
277916,paywall_show,2024-02-03T09:35:31,{}
278007,funnel_start,2024-02-03T09:44:48,"{""funnel_type"": ""fasting""}"
278007,profile_start,2024-02-03T09:45:01,{}
278007,email_submit,2024-02-03T09:45:19,{}
278007,paywall_show,2024-02-03T09:53:58,{}
278500,funnel_start,2024-02-03T11:08:33,"{""funnel_type"": ""activity""}"
278500,profile_start,2024-02-03T11:08:39,{}
278500,email_submit,2024-02-03T11:09:04,{}
278737,funnel_start,2024-02-03T11:50:21,"{""funnel_type"": ""fasting""}"
278737,profile_start,2024-02-03T11:50:28,{}
278737,email_submit,2024-02-03T11:50:46,{}
278782,experiment_exposure,2024-02-03T11:57:34,"{""experiment_name"": ""exp_3"", ""experiment_group"": ""control""}"
278782,funnel_start,2024-02-03T11:57:34,"{""funnel_type"": ""fasting""}"
278782,profile_start,2024-02-03T11:57:41,{}
278737,paywall_show,2024-02-03T12:00:21,{}
278962,experiment_exposure,2024-02-03T12:30:30,"{""experiment_name"": ""exp_3"", ""experiment_group"": ""test""}"
278962,funnel_start,2024-02-03T12:30:30,"{""funnel_type"": ""yoga""}"
279191,experiment_exposure,2024-02-03T13:11:23,"{""experiment_name"": ""exp_3"", ""experiment_group"": ""test""}"
279191,funnel_start,2024-02-03T13:11:23,"{""funnel_type"": ""fasting""}"
279191,profile_start,2024-02-03T13:11:35,{}
279257,funnel_start,2024-02-03T13:25:46,"{""funnel_type"": ""fasting""}"
279257,profile_start,2024-02-03T13:25:58,{}
279257,email_submit,2024-02-03T13:26:13,{}
279262,funnel_start,2024-02-03T13:26:31,"{""funnel_type"": ""fasting""}"
279262,profile_start,2024-02-03T13:26:37,{}
279262,email_submit,2024-02-03T13:27:12,{}
279257,paywall_show,2024-02-03T13:29:43,{}
279262,paywall_show,2024-02-03T13:34:14,{}
279778,experiment_exposure,2024-02-03T14:59:56,"{""experiment_name"": ""exp_3"", ""experiment_group"": ""control""}"
279778,funnel_start,2024-02-03T14:59:56,"{""funnel_type"": ""fasting""}"
279778,profile_start,2024-02-03T15:00:12,{}
279778,email_submit,2024-02-03T15:01:17,{}
279778,paywall_show,2024-02-03T15:09:20,{}
279994,funnel_start,2024-02-03T15:29:49,"{""funnel_type"": ""fasting""}"
279994,profile_start,2024-02-03T15:30:08,{}
279994,email_submit,2024-02-03T15:30:24,{}
279994,paywall_show,2024-02-03T15:34:56,{}
280503,funnel_start,2024-02-03T16:51:14,"{""funnel_type"": ""activity""}"
280503,experiment_exposure,2024-02-03T16:51:14,"{""experiment_name"": ""exp_3"", ""experiment_group"": ""control""}"
280531,funnel_start,2024-02-03T16:56:31,"{""funnel_type"": ""activity""}"
280610,funnel_start,2024-02-03T17:09:42,"{""funnel_type"": ""fasting""}"
280610,profile_start,2024-02-03T17:09:50,{}
280765,funnel_start,2024-02-03T17:36:12,"{""funnel_type"": ""fasting""}"
280765,experiment_exposure,2024-02-03T17:36:12,"{""experiment_name"": ""exp_3"", ""experiment_group"": ""control""}"
280765,profile_start,2024-02-03T17:36:18,{}
280765,email_submit,2024-02-03T17:36:29,{}
280765,paywall_show,2024-02-03T17:41:33,{}
281281,funnel_start,2024-02-03T18:59:39,"{""funnel_type"": ""activity""}"
281281,experiment_exposure,2024-02-03T18:59:39,"{""experiment_name"": ""exp_3"", ""experiment_group"": ""test""}"
281486,funnel_start,2024-02-03T19:29:03,"{""funnel_type"": ""fasting""}"
281486,profile_start,2024-02-03T19:29:11,{}
281486,email_submit,2024-02-03T19:29:38,{}
281486,paywall_show,2024-02-03T19:35:36,{}
281784,funnel_start,2024-02-03T20:12:15,"{""funnel_type"": ""fasting""}"
281784,profile_start,2024-02-03T20:12:22,{}
281784,email_submit,2024-02-03T20:12:36,{}
281784,paywall_show,2024-02-03T20:21:23,{}
281980,funnel_start,2024-02-03T20:39:54,"{""funnel_type"": ""fasting""}"
281980,experiment_exposure,2024-02-03T20:39:54,"{""experiment_name"": ""exp_3"", ""experiment_group"": ""test""}"
281980,profile_start,2024-02-03T20:40:02,{}
282686,funnel_start,2024-02-03T22:06:23,"{""funnel_type"": ""yoga""}"
282686,profile_start,2024-02-03T22:06:44,{}
282686,paywall_show,2024-02-03T22:17:14,{}
283767,funnel_start,2024-02-04T00:17:34,"{""funnel_type"": ""fasting""}"
283767,profile_start,2024-02-04T00:17:45,{}
283767,email_submit,2024-02-04T00:18:08,{}
283767,paywall_show,2024-02-04T00:23:15,{}
283883,funnel_start,2024-02-04T00:36:35,"{""funnel_type"": ""fasting""}"
283883,profile_start,2024-02-04T00:36:47,{}
283883,email_submit,2024-02-04T00:36:57,{}
283883,paywall_show,2024-02-04T00:43:25,{}
283940,funnel_start,2024-02-04T00:45:21,"{""funnel_type"": ""activity""}"
283940,profile_start,2024-02-04T00:45:26,{}
283940,email_submit,2024-02-04T00:46:03,{}
283999,funnel_start,2024-02-04T00:55:06,"{""funnel_type"": ""fasting""}"
283999,profile_start,2024-02-04T00:55:15,{}
283999,email_submit,2024-02-04T00:55:32,{}
284128,funnel_start,2024-02-04T01:14:41,"{""funnel_type"": ""activity""}"
284128,experiment_exposure,2024-02-04T01:14:41,"{""experiment_name"": ""exp_3"", ""experiment_group"": ""test""}"
284128,profile_start,2024-02-04T01:14:47,{}
284128,email_submit,2024-02-04T01:15:17,{}
284161,funnel_start,2024-02-04T01:19:28,"{""funnel_type"": ""activity""}"
284161,experiment_exposure,2024-02-04T01:19:39,"{""experiment_name"": ""exp_5"", ""experiment_group"": ""test""}"
284161,profile_start,2024-02-04T01:19:39,{}
284161,email_submit,2024-02-04T01:20:08,{}
284128,paywall_show,2024-02-04T01:21:25,{}
284161,paywall_show,2024-02-04T01:24:56,{}
284207,funnel_start,2024-02-04T01:28:24,"{""funnel_type"": ""yoga""}"
284207,profile_start,2024-02-04T01:28:49,{}
284207,paywall_show,2024-02-04T01:35:14,{}
284414,funnel_start,2024-02-04T02:03:15,"{""funnel_type"": ""fasting""}"
284869,funnel_start,2024-02-04T03:49:26,"{""funnel_type"": ""activity""}"
284869,profile_start,2024-02-04T03:49:31,{}
284869,email_submit,2024-02-04T03:49:52,{}
284869,paywall_show,2024-02-04T03:59:32,{}
284921,funnel_start,2024-02-04T04:04:58,"{""funnel_type"": ""fasting""}"
284921,profile_start,2024-02-04T04:05:04,{}
284921,email_submit,2024-02-04T04:05:35,{}
284921,paywall_show,2024-02-04T04:09:00,{}
285012,funnel_start,2024-02-04T04:29:27,"{""funnel_type"": ""fasting""}"
285197,funnel_start,2024-02-04T05:24:12,"{""funnel_type"": ""fasting""}"
285197,profile_start,2024-02-04T05:24:24,{}
285197,email_submit,2024-02-04T05:24:55,{}
285392,experiment_exposure,2024-02-04T06:13:11,"{""experiment_name"": ""exp_3"", ""experiment_group"": ""control""}"
285392,funnel_start,2024-02-04T06:13:11,"{""funnel_type"": ""fasting""}"
285416,funnel_start,2024-02-04T06:23:32,"{""funnel_type"": ""fasting""}"
285416,profile_start,2024-02-04T06:23:44,{}
285416,email_submit,2024-02-04T06:24:14,{}
285416,paywall_show,2024-02-04T06:35:39,{}
285675,funnel_start,2024-02-04T07:23:31,"{""funnel_type"": ""fasting""}"
285675,experiment_exposure,2024-02-04T07:23:31,"{""experiment_name"": ""exp_3"", ""experiment_group"": ""control""}"
285675,profile_start,2024-02-04T07:23:41,{}
285675,email_submit,2024-02-04T07:24:02,{}
285675,paywall_show,2024-02-04T07:32:15,{}
285826,funnel_start,2024-02-04T08:00:15,"{""funnel_type"": ""activity""}"
285826,profile_start,2024-02-04T08:00:22,{}
285826,email_submit,2024-02-04T08:00:32,{}
285826,paywall_show,2024-02-04T08:09:55,{}
286163,funnel_start,2024-02-04T09:09:32,"{""funnel_type"": ""activity""}"
286163,profile_start,2024-02-04T09:09:40,{}
286163,email_submit,2024-02-04T09:10:02,{}
286163,paywall_show,2024-02-04T09:25:48,{}
286347,funnel_start,2024-02-04T09:37:12,"{""funnel_type"": ""fasting""}"
286347,experiment_exposure,2024-02-04T09:37:12,"{""experiment_name"": ""exp_3"", ""experiment_group"": ""test""}"
286347,profile_start,2024-02-04T09:37:20,{}
286347,email_submit,2024-02-04T09:38:01,{}
286363,funnel_start,2024-02-04T09:39:41,"{""funnel_type"": ""yoga""}"
286363,profile_start,2024-02-04T09:39:51,{}
286347,paywall_show,2024-02-04T09:44:19,{}
286415,experiment_exposure,2024-02-04T09:48:25,"{""experiment_name"": ""exp_3"", ""experiment_group"": ""control""}"
286415,funnel_start,2024-02-04T09:48:25,"{""funnel_type"": ""fasting""}"
286415,profile_start,2024-02-04T09:48:35,{}
286415,email_submit,2024-02-04T09:48:55,{}
286415,paywall_show,2024-02-04T09:54:51,{}
286562,funnel_start,2024-02-04T10:13:59,"{""funnel_type"": ""fasting""}"
286562,experiment_exposure,2024-02-04T10:14:10,"{""experiment_name"": ""exp_5"", ""experiment_group"": ""test""}"
286562,profile_start,2024-02-04T10:14:10,{}
286562,email_submit,2024-02-04T10:14:34,{}
286617,funnel_start,2024-02-04T10:24:41,"{""funnel_type"": ""fasting""}"
286617,profile_start,2024-02-04T10:24:52,{}
286617,email_submit,2024-02-04T10:25:17,{}
286562,paywall_show,2024-02-04T10:25:32,{}
287105,funnel_start,2024-02-04T11:45:15,"{""funnel_type"": ""activity""}"
287105,profile_start,2024-02-04T11:45:23,{}
287105,email_submit,2024-02-04T11:45:46,{}
287105,paywall_show,2024-02-04T11:50:50,{}
287151,funnel_start,2024-02-04T11:52:26,"{""funnel_type"": ""activity""}"
287151,profile_start,2024-02-04T11:52:32,{}
287151,email_submit,2024-02-04T11:53:30,{}
287151,paywall_show,2024-02-04T12:03:18,{}
287545,funnel_start,2024-02-04T13:02:15,"{""funnel_type"": ""fasting""}"
287545,profile_start,2024-02-04T13:02:26,{}
287545,email_submit,2024-02-04T13:02:33,{}
287574,funnel_start,2024-02-04T13:07:56,"{""funnel_type"": ""fasting""}"
287545,paywall_show,2024-02-04T13:09:13,{}
287617,funnel_start,2024-02-04T13:19:19,"{""funnel_type"": ""activity""}"
287617,profile_start,2024-02-04T13:19:28,{}
287617,email_submit,2024-02-04T13:19:59,{}
287633,experiment_exposure,2024-02-04T13:23:06,"{""experiment_name"": ""exp_3"", ""experiment_group"": ""control""}"
287633,funnel_start,2024-02-04T13:23:06,"{""funnel_type"": ""fasting""}"
287633,profile_start,2024-02-04T13:23:25,{}
287633,email_submit,2024-02-04T13:23:39,{}
287633,paywall_show,2024-02-04T13:33:04,{}
287821,experiment_exposure,2024-02-04T13:55:42,"{""experiment_name"": ""exp_3"", ""experiment_group"": ""control""}"
287821,funnel_start,2024-02-04T13:55:42,"{""funnel_type"": ""activity""}"
287821,profile_start,2024-02-04T13:55:51,{}
287880,funnel_start,2024-02-04T14:07:16,"{""funnel_type"": ""fasting""}"
288016,funnel_start,2024-02-04T14:28:47,"{""funnel_type"": ""activity""}"
288635,funnel_start,2024-02-04T16:17:20,"{""funnel_type"": ""activity""}"
288635,profile_start,2024-02-04T16:17:31,{}
288635,email_submit,2024-02-04T16:17:59,{}
289709,funnel_start,2024-02-04T19:16:16,"{""funnel_type"": ""fasting""}"
289709,experiment_exposure,2024-02-04T19:16:16,"{""experiment_name"": ""exp_3"", ""experiment_group"": ""control""}"
289709,profile_start,2024-02-04T19:16:45,{}
289709,email_submit,2024-02-04T19:16:57,{}
289709,paywall_show,2024-02-04T19:28:49,{}
289837,funnel_start,2024-02-04T19:35:23,"{""funnel_type"": ""activity""}"
289837,profile_start,2024-02-04T19:35:28,{}
289837,email_submit,2024-02-04T19:36:09,{}
289863,funnel_start,2024-02-04T19:38:43,"{""funnel_type"": ""fasting""}"
289863,profile_start,2024-02-04T19:39:02,{}
289863,email_submit,2024-02-04T19:39:19,{}
289837,paywall_show,2024-02-04T19:42:52,{}
289863,paywall_show,2024-02-04T19:46:49,{}
290026,funnel_start,2024-02-04T20:03:10,"{""funnel_type"": ""activity""}"
290067,funnel_start,2024-02-04T20:09:47,"{""funnel_type"": ""yoga""}"
290067,experiment_exposure,2024-02-04T20:09:47,"{""experiment_name"": ""exp_3"", ""experiment_group"": ""control""}"
290067,profile_start,2024-02-04T20:09:59,{}
290108,funnel_start,2024-02-04T20:14:14,"{""funnel_type"": ""activity""}"
290108,profile_start,2024-02-04T20:14:21,{}
290067,paywall_show,2024-02-04T20:19:03,{}
290067,payment_done,2024-02-04T20:22:37,{}
290067,email_submit,2024-02-04T20:23:04,{}
290537,funnel_start,2024-02-04T21:09:31,"{""funnel_type"": ""fasting""}"
290537,profile_start,2024-02-04T21:09:39,{}
290537,email_submit,2024-02-04T21:10:04,{}
290881,funnel_start,2024-02-04T21:50:26,"{""funnel_type"": ""activity""}"
290881,profile_start,2024-02-04T21:50:38,{}
290881,email_submit,2024-02-04T21:50:50,{}
291363,funnel_start,2024-02-04T22:49:14,"{""funnel_type"": ""fasting""}"
291617,funnel_start,2024-02-04T23:19:49,"{""funnel_type"": ""yoga""}"
291617,experiment_exposure,2024-02-04T23:19:49,"{""experiment_name"": ""exp_3"", ""experiment_group"": ""control""}"
291617,profile_start,2024-02-04T23:20:07,{}
291617,paywall_show,2024-02-04T23:28:43,{}
291714,funnel_start,2024-02-04T23:31:29,"{""funnel_type"": ""activity""}"
291714,profile_start,2024-02-04T23:31:33,{}
291714,email_submit,2024-02-04T23:31:43,{}
291714,paywall_show,2024-02-04T23:36:50,{}
292258,funnel_start,2024-02-05T00:45:11,"{""funnel_type"": ""fasting""}"
292258,experiment_exposure,2024-02-05T00:45:11,"{""experiment_name"": ""exp_3"", ""experiment_group"": ""test""}"
292463,experiment_exposure,2024-02-05T01:18:24,"{""experiment_name"": ""exp_3"", ""experiment_group"": ""test""}"
292463,funnel_start,2024-02-05T01:18:24,"{""funnel_type"": ""activity""}"
292463,profile_start,2024-02-05T01:18:27,{}
292463,email_submit,2024-02-05T01:18:53,{}
292463,paywall_show,2024-02-05T01:25:43,{}
292604,funnel_start,2024-02-05T01:38:51,"{""funnel_type"": ""activity""}"
292604,profile_start,2024-02-05T01:38:56,{}
292604,email_submit,2024-02-05T01:39:11,{}
292631,funnel_start,2024-02-05T01:43:01,"{""funnel_type"": ""activity""}"
292631,profile_start,2024-02-05T01:43:07,{}
292631,email_submit,2024-02-05T01:43:22,{}
292604,paywall_show,2024-02-05T01:44:52,{}
292631,paywall_show,2024-02-05T01:53:08,{}
292840,experiment_exposure,2024-02-05T02:23:28,"{""experiment_name"": ""exp_3"", ""experiment_group"": ""control""}"
292840,funnel_start,2024-02-05T02:23:28,"{""funnel_type"": ""activity""}"
292840,profile_start,2024-02-05T02:23:34,{}
292840,email_submit,2024-02-05T02:23:44,{}
292840,paywall_show,2024-02-05T02:27:39,{}
292992,experiment_exposure,2024-02-05T02:55:51,"{""experiment_name"": ""exp_3"", ""experiment_group"": ""control""}"
292992,funnel_start,2024-02-05T02:55:51,"{""funnel_type"": ""activity""}"
293188,funnel_start,2024-02-05T03:50:07,"{""funnel_type"": ""activity""}"
293188,profile_start,2024-02-05T03:50:12,{}
293188,email_submit,2024-02-05T03:51:16,{}
293540,funnel_start,2024-02-05T05:39:16,"{""funnel_type"": ""fasting""}"
293611,funnel_start,2024-02-05T06:01:29,"{""funnel_type"": ""fasting""}"
293611,profile_start,2024-02-05T06:01:39,{}
293869,experiment_exposure,2024-02-05T07:05:53,"{""experiment_name"": ""exp_3"", ""experiment_group"": ""control""}"
293869,funnel_start,2024-02-05T07:05:53,"{""funnel_type"": ""activity""}"
293869,profile_start,2024-02-05T07:05:58,{}
293869,email_submit,2024-02-05T07:06:20,{}
293869,paywall_show,2024-02-05T07:10:35,{}
294014,funnel_start,2024-02-05T07:34:10,"{""funnel_type"": ""fasting""}"
294014,profile_start,2024-02-05T07:34:14,{}
294014,email_submit,2024-02-05T07:34:39,{}
294014,paywall_show,2024-02-05T07:45:38,{}
294103,funnel_start,2024-02-05T07:51:08,"{""funnel_type"": ""fasting""}"
294103,profile_start,2024-02-05T07:51:16,{}
294103,email_submit,2024-02-05T07:52:06,{}
294103,paywall_show,2024-02-05T08:03:15,{}
294289,experiment_exposure,2024-02-05T08:27:37,"{""experiment_name"": ""exp_3"", ""experiment_group"": ""test""}"
294289,funnel_start,2024-02-05T08:27:37,"{""funnel_type"": ""fasting""}"
294289,profile_start,2024-02-05T08:27:48,{}
294289,email_submit,2024-02-05T08:28:19,{}
294289,paywall_show,2024-02-05T08:44:45,{}
294616,funnel_start,2024-02-05T09:21:50,"{""funnel_type"": ""yoga""}"
294616,profile_start,2024-02-05T09:22:06,{}
294631,funnel_start,2024-02-05T09:25:26,"{""funnel_type"": ""fasting""}"
294631,profile_start,2024-02-05T09:25:41,{}
294631,email_submit,2024-02-05T09:26:04,{}
294631,paywall_show,2024-02-05T09:31:13,{}
294616,paywall_show,2024-02-05T09:31:59,{}
294817,funnel_start,2024-02-05T10:00:34,"{""funnel_type"": ""activity""}"
294817,profile_start,2024-02-05T10:00:44,{}
294817,email_submit,2024-02-05T10:00:58,{}
295308,funnel_start,2024-02-05T11:21:07,"{""funnel_type"": ""activity""}"
295308,experiment_exposure,2024-02-05T11:21:07,"{""experiment_name"": ""exp_3"", ""experiment_group"": ""test""}"
295400,funnel_start,2024-02-05T11:39:46,"{""funnel_type"": ""activity""}"
295400,profile_start,2024-02-05T11:39:53,{}
295400,email_submit,2024-02-05T11:40:25,{}
295579,funnel_start,2024-02-05T12:13:40,"{""funnel_type"": ""activity""}"
295579,experiment_exposure,2024-02-05T12:13:40,"{""experiment_name"": ""exp_3"", ""experiment_group"": ""test""}"
295579,profile_start,2024-02-05T12:13:43,{}
295579,email_submit,2024-02-05T12:13:58,{}
295579,paywall_show,2024-02-05T12:20:09,{}
295614,funnel_start,2024-02-05T12:20:24,"{""funnel_type"": ""fasting""}"
295820,experiment_exposure,2024-02-05T12:56:06,"{""experiment_name"": ""exp_3"", ""experiment_group"": ""control""}"
295820,funnel_start,2024-02-05T12:56:06,"{""funnel_type"": ""fasting""}"
295820,profile_start,2024-02-05T12:56:13,{}
295820,email_submit,2024-02-05T12:57:08,{}
295820,paywall_show,2024-02-05T12:59:56,{}
296069,funnel_start,2024-02-05T13:42:38,"{""funnel_type"": ""fasting""}"
296094,funnel_start,2024-02-05T13:48:35,"{""funnel_type"": ""fasting""}"
296094,profile_start,2024-02-05T13:48:48,{}
296242,experiment_exposure,2024-02-05T14:14:08,"{""experiment_name"": ""exp_3"", ""experiment_group"": ""test""}"
296242,funnel_start,2024-02-05T14:14:08,"{""funnel_type"": ""activity""}"
296242,profile_start,2024-02-05T14:14:11,{}
296242,email_submit,2024-02-05T14:14:33,{}
296242,paywall_show,2024-02-05T14:19:43,{}
296516,funnel_start,2024-02-05T15:02:54,"{""funnel_type"": ""fasting""}"
296902,funnel_start,2024-02-05T16:06:44,"{""funnel_type"": ""yoga""}"
296902,experiment_exposure,2024-02-05T16:06:44,"{""experiment_name"": ""exp_3"", ""experiment_group"": ""control""}"
296902,profile_start,2024-02-05T16:06:56,{}
296902,paywall_show,2024-02-05T16:13:14,{}
297531,funnel_start,2024-02-05T17:46:34,"{""funnel_type"": ""activity""}"
297531,experiment_exposure,2024-02-05T17:46:34,"{""experiment_name"": ""exp_3"", ""experiment_group"": ""control""}"
297531,profile_start,2024-02-05T17:46:45,{}
297531,email_submit,2024-02-05T17:47:01,{}
297531,paywall_show,2024-02-05T17:54:05,{}
297712,funnel_start,2024-02-05T18:16:14,"{""funnel_type"": ""fasting""}"
297712,profile_start,2024-02-05T18:16:18,{}
297850,funnel_start,2024-02-05T18:35:38,"{""funnel_type"": ""fasting""}"
297850,profile_start,2024-02-05T18:35:47,{}
297850,email_submit,2024-02-05T18:36:06,{}
297850,paywall_show,2024-02-05T18:44:34,{}
298012,funnel_start,2024-02-05T18:57:09,"{""funnel_type"": ""activity""}"
298093,funnel_start,2024-02-05T19:12:01,"{""funnel_type"": ""fasting""}"
298093,experiment_exposure,2024-02-05T19:12:01,"{""experiment_name"": ""exp_3"", ""experiment_group"": ""test""}"
298093,profile_start,2024-02-05T19:12:04,{}
298093,email_submit,2024-02-05T19:12:14,{}
298093,paywall_show,2024-02-05T19:26:23,{}
298191,funnel_start,2024-02-05T19:27:44,"{""funnel_type"": ""fasting""}"
298191,profile_start,2024-02-05T19:27:54,{}
298191,email_submit,2024-02-05T19:28:05,{}
298191,paywall_show,2024-02-05T19:33:06,{}
298299,funnel_start,2024-02-05T19:44:46,"{""funnel_type"": ""activity""}"
298299,profile_start,2024-02-05T19:44:53,{}
298299,email_submit,2024-02-05T19:45:01,{}
298299,paywall_show,2024-02-05T19:49:57,{}
298685,funnel_start,2024-02-05T20:37:24,"{""funnel_type"": ""activity""}"
298962,funnel_start,2024-02-05T21:12:45,"{""funnel_type"": ""fasting""}"
298962,experiment_exposure,2024-02-05T21:12:45,"{""experiment_name"": ""exp_3"", ""experiment_group"": ""test""}"
298962,profile_start,2024-02-05T21:12:54,{}
298962,email_submit,2024-02-05T21:13:34,{}
299078,funnel_start,2024-02-05T21:25:31,"{""funnel_type"": ""activity""}"
299078,profile_start,2024-02-05T21:25:41,{}
298962,paywall_show,2024-02-05T21:28:37,{}
299257,funnel_start,2024-02-05T21:48:22,"{""funnel_type"": ""fasting""}"
299257,profile_start,2024-02-05T21:48:40,{}
299257,email_submit,2024-02-05T21:49:01,{}
299257,paywall_show,2024-02-05T22:00:08,{}
299694,funnel_start,2024-02-05T22:40:36,"{""funnel_type"": ""activity""}"
299694,profile_start,2024-02-05T22:40:39,{}
299694,email_submit,2024-02-05T22:40:47,{}
299768,funnel_start,2024-02-05T22:49:19,"{""funnel_type"": ""fasting""}"
299768,experiment_exposure,2024-02-05T22:49:19,"{""experiment_name"": ""exp_3"", ""experiment_group"": ""test""}"
299768,profile_start,2024-02-05T22:49:38,{}
299768,email_submit,2024-02-05T22:50:07,{}
299974,funnel_start,2024-02-05T23:14:26,"{""funnel_type"": ""yoga""}"
299974,profile_start,2024-02-05T23:14:34,{}
299974,paywall_show,2024-02-05T23:20:16,{}
300348,funnel_start,2024-02-06T00:00:26,"{""funnel_type"": ""fasting""}"
300504,funnel_start,2024-02-06T00:24:24,"{""funnel_type"": ""activity""}"
300504,experiment_exposure,2024-02-06T00:24:24,"{""experiment_name"": ""exp_3"", ""experiment_group"": ""test""}"
300697,experiment_exposure,2024-02-06T00:49:52,"{""experiment_name"": ""exp_3"", ""experiment_group"": ""test""}"
300697,funnel_start,2024-02-06T00:49:52,"{""funnel_type"": ""fasting""}"
300697,profile_start,2024-02-06T00:50:07,{}
300697,email_submit,2024-02-06T00:50:30,{}
300707,funnel_start,2024-02-06T00:54:00,"{""funnel_type"": ""fasting""}"
300707,profile_start,2024-02-06T00:54:07,{}
300707,email_submit,2024-02-06T00:54:23,{}
300707,paywall_show,2024-02-06T01:05:17,{}
300924,experiment_exposure,2024-02-06T01:29:48,"{""experiment_name"": ""exp_3"", ""experiment_group"": ""test""}"
300924,funnel_start,2024-02-06T01:29:48,"{""funnel_type"": ""fasting""}"
300924,profile_start,2024-02-06T01:30:04,{}
300924,email_submit,2024-02-06T01:30:55,{}
300932,funnel_start,2024-02-06T01:31:02,"{""funnel_type"": ""fasting""}"
300932,experiment_exposure,2024-02-06T01:31:02,"{""experiment_name"": ""exp_3"", ""experiment_group"": ""control""}"
300932,profile_start,2024-02-06T01:31:07,{}
300932,email_submit,2024-02-06T01:31:36,{}
300991,funnel_start,2024-02-06T01:41:19,"{""funnel_type"": ""fasting""}"
300991,profile_start,2024-02-06T01:41:24,{}
300932,paywall_show,2024-02-06T01:46:56,{}
300932,payment_done,2024-02-06T01:48:23,{}
301047,experiment_exposure,2024-02-06T01:50:59,"{""experiment_name"": ""exp_3"", ""experiment_group"": ""test""}"
301047,funnel_start,2024-02-06T01:50:59,"{""funnel_type"": ""activity""}"
301047,profile_start,2024-02-06T01:51:06,{}
301047,email_submit,2024-02-06T01:51:33,{}
301068,funnel_start,2024-02-06T01:54:15,"{""funnel_type"": ""activity""}"
301068,experiment_exposure,2024-02-06T01:54:15,"{""experiment_name"": ""exp_3"", ""experiment_group"": ""control""}"
301068,profile_start,2024-02-06T01:54:21,{}
301068,email_submit,2024-02-06T01:55:09,{}
301068,paywall_show,2024-02-06T02:00:45,{}
301068,payment_done,2024-02-06T02:02:12,{}
301728,funnel_start,2024-02-06T04:22:05,"{""funnel_type"": ""fasting""}"
302243,funnel_start,2024-02-06T06:42:10,"{""funnel_type"": ""fasting""}"
302243,profile_start,2024-02-06T06:42:16,{}
302266,funnel_start,2024-02-06T06:46:08,"{""funnel_type"": ""activity""}"
302266,profile_start,2024-02-06T06:46:14,{}
302266,email_submit,2024-02-06T06:46:54,{}
302268,funnel_start,2024-02-06T06:47:12,"{""funnel_type"": ""fasting""}"
302268,profile_start,2024-02-06T06:47:18,{}
302268,email_submit,2024-02-06T06:47:54,{}
302266,paywall_show,2024-02-06T06:53:27,{}
302268,paywall_show,2024-02-06T07:00:44,{}
302650,funnel_start,2024-02-06T08:07:42,"{""funnel_type"": ""activity""}"
302650,experiment_exposure,2024-02-06T08:07:42,"{""experiment_name"": ""exp_3"", ""experiment_group"": ""control""}"
302650,profile_start,2024-02-06T08:07:54,{}
302650,email_submit,2024-02-06T08:08:10,{}
302662,funnel_start,2024-02-06T08:10:32,"{""funnel_type"": ""activity""}"
302650,paywall_show,2024-02-06T08:13:26,{}
302997,funnel_start,2024-02-06T09:12:46,"{""funnel_type"": ""yoga""}"
302997,profile_start,2024-02-06T09:12:59,{}
303097,funnel_start,2024-02-06T09:27:31,"{""funnel_type"": ""activity""}"
303097,profile_start,2024-02-06T09:27:41,{}
303097,email_submit,2024-02-06T09:27:57,{}
302997,paywall_show,2024-02-06T09:36:47,{}
303237,funnel_start,2024-02-06T09:53:56,"{""funnel_type"": ""activity""}"
303237,profile_start,2024-02-06T09:54:08,{}
303237,email_submit,2024-02-06T09:54:25,{}
303237,paywall_show,2024-02-06T09:58:46,{}
304682,funnel_start,2024-02-06T14:01:03,"{""funnel_type"": ""fasting""}"
304682,profile_start,2024-02-06T14:01:35,{}
304731,funnel_start,2024-02-06T14:09:07,"{""funnel_type"": ""fasting""}"
304731,profile_start,2024-02-06T14:09:13,{}
304731,email_submit,2024-02-06T14:09:45,{}
304731,paywall_show,2024-02-06T14:18:49,{}
304799,experiment_exposure,2024-02-06T14:20:32,"{""experiment_name"": ""exp_3"", ""experiment_group"": ""control""}"
304799,funnel_start,2024-02-06T14:20:32,"{""funnel_type"": ""fasting""}"
304888,funnel_start,2024-02-06T14:34:02,"{""funnel_type"": ""fasting""}"
304888,profile_start,2024-02-06T14:34:10,{}
304888,email_submit,2024-02-06T14:34:43,{}
305100,funnel_start,2024-02-06T15:15:04,"{""funnel_type"": ""fasting""}"
305251,funnel_start,2024-02-06T15:42:40,"{""funnel_type"": ""fasting""}"
305251,profile_start,2024-02-06T15:42:49,{}
305251,email_submit,2024-02-06T15:43:08,{}
305251,paywall_show,2024-02-06T15:48:23,{}
305314,funnel_start,2024-02-06T15:57:04,"{""funnel_type"": ""activity""}"
305338,funnel_start,2024-02-06T16:00:33,"{""funnel_type"": ""activity""}"
305340,funnel_start,2024-02-06T16:00:38,"{""funnel_type"": ""activity""}"
305340,profile_start,2024-02-06T16:00:45,{}
305340,email_submit,2024-02-06T16:00:57,{}
305340,paywall_show,2024-02-06T16:03:12,{}
306234,funnel_start,2024-02-06T18:23:03,"{""funnel_type"": ""fasting""}"
306234,profile_start,2024-02-06T18:23:25,{}
306234,email_submit,2024-02-06T18:23:42,{}
306234,paywall_show,2024-02-06T18:29:16,{}
306870,funnel_start,2024-02-06T19:56:14,"{""funnel_type"": ""yoga""}"
306870,profile_start,2024-02-06T19:56:27,{}
306873,funnel_start,2024-02-06T19:56:54,"{""funnel_type"": ""fasting""}"
306873,profile_start,2024-02-06T19:57:00,{}
306873,experiment_exposure,2024-02-06T19:57:00,"{""experiment_name"": ""exp_5"", ""experiment_group"": ""control""}"
306873,email_submit,2024-02-06T19:57:09,{}
306873,paywall_show,2024-02-06T20:02:05,{}
306870,paywall_show,2024-02-06T20:07:12,{}
306870,payment_done,2024-02-06T20:09:41,{}
306870,email_submit,2024-02-06T20:10:05,{}
307237,funnel_start,2024-02-06T20:50:41,"{""funnel_type"": ""activity""}"
307302,funnel_start,2024-02-06T20:58:06,"{""funnel_type"": ""activity""}"
307380,funnel_start,2024-02-06T21:08:03,"{""funnel_type"": ""activity""}"
307380,profile_start,2024-02-06T21:08:07,{}
307380,email_submit,2024-02-06T21:08:17,{}
307380,paywall_show,2024-02-06T21:18:34,{}
307698,funnel_start,2024-02-06T21:48:43,"{""funnel_type"": ""fasting""}"
307698,profile_start,2024-02-06T21:48:50,{}
307698,experiment_exposure,2024-02-06T21:48:50,"{""experiment_name"": ""exp_5"", ""experiment_group"": ""control""}"
307698,email_submit,2024-02-06T21:49:01,{}
307793,funnel_start,2024-02-06T21:59:07,"{""funnel_type"": ""fasting""}"
307798,funnel_start,2024-02-06T21:59:44,"{""funnel_type"": ""yoga""}"
307955,funnel_start,2024-02-06T22:15:20,"{""funnel_type"": ""fasting""}"
307955,profile_start,2024-02-06T22:15:28,{}
307955,email_submit,2024-02-06T22:15:43,{}
307955,paywall_show,2024-02-06T22:26:23,{}
308291,funnel_start,2024-02-06T22:54:26,"{""funnel_type"": ""fasting""}"
308291,experiment_exposure,2024-02-06T22:54:26,"{""experiment_name"": ""exp_3"", ""experiment_group"": ""control""}"
308291,profile_start,2024-02-06T22:54:32,{}
308291,email_submit,2024-02-06T22:55:11,{}
308291,paywall_show,2024-02-06T23:03:30,{}
308611,funnel_start,2024-02-06T23:34:49,"{""funnel_type"": ""fasting""}"
308611,profile_start,2024-02-06T23:34:54,{}
308879,funnel_start,2024-02-07T00:10:16,"{""funnel_type"": ""fasting""}"
308879,profile_start,2024-02-07T00:10:26,{}
308879,experiment_exposure,2024-02-07T00:10:26,"{""experiment_name"": ""exp_5"", ""experiment_group"": ""test""}"
308879,email_submit,2024-02-07T00:11:04,{}
308919,funnel_start,2024-02-07T00:15:17,"{""funnel_type"": ""activity""}"
308919,experiment_exposure,2024-02-07T00:15:17,"{""experiment_name"": ""exp_3"", ""experiment_group"": ""test""}"
308879,paywall_show,2024-02-07T00:17:18,{}
309023,funnel_start,2024-02-07T00:29:18,"{""funnel_type"": ""fasting""}"
309023,experiment_exposure,2024-02-07T00:29:18,"{""experiment_name"": ""exp_3"", ""experiment_group"": ""control""}"
309214,funnel_start,2024-02-07T00:58:39,"{""funnel_type"": ""fasting""}"
309214,profile_start,2024-02-07T00:58:54,{}
309214,email_submit,2024-02-07T00:59:14,{}
309214,paywall_show,2024-02-07T01:07:53,{}
309789,funnel_start,2024-02-07T02:49:54,"{""funnel_type"": ""activity""}"
309845,funnel_start,2024-02-07T03:03:57,"{""funnel_type"": ""fasting""}"
309845,profile_start,2024-02-07T03:04:06,{}
309845,email_submit,2024-02-07T03:04:15,{}
309845,paywall_show,2024-02-07T03:06:08,{}
310042,funnel_start,2024-02-07T03:57:23,"{""funnel_type"": ""activity""}"
310042,profile_start,2024-02-07T03:57:32,{}
310042,email_submit,2024-02-07T03:58:01,{}
310124,experiment_exposure,2024-02-07T04:16:26,"{""experiment_name"": ""exp_3"", ""experiment_group"": ""test""}"
310124,funnel_start,2024-02-07T04:16:26,"{""funnel_type"": ""fasting""}"
310124,profile_start,2024-02-07T04:16:34,{}
310124,email_submit,2024-02-07T04:17:00,{}
310124,paywall_show,2024-02-07T04:25:20,{}
310408,funnel_start,2024-02-07T05:37:39,"{""funnel_type"": ""fasting""}"
310408,profile_start,2024-02-07T05:37:56,{}
310408,email_submit,2024-02-07T05:38:19,{}
310408,paywall_show,2024-02-07T05:49:25,{}
310456,funnel_start,2024-02-07T05:52:25,"{""funnel_type"": ""activity""}"
310456,experiment_exposure,2024-02-07T05:52:25,"{""experiment_name"": ""exp_3"", ""experiment_group"": ""control""}"
310456,profile_start,2024-02-07T05:52:36,{}
310408,payment_done,2024-02-07T05:53:01,{}
310456,email_submit,2024-02-07T05:53:19,{}
310456,paywall_show,2024-02-07T06:01:48,{}
310492,funnel_start,2024-02-07T06:02:26,"{""funnel_type"": ""activity""}"
310492,profile_start,2024-02-07T06:02:34,{}
310492,email_submit,2024-02-07T06:02:55,{}
310622,funnel_start,2024-02-07T06:33:02,"{""funnel_type"": ""fasting""}"
310622,experiment_exposure,2024-02-07T06:33:02,"{""experiment_name"": ""exp_3"", ""experiment_group"": ""control""}"
310622,profile_start,2024-02-07T06:33:14,{}
310622,email_submit,2024-02-07T06:33:42,{}
310622,paywall_show,2024-02-07T06:42:11,{}
310622,payment_done,2024-02-07T06:45:06,{}
310670,funnel_start,2024-02-07T06:48:23,"{""funnel_type"": ""activity""}"
310670,experiment_exposure,2024-02-07T06:48:23,"{""experiment_name"": ""exp_3"", ""experiment_group"": ""control""}"
310670,profile_start,2024-02-07T06:48:27,{}
310670,email_submit,2024-02-07T06:48:36,{}
310804,funnel_start,2024-02-07T07:22:01,"{""funnel_type"": ""activity""}"
310804,experiment_exposure,2024-02-07T07:22:01,"{""experiment_name"": ""exp_3"", ""experiment_group"": ""test""}"
310982,funnel_start,2024-02-07T07:59:05,"{""funnel_type"": ""fasting""}"
310982,profile_start,2024-02-07T07:59:14,{}
310982,email_submit,2024-02-07T07:59:44,{}
310982,paywall_show,2024-02-07T08:14:14,{}
311113,funnel_start,2024-02-07T08:21:13,"{""funnel_type"": ""fasting""}"
311113,profile_start,2024-02-07T08:21:33,{}
311113,email_submit,2024-02-07T08:21:39,{}
311113,paywall_show,2024-02-07T08:31:18,{}
311167,funnel_start,2024-02-07T08:31:25,"{""funnel_type"": ""fasting""}"
311167,profile_start,2024-02-07T08:31:41,{}
311167,email_submit,2024-02-07T08:31:56,{}
311167,paywall_show,2024-02-07T08:33:51,{}
311190,funnel_start,2024-02-07T08:37:35,"{""funnel_type"": ""fasting""}"
311190,profile_start,2024-02-07T08:37:43,{}
311190,email_submit,2024-02-07T08:38:01,{}
311235,funnel_start,2024-02-07T08:46:43,"{""funnel_type"": ""fasting""}"
311190,paywall_show,2024-02-07T08:47:49,{}
311245,funnel_start,2024-02-07T08:49:46,"{""funnel_type"": ""fasting""}"
311245,experiment_exposure,2024-02-07T08:49:46,"{""experiment_name"": ""exp_3"", ""experiment_group"": ""test""}"
311245,profile_start,2024-02-07T08:50:06,{}
311453,funnel_start,2024-02-07T09:31:58,"{""funnel_type"": ""fasting""}"
311453,profile_start,2024-02-07T09:32:12,{}
311453,email_submit,2024-02-07T09:33:03,{}
311453,paywall_show,2024-02-07T09:38:34,{}
311729,funnel_start,2024-02-07T10:18:38,"{""funnel_type"": ""activity""}"
311729,experiment_exposure,2024-02-07T10:18:38,"{""experiment_name"": ""exp_9"", ""experiment_group"": ""control""}"
311729,profile_start,2024-02-07T10:18:46,{}
311729,email_submit,2024-02-07T10:18:54,{}
311740,funnel_start,2024-02-07T10:20:49,"{""funnel_type"": ""activity""}"
311740,experiment_exposure,2024-02-07T10:20:49,"{""experiment_name"": ""exp_9"", ""experiment_group"": ""control""}"
311729,paywall_show,2024-02-07T10:30:20,{}
311892,funnel_start,2024-02-07T10:45:46,"{""funnel_type"": ""activity""}"
311892,profile_start,2024-02-07T10:45:54,{}
311912,funnel_start,2024-02-07T10:49:14,"{""funnel_type"": ""fasting""}"
311912,experiment_exposure,2024-02-07T10:49:14,"{""experiment_name"": ""exp_9"", ""experiment_group"": ""test""}"
311912,profile_start,2024-02-07T10:49:31,{}
311912,email_submit,2024-02-07T10:49:58,{}
311912,paywall_show,2024-02-07T10:54:01,{}
312423,funnel_start,2024-02-07T12:16:15,"{""funnel_type"": ""activity""}"
312423,experiment_exposure,2024-02-07T12:16:15,"{""experiment_name"": ""exp_9"", ""experiment_group"": ""control""}"
312459,funnel_start,2024-02-07T12:22:50,"{""funnel_type"": ""fasting""}"
312459,experiment_exposure,2024-02-07T12:22:50,"{""experiment_name"": ""exp_3"", ""experiment_group"": ""control""}"
312459,profile_start,2024-02-07T12:23:11,{}
312459,email_submit,2024-02-07T12:23:41,{}
312459,paywall_show,2024-02-07T12:35:04,{}
312702,experiment_exposure,2024-02-07T13:04:18,"{""experiment_name"": ""exp_3"", ""experiment_group"": ""control""}"
312702,funnel_start,2024-02-07T13:04:18,"{""funnel_type"": ""fasting""}"
312702,profile_start,2024-02-07T13:04:32,{}
312742,funnel_start,2024-02-07T13:11:09,"{""funnel_type"": ""fasting""}"
312742,experiment_exposure,2024-02-07T13:11:09,"{""experiment_name"": ""exp_3"", ""experiment_group"": ""control""}"
312742,profile_start,2024-02-07T13:11:17,{}
312742,email_submit,2024-02-07T13:11:38,{}
312923,funnel_start,2024-02-07T13:48:50,"{""funnel_type"": ""fasting""}"
313599,experiment_exposure,2024-02-07T15:42:10,"{""experiment_name"": ""exp_3"", ""experiment_group"": ""control""}"
313599,funnel_start,2024-02-07T15:42:10,"{""funnel_type"": ""fasting""}"
313679,funnel_start,2024-02-07T15:53:30,"{""funnel_type"": ""fasting""}"
313679,experiment_exposure,2024-02-07T15:53:30,"{""experiment_name"": ""exp_9"", ""experiment_group"": ""test""}"
313679,profile_start,2024-02-07T15:53:44,{}
313679,email_submit,2024-02-07T15:54:07,{}
313679,paywall_show,2024-02-07T16:08:10,{}
313918,funnel_start,2024-02-07T16:33:18,"{""funnel_type"": ""fasting""}"
313918,profile_start,2024-02-07T16:33:32,{}
313918,email_submit,2024-02-07T16:33:54,{}
313964,funnel_start,2024-02-07T16:39:36,"{""funnel_type"": ""activity""}"
313964,profile_start,2024-02-07T16:39:42,{}
313964,email_submit,2024-02-07T16:40:05,{}
313918,paywall_show,2024-02-07T16:44:50,{}
314007,funnel_start,2024-02-07T16:46:26,"{""funnel_type"": ""activity""}"
314007,profile_start,2024-02-07T16:46:39,{}
314007,email_submit,2024-02-07T16:47:00,{}
313964,paywall_show,2024-02-07T16:50:39,{}
314007,paywall_show,2024-02-07T16:50:55,{}
314199,experiment_exposure,2024-02-07T17:15:20,"{""experiment_name"": ""exp_9"", ""experiment_group"": ""test""}"
314199,funnel_start,2024-02-07T17:15:20,"{""funnel_type"": ""fasting""}"
314199,profile_start,2024-02-07T17:15:27,{}
314199,email_submit,2024-02-07T17:15:49,{}
314199,paywall_show,2024-02-07T17:43:40,{}
314674,experiment_exposure,2024-02-07T18:33:51,"{""experiment_name"": ""exp_3"", ""experiment_group"": ""test""}"
314674,funnel_start,2024-02-07T18:33:51,"{""funnel_type"": ""fasting""}"
314674,profile_start,2024-02-07T18:33:58,{}
314674,email_submit,2024-02-07T18:34:36,{}
314674,paywall_show,2024-02-07T18:49:21,{}
315270,funnel_start,2024-02-07T20:04:36,"{""funnel_type"": ""activity""}"
315270,profile_start,2024-02-07T20:04:41,{}
315270,email_submit,2024-02-07T20:05:00,{}
315270,paywall_show,2024-02-07T20:09:48,{}
315892,experiment_exposure,2024-02-07T21:32:18,"{""experiment_name"": ""exp_3"", ""experiment_group"": ""control""}"
315892,funnel_start,2024-02-07T21:32:18,"{""funnel_type"": ""fasting""}"
315892,profile_start,2024-02-07T21:32:23,{}
315892,email_submit,2024-02-07T21:32:34,{}
315920,funnel_start,2024-02-07T21:35:51,"{""funnel_type"": ""fasting""}"
315920,profile_start,2024-02-07T21:36:06,{}
315920,email_submit,2024-02-07T21:36:23,{}
315920,paywall_show,2024-02-07T21:39:43,{}
316177,experiment_exposure,2024-02-07T22:06:45,"{""experiment_name"": ""exp_9"", ""experiment_group"": ""control""}"
316177,funnel_start,2024-02-07T22:06:45,"{""funnel_type"": ""fasting""}"
316177,profile_start,2024-02-07T22:07:01,{}
316177,email_submit,2024-02-07T22:07:21,{}
316190,funnel_start,2024-02-07T22:07:42,"{""funnel_type"": ""activity""}"
316190,profile_start,2024-02-07T22:07:47,{}
316190,email_submit,2024-02-07T22:07:58,{}
316177,paywall_show,2024-02-07T22:15:42,{}
316270,funnel_start,2024-02-07T22:17:30,"{""funnel_type"": ""yoga""}"
316270,profile_start,2024-02-07T22:17:37,{}
316190,paywall_show,2024-02-07T22:17:42,{}
316177,payment_done,2024-02-07T22:18:34,{}
316270,paywall_show,2024-02-07T22:29:29,{}
316270,payment_done,2024-02-07T22:30:32,{}
316270,email_submit,2024-02-07T22:30:51,{}
316767,funnel_start,2024-02-07T23:15:22,"{""funnel_type"": ""fasting""}"
316767,profile_start,2024-02-07T23:15:30,{}
316767,email_submit,2024-02-07T23:15:44,{}
316809,funnel_start,2024-02-07T23:18:26,"{""funnel_type"": ""fasting""}"
316767,paywall_show,2024-02-07T23:20:14,{}
316892,funnel_start,2024-02-07T23:30:00,"{""funnel_type"": ""fasting""}"
316892,experiment_exposure,2024-02-07T23:30:00,"{""experiment_name"": ""exp_3"", ""experiment_group"": ""control""}"
316892,profile_start,2024-02-07T23:30:07,{}
316892,email_submit,2024-02-07T23:30:44,{}
316892,paywall_show,2024-02-07T23:35:45,{}
317118,funnel_start,2024-02-07T23:55:49,"{""funnel_type"": ""activity""}"
317118,profile_start,2024-02-07T23:55:55,{}
317118,email_submit,2024-02-07T23:56:11,{}
317176,funnel_start,2024-02-08T00:03:16,"{""funnel_type"": ""activity""}"
317552,funnel_start,2024-02-08T01:02:36,"{""funnel_type"": ""fasting""}"
317676,funnel_start,2024-02-08T01:23:12,"{""funnel_type"": ""activity""}"
317676,profile_start,2024-02-08T01:23:18,{}
317676,email_submit,2024-02-08T01:23:26,{}
317676,paywall_show,2024-02-08T01:36:33,{}
317815,funnel_start,2024-02-08T01:47:55,"{""funnel_type"": ""activity""}"
317815,profile_start,2024-02-08T01:48:02,{}
317815,email_submit,2024-02-08T01:48:23,{}
318064,funnel_start,2024-02-08T02:41:42,"{""funnel_type"": ""fasting""}"
318064,profile_start,2024-02-08T02:41:51,{}
318064,email_submit,2024-02-08T02:42:11,{}
318419,funnel_start,2024-02-08T04:04:09,"{""funnel_type"": ""fasting""}"
318892,funnel_start,2024-02-08T06:22:20,"{""funnel_type"": ""activity""}"
318892,profile_start,2024-02-08T06:22:28,{}
318892,email_submit,2024-02-08T06:23:00,{}
318892,paywall_show,2024-02-08T06:32:38,{}
318892,payment_done,2024-02-08T06:33:05,{}
318941,funnel_start,2024-02-08T06:34:35,"{""funnel_type"": ""activity""}"
318941,profile_start,2024-02-08T06:34:40,{}
318941,experiment_exposure,2024-02-08T06:34:40,"{""experiment_name"": ""exp_7"", ""experiment_group"": ""test""}"
318941,email_submit,2024-02-08T06:35:00,{}
318941,paywall_show,2024-02-08T06:36:55,{}
319644,experiment_exposure,2024-02-08T08:54:20,"{""experiment_name"": ""exp_9"", ""experiment_group"": ""test""}"
319644,funnel_start,2024-02-08T08:54:20,"{""funnel_type"": ""fasting""}"
319644,profile_start,2024-02-08T08:54:38,{}
319644,email_submit,2024-02-08T08:54:52,{}
319644,paywall_show,2024-02-08T09:07:23,{}
319754,funnel_start,2024-02-08T09:16:05,"{""funnel_type"": ""activity""}"
319754,experiment_exposure,2024-02-08T09:16:05,"{""experiment_name"": ""exp_3"", ""experiment_group"": ""control""}"
319754,profile_start,2024-02-08T09:16:09,{}
319801,funnel_start,2024-02-08T09:24:11,"{""funnel_type"": ""yoga""}"
319801,experiment_exposure,2024-02-08T09:24:11,"{""experiment_name"": ""exp_3"", ""experiment_group"": ""control""}"
319801,profile_start,2024-02-08T09:24:20,{}
320079,funnel_start,2024-02-08T10:11:32,"{""funnel_type"": ""fasting""}"
320079,profile_start,2024-02-08T10:11:48,{}
320079,email_submit,2024-02-08T10:12:05,{}
320502,funnel_start,2024-02-08T11:27:17,"{""funnel_type"": ""fasting""}"
320502,profile_start,2024-02-08T11:27:30,{}
320502,email_submit,2024-02-08T11:27:56,{}
320502,paywall_show,2024-02-08T11:34:13,{}
320707,funnel_start,2024-02-08T11:59:46,"{""funnel_type"": ""fasting""}"
320707,experiment_exposure,2024-02-08T12:00:09,"{""experiment_name"": ""exp_7"", ""experiment_group"": ""test""}"
320707,profile_start,2024-02-08T12:00:09,{}
320707,email_submit,2024-02-08T12:00:35,{}
320707,paywall_show,2024-02-08T12:04:48,{}
321523,funnel_start,2024-02-08T14:33:17,"{""funnel_type"": ""activity""}"
321523,experiment_exposure,2024-02-08T14:33:17,"{""experiment_name"": ""exp_3"", ""experiment_group"": ""test""}"
321523,profile_start,2024-02-08T14:33:21,{}
321523,email_submit,2024-02-08T14:33:35,{}
321548,funnel_start,2024-02-08T14:38:04,"{""funnel_type"": ""activity""}"
321548,experiment_exposure,2024-02-08T14:38:04,"{""experiment_name"": ""exp_3"", ""experiment_group"": ""control""}"
321548,profile_start,2024-02-08T14:38:08,{}
321548,email_submit,2024-02-08T14:38:18,{}
321548,paywall_show,2024-02-08T14:54:10,{}
321523,paywall_show,2024-02-08T15:05:00,{}
321776,funnel_start,2024-02-08T15:21:04,"{""funnel_type"": ""activity""}"
321778,experiment_exposure,2024-02-08T15:21:36,"{""experiment_name"": ""exp_3"", ""experiment_group"": ""test""}"
321778,funnel_start,2024-02-08T15:21:36,"{""funnel_type"": ""fasting""}"
321779,funnel_start,2024-02-08T15:21:44,"{""funnel_type"": ""fasting""}"
321778,profile_start,2024-02-08T15:21:49,{}
321778,email_submit,2024-02-08T15:22:07,{}
321801,funnel_start,2024-02-08T15:26:42,"{""funnel_type"": ""yoga""}"
321801,profile_start,2024-02-08T15:26:59,{}
321778,paywall_show,2024-02-08T15:29:44,{}
321801,paywall_show,2024-02-08T15:32:20,{}
321941,funnel_start,2024-02-08T15:50:00,"{""funnel_type"": ""fasting""}"
322011,funnel_start,2024-02-08T16:01:23,"{""funnel_type"": ""activity""}"
322011,experiment_exposure,2024-02-08T16:01:23,"{""experiment_name"": ""exp_3"", ""experiment_group"": ""control""}"
322011,profile_start,2024-02-08T16:01:31,{}
322011,email_submit,2024-02-08T16:01:48,{}
322017,funnel_start,2024-02-08T16:03:56,"{""funnel_type"": ""fasting""}"
322011,paywall_show,2024-02-08T16:04:19,{}
322242,funnel_start,2024-02-08T16:45:33,"{""funnel_type"": ""yoga""}"
322242,experiment_exposure,2024-02-08T16:45:33,"{""experiment_name"": ""exp_3"", ""experiment_group"": ""test""}"
322242,profile_start,2024-02-08T16:45:47,{}
322242,paywall_show,2024-02-08T16:54:27,{}
322761,funnel_start,2024-02-08T18:06:56,"{""funnel_type"": ""fasting""}"
322761,profile_start,2024-02-08T18:07:10,{}
322761,email_submit,2024-02-08T18:07:40,{}
322832,funnel_start,2024-02-08T18:17:02,"{""funnel_type"": ""fasting""}"
322832,experiment_exposure,2024-02-08T18:17:02,"{""experiment_name"": ""exp_9"", ""experiment_group"": ""control""}"
322832,profile_start,2024-02-08T18:17:10,{}
322832,email_submit,2024-02-08T18:17:48,{}
322832,paywall_show,2024-02-08T18:21:17,{}
322761,paywall_show,2024-02-08T18:24:18,{}
323186,funnel_start,2024-02-08T19:09:38,"{""funnel_type"": ""activity""}"
323186,experiment_exposure,2024-02-08T19:09:38,"{""experiment_name"": ""exp_9"", ""experiment_group"": ""test""}"
323186,profile_start,2024-02-08T19:09:45,{}
323186,email_submit,2024-02-08T19:10:03,{}
323186,paywall_show,2024-02-08T19:15:45,{}
323318,funnel_start,2024-02-08T19:30:48,"{""funnel_type"": ""activity""}"
323318,profile_start,2024-02-08T19:30:59,{}
323318,email_submit,2024-02-08T19:31:19,{}
323914,funnel_start,2024-02-08T20:49:58,"{""funnel_type"": ""activity""}"
324043,funnel_start,2024-02-08T21:08:23,"{""funnel_type"": ""fasting""}"
324512,funnel_start,2024-02-08T22:07:12,"{""funnel_type"": ""fasting""}"
324839,funnel_start,2024-02-08T22:47:45,"{""funnel_type"": ""fasting""}"
324839,experiment_exposure,2024-02-08T22:47:45,"{""experiment_name"": ""exp_3"", ""experiment_group"": ""control""}"
324914,funnel_start,2024-02-08T22:57:06,"{""funnel_type"": ""fasting""}"
324914,profile_start,2024-02-08T22:57:15,{}
324914,experiment_exposure,2024-02-08T22:57:15,"{""experiment_name"": ""exp_7"", ""experiment_group"": ""control""}"
325104,funnel_start,2024-02-08T23:22:23,"{""funnel_type"": ""fasting""}"
325104,experiment_exposure,2024-02-08T23:22:23,"{""experiment_name"": ""exp_3"", ""experiment_group"": ""test""}"
325104,profile_start,2024-02-08T23:22:30,{}
325104,email_submit,2024-02-08T23:22:49,{}
325180,funnel_start,2024-02-08T23:30:47,"{""funnel_type"": ""fasting""}"
325180,experiment_exposure,2024-02-08T23:30:58,"{""experiment_name"": ""exp_7"", ""experiment_group"": ""test""}"
325180,profile_start,2024-02-08T23:30:58,{}
325180,email_submit,2024-02-08T23:31:04,{}
325201,funnel_start,2024-02-08T23:33:14,"{""funnel_type"": ""activity""}"
325104,paywall_show,2024-02-08T23:33:28,{}
325201,profile_start,2024-02-08T23:33:30,{}
325201,experiment_exposure,2024-02-08T23:33:30,"{""experiment_name"": ""exp_5"", ""experiment_group"": ""control""}"
325211,funnel_start,2024-02-08T23:34:05,"{""funnel_type"": ""fasting""}"
325201,email_submit,2024-02-08T23:34:09,{}
325211,profile_start,2024-02-08T23:34:18,{}
325211,email_submit,2024-02-08T23:34:37,{}
325201,paywall_show,2024-02-08T23:39:08,{}
325255,funnel_start,2024-02-08T23:40:31,"{""funnel_type"": ""activity""}"
325255,profile_start,2024-02-08T23:40:35,{}
325211,paywall_show,2024-02-08T23:41:30,{}
325388,experiment_exposure,2024-02-08T23:55:46,"{""experiment_name"": ""exp_3"", ""experiment_group"": ""test""}"
325388,funnel_start,2024-02-08T23:55:46,"{""funnel_type"": ""fasting""}"
325388,profile_start,2024-02-08T23:55:53,{}
325388,email_submit,2024-02-08T23:56:11,{}
325388,paywall_show,2024-02-09T00:03:50,{}
325388,payment_done,2024-02-09T00:04:42,{}
325489,experiment_exposure,2024-02-09T00:10:54,"{""experiment_name"": ""exp_3"", ""experiment_group"": ""control""}"
325489,funnel_start,2024-02-09T00:10:54,"{""funnel_type"": ""fasting""}"
325489,profile_start,2024-02-09T00:11:02,{}
325489,email_submit,2024-02-09T00:11:09,{}
325798,funnel_start,2024-02-09T00:56:09,"{""funnel_type"": ""fasting""}"
325798,experiment_exposure,2024-02-09T00:56:09,"{""experiment_name"": ""exp_3"", ""experiment_group"": ""test""}"
325798,profile_start,2024-02-09T00:56:20,{}
325798,email_submit,2024-02-09T00:56:42,{}
326075,funnel_start,2024-02-09T01:45:26,"{""funnel_type"": ""activity""}"
326075,profile_start,2024-02-09T01:45:30,{}
326075,email_submit,2024-02-09T01:46:00,{}
326075,paywall_show,2024-02-09T01:51:43,{}
326439,funnel_start,2024-02-09T03:01:49,"{""funnel_type"": ""fasting""}"
326439,profile_start,2024-02-09T03:01:59,{}
326439,email_submit,2024-02-09T03:05:17,{}
326439,paywall_show,2024-02-09T03:20:22,{}
326577,funnel_start,2024-02-09T03:37:16,"{""funnel_type"": ""fasting""}"
326642,funnel_start,2024-02-09T03:53:32,"{""funnel_type"": ""activity""}"
326819,funnel_start,2024-02-09T04:42:26,"{""funnel_type"": ""fasting""}"
326819,experiment_exposure,2024-02-09T04:42:26,"{""experiment_name"": ""exp_3"", ""experiment_group"": ""test""}"
326819,profile_start,2024-02-09T04:42:34,{}
326819,email_submit,2024-02-09T04:43:12,{}
326819,paywall_show,2024-02-09T05:05:17,{}
326819,payment_done,2024-02-09T05:08:12,{}
327075,funnel_start,2024-02-09T05:58:25,"{""funnel_type"": ""activity""}"
327075,profile_start,2024-02-09T05:58:30,{}
327075,email_submit,2024-02-09T05:58:58,{}
327075,paywall_show,2024-02-09T06:06:20,{}
327075,payment_done,2024-02-09T06:08:03,{}
327737,funnel_start,2024-02-09T08:25:43,"{""funnel_type"": ""activity""}"
327737,profile_start,2024-02-09T08:25:49,{}
327737,email_submit,2024-02-09T08:26:28,{}
327737,paywall_show,2024-02-09T08:38:24,{}
328117,funnel_start,2024-02-09T09:34:33,"{""funnel_type"": ""activity""}"
328198,funnel_start,2024-02-09T09:50:11,"{""funnel_type"": ""fasting""}"
328198,experiment_exposure,2024-02-09T09:50:11,"{""experiment_name"": ""exp_3"", ""experiment_group"": ""test""}"
328198,profile_start,2024-02-09T09:50:16,{}
328198,email_submit,2024-02-09T09:50:31,{}
328238,experiment_exposure,2024-02-09T09:57:00,"{""experiment_name"": ""exp_3"", ""experiment_group"": ""test""}"
328238,funnel_start,2024-02-09T09:57:00,"{""funnel_type"": ""activity""}"
328238,profile_start,2024-02-09T09:57:04,{}
328282,funnel_start,2024-02-09T10:06:38,"{""funnel_type"": ""fasting""}"
328282,experiment_exposure,2024-02-09T10:06:38,"{""experiment_name"": ""exp_3"", ""experiment_group"": ""test""}"
328282,profile_start,2024-02-09T10:06:43,{}
328282,email_submit,2024-02-09T10:07:11,{}
328313,funnel_start,2024-02-09T10:13:00,"{""funnel_type"": ""fasting""}"
328313,profile_start,2024-02-09T10:13:07,{}
328313,email_submit,2024-02-09T10:14:16,{}
328282,paywall_show,2024-02-09T10:15:42,{}
328313,paywall_show,2024-02-09T10:24:14,{}
328399,funnel_start,2024-02-09T10:28:50,"{""funnel_type"": ""activity""}"
328399,profile_start,2024-02-09T10:29:02,{}
328399,email_submit,2024-02-09T10:29:39,{}
328600,funnel_start,2024-02-09T11:05:26,"{""funnel_type"": ""fasting""}"
328600,experiment_exposure,2024-02-09T11:05:38,"{""experiment_name"": ""exp_7"", ""experiment_group"": ""test""}"
328600,profile_start,2024-02-09T11:05:38,{}
328600,email_submit,2024-02-09T11:05:54,{}
328673,funnel_start,2024-02-09T11:18:24,"{""funnel_type"": ""fasting""}"
328673,profile_start,2024-02-09T11:18:28,{}
328673,email_submit,2024-02-09T11:19:12,{}
328673,paywall_show,2024-02-09T11:24:08,{}
328816,funnel_start,2024-02-09T11:39:17,"{""funnel_type"": ""fasting""}"
328816,profile_start,2024-02-09T11:39:27,{}
328816,experiment_exposure,2024-02-09T11:39:27,"{""experiment_name"": ""exp_5"", ""experiment_group"": ""test""}"
328816,email_submit,2024-02-09T11:39:44,{}
328849,funnel_start,2024-02-09T11:45:08,"{""funnel_type"": ""fasting""}"
328816,paywall_show,2024-02-09T11:47:22,{}
329038,funnel_start,2024-02-09T12:19:36,"{""funnel_type"": ""activity""}"
329038,profile_start,2024-02-09T12:19:46,{}
329038,email_submit,2024-02-09T12:20:17,{}
329133,funnel_start,2024-02-09T12:34:49,"{""funnel_type"": ""activity""}"
329168,funnel_start,2024-02-09T12:42:35,"{""funnel_type"": ""fasting""}"
329181,funnel_start,2024-02-09T12:44:29,"{""funnel_type"": ""fasting""}"
329883,funnel_start,2024-02-09T14:45:22,"{""funnel_type"": ""activity""}"
329907,funnel_start,2024-02-09T14:49:34,"{""funnel_type"": ""fasting""}"
329907,profile_start,2024-02-09T14:49:40,{}
329907,email_submit,2024-02-09T14:50:21,{}
329952,funnel_start,2024-02-09T14:56:53,"{""funnel_type"": ""fasting""}"
329952,experiment_exposure,2024-02-09T14:56:58,"{""experiment_name"": ""exp_7"", ""experiment_group"": ""test""}"
329952,profile_start,2024-02-09T14:56:58,{}
329952,email_submit,2024-02-09T14:57:36,{}
329952,paywall_show,2024-02-09T15:00:14,{}
329907,paywall_show,2024-02-09T15:03:02,{}
330216,funnel_start,2024-02-09T15:43:51,"{""funnel_type"": ""activity""}"
330216,profile_start,2024-02-09T15:43:55,{}
330216,email_submit,2024-02-09T15:44:06,{}
330216,paywall_show,2024-02-09T15:47:05,{}
330235,funnel_start,2024-02-09T15:47:57,"{""funnel_type"": ""fasting""}"
330268,funnel_start,2024-02-09T15:52:12,"{""funnel_type"": ""activity""}"
330268,profile_start,2024-02-09T15:52:18,{}
330268,experiment_exposure,2024-02-09T15:52:18,"{""experiment_name"": ""exp_5"", ""experiment_group"": ""test""}"
330301,funnel_start,2024-02-09T15:58:14,"{""funnel_type"": ""activity""}"
330301,profile_start,2024-02-09T15:58:19,{}
330301,email_submit,2024-02-09T15:58:47,{}
330540,funnel_start,2024-02-09T16:43:28,"{""funnel_type"": ""activity""}"
330540,experiment_exposure,2024-02-09T16:43:28,"{""experiment_name"": ""exp_3"", ""experiment_group"": ""test""}"
330540,profile_start,2024-02-09T16:43:40,{}
330540,email_submit,2024-02-09T16:43:50,{}
330567,experiment_exposure,2024-02-09T16:47:44,"{""experiment_name"": ""exp_9"", ""experiment_group"": ""test""}"
330567,funnel_start,2024-02-09T16:47:44,"{""funnel_type"": ""fasting""}"
330567,profile_start,2024-02-09T16:47:49,{}
330567,email_submit,2024-02-09T16:48:09,{}
330540,paywall_show,2024-02-09T16:50:53,{}
330567,paywall_show,2024-02-09T16:56:17,{}
330651,funnel_start,2024-02-09T17:01:36,"{""funnel_type"": ""fasting""}"
330651,profile_start,2024-02-09T17:01:42,{}
330651,email_submit,2024-02-09T17:02:58,{}
330651,paywall_show,2024-02-09T17:15:21,{}
330756,experiment_exposure,2024-02-09T17:19:51,"{""experiment_name"": ""exp_3"", ""experiment_group"": ""test""}"
330756,funnel_start,2024-02-09T17:19:51,"{""funnel_type"": ""fasting""}"
330756,profile_start,2024-02-09T17:20:10,{}
330756,email_submit,2024-02-09T17:20:50,{}
330766,experiment_exposure,2024-02-09T17:21:08,"{""experiment_name"": ""exp_3"", ""experiment_group"": ""control""}"
330766,funnel_start,2024-02-09T17:21:08,"{""funnel_type"": ""activity""}"
330766,profile_start,2024-02-09T17:21:24,{}
330766,email_submit,2024-02-09T17:22:05,{}
330766,paywall_show,2024-02-09T17:26:21,{}
330798,funnel_start,2024-02-09T17:26:31,"{""funnel_type"": ""fasting""}"
330798,experiment_exposure,2024-02-09T17:26:31,"{""experiment_name"": ""exp_3"", ""experiment_group"": ""control""}"
330756,paywall_show,2024-02-09T17:33:37,{}
331227,experiment_exposure,2024-02-09T18:35:15,"{""experiment_name"": ""exp_3"", ""experiment_group"": ""test""}"
331227,funnel_start,2024-02-09T18:35:15,"{""funnel_type"": ""fasting""}"
331227,profile_start,2024-02-09T18:35:19,{}
331227,email_submit,2024-02-09T18:35:52,{}
331227,paywall_show,2024-02-09T18:44:32,{}
331373,funnel_start,2024-02-09T18:56:30,"{""funnel_type"": ""fasting""}"
331373,profile_start,2024-02-09T18:56:56,{}
331373,experiment_exposure,2024-02-09T18:56:56,"{""experiment_name"": ""exp_7"", ""experiment_group"": ""test""}"
331373,email_submit,2024-02-09T18:57:13,{}
331373,paywall_show,2024-02-09T19:11:37,{}
332266,funnel_start,2024-02-09T20:57:07,"{""funnel_type"": ""activity""}"
332266,experiment_exposure,2024-02-09T20:57:07,"{""experiment_name"": ""exp_3"", ""experiment_group"": ""test""}"
332266,profile_start,2024-02-09T20:57:13,{}
332266,email_submit,2024-02-09T20:57:40,{}
332270,funnel_start,2024-02-09T20:57:56,"{""funnel_type"": ""fasting""}"
332270,experiment_exposure,2024-02-09T20:57:56,"{""experiment_name"": ""exp_3"", ""experiment_group"": ""control""}"
332270,profile_start,2024-02-09T20:58:04,{}
332270,email_submit,2024-02-09T20:58:18,{}
332275,funnel_start,2024-02-09T20:58:57,"{""funnel_type"": ""activity""}"
332275,profile_start,2024-02-09T20:59:03,{}
332275,experiment_exposure,2024-02-09T20:59:03,"{""experiment_name"": ""exp_5"", ""experiment_group"": ""control""}"
332275,email_submit,2024-02-09T20:59:15,{}
332270,paywall_show,2024-02-09T21:05:17,{}
332275,paywall_show,2024-02-09T21:05:37,{}
332335,funnel_start,2024-02-09T21:06:58,"{""funnel_type"": ""yoga""}"
332335,profile_start,2024-02-09T21:07:09,{}
332270,payment_done,2024-02-09T21:08:49,{}
332335,paywall_show,2024-02-09T21:22:22,{}
332467,experiment_exposure,2024-02-09T21:23:14,"{""experiment_name"": ""exp_3"", ""experiment_group"": ""control""}"
332467,funnel_start,2024-02-09T21:23:14,"{""funnel_type"": ""fasting""}"
332989,funnel_start,2024-02-09T22:31:35,"{""funnel_type"": ""activity""}"
332989,profile_start,2024-02-09T22:31:45,{}
332989,email_submit,2024-02-09T22:32:16,{}
332989,paywall_show,2024-02-09T22:36:43,{}
333080,experiment_exposure,2024-02-09T22:41:44,"{""experiment_name"": ""exp_3"", ""experiment_group"": ""test""}"
333080,funnel_start,2024-02-09T22:41:44,"{""funnel_type"": ""fasting""}"
333080,profile_start,2024-02-09T22:41:51,{}
333080,email_submit,2024-02-09T22:42:08,{}
333080,paywall_show,2024-02-09T22:45:40,{}
333158,experiment_exposure,2024-02-09T22:49:24,"{""experiment_name"": ""exp_3"", ""experiment_group"": ""control""}"
333158,funnel_start,2024-02-09T22:49:24,"{""funnel_type"": ""activity""}"
333158,profile_start,2024-02-09T22:49:34,{}
333164,funnel_start,2024-02-09T22:50:19,"{""funnel_type"": ""fasting""}"
333164,profile_start,2024-02-09T22:50:26,{}
333158,email_submit,2024-02-09T22:50:33,{}
333164,email_submit,2024-02-09T22:51:15,{}
333236,funnel_start,2024-02-09T22:56:59,"{""funnel_type"": ""activity""}"
333236,experiment_exposure,2024-02-09T22:56:59,"{""experiment_name"": ""exp_3"", ""experiment_group"": ""test""}"
333236,profile_start,2024-02-09T22:57:07,{}
333236,email_submit,2024-02-09T22:57:22,{}
333158,paywall_show,2024-02-09T22:57:38,{}
333236,paywall_show,2024-02-09T23:05:03,{}
333445,funnel_start,2024-02-09T23:20:42,"{""funnel_type"": ""fasting""}"
333445,experiment_exposure,2024-02-09T23:20:49,"{""experiment_name"": ""exp_7"", ""experiment_group"": ""test""}"
333445,profile_start,2024-02-09T23:20:49,{}
333445,email_submit,2024-02-09T23:21:22,{}
333585,funnel_start,2024-02-09T23:37:58,"{""funnel_type"": ""yoga""}"
333585,profile_start,2024-02-09T23:38:05,{}
333445,paywall_show,2024-02-09T23:41:49,{}
333659,funnel_start,2024-02-09T23:46:52,"{""funnel_type"": ""activity""}"
333659,experiment_exposure,2024-02-09T23:46:52,"{""experiment_name"": ""exp_3"", ""experiment_group"": ""test""}"
333659,profile_start,2024-02-09T23:46:58,{}
333676,experiment_exposure,2024-02-09T23:50:09,"{""experiment_name"": ""exp_3"", ""experiment_group"": ""control""}"
333676,funnel_start,2024-02-09T23:50:09,"{""funnel_type"": ""fasting""}"
333676,profile_start,2024-02-09T23:50:18,{}
333676,email_submit,2024-02-09T23:50:30,{}
333752,funnel_start,2024-02-09T23:59:46,"{""funnel_type"": ""fasting""}"
333752,profile_start,2024-02-09T23:59:52,{}
333676,paywall_show,2024-02-10T00:00:14,{}
333967,funnel_start,2024-02-10T00:31:50,"{""funnel_type"": ""fasting""}"
334399,funnel_start,2024-02-10T01:39:40,"{""funnel_type"": ""fasting""}"
334399,profile_start,2024-02-10T01:39:57,{}
334399,email_submit,2024-02-10T01:40:13,{}
334399,paywall_show,2024-02-10T01:42:23,{}
334559,experiment_exposure,2024-02-10T02:13:01,"{""experiment_name"": ""exp_9"", ""experiment_group"": ""test""}"
334559,funnel_start,2024-02-10T02:13:01,"{""funnel_type"": ""activity""}"
334678,funnel_start,2024-02-10T02:34:14,"{""funnel_type"": ""activity""}"
334678,profile_start,2024-02-10T02:34:20,{}
334678,email_submit,2024-02-10T02:34:55,{}
334678,paywall_show,2024-02-10T02:45:28,{}
334865,experiment_exposure,2024-02-10T03:15:03,"{""experiment_name"": ""exp_3"", ""experiment_group"": ""control""}"
334865,funnel_start,2024-02-10T03:15:03,"{""funnel_type"": ""fasting""}"
335048,funnel_start,2024-02-10T03:59:37,"{""funnel_type"": ""activity""}"
335048,profile_start,2024-02-10T03:59:50,{}
335048,email_submit,2024-02-10T04:00:08,{}
335052,funnel_start,2024-02-10T04:00:36,"{""funnel_type"": ""fasting""}"
335052,profile_start,2024-02-10T04:00:45,{}
335052,email_submit,2024-02-10T04:01:14,{}
335048,paywall_show,2024-02-10T04:06:11,{}
335550,funnel_start,2024-02-10T06:24:34,"{""funnel_type"": ""fasting""}"
335550,profile_start,2024-02-10T06:24:47,{}
335550,email_submit,2024-02-10T06:25:16,{}
335550,paywall_show,2024-02-10T06:31:31,{}
336066,experiment_exposure,2024-02-10T08:24:06,"{""experiment_name"": ""exp_3"", ""experiment_group"": ""test""}"
336066,funnel_start,2024-02-10T08:24:06,"{""funnel_type"": ""fasting""}"
336203,funnel_start,2024-02-10T08:51:02,"{""funnel_type"": ""fasting""}"
336203,experiment_exposure,2024-02-10T08:51:09,"{""experiment_name"": ""exp_7"", ""experiment_group"": ""test""}"
336203,profile_start,2024-02-10T08:51:09,{}
336203,email_submit,2024-02-10T08:51:32,{}
336203,paywall_show,2024-02-10T09:00:17,{}
336405,funnel_start,2024-02-10T09:23:08,"{""funnel_type"": ""activity""}"
336405,profile_start,2024-02-10T09:23:14,{}
336405,email_submit,2024-02-10T09:23:27,{}
336405,paywall_show,2024-02-10T09:27:51,{}
336405,payment_done,2024-02-10T09:30:20,{}
336718,experiment_exposure,2024-02-10T10:13:15,"{""experiment_name"": ""exp_3"", ""experiment_group"": ""test""}"
336718,funnel_start,2024-02-10T10:13:15,"{""funnel_type"": ""yoga""}"
336718,profile_start,2024-02-10T10:13:22,{}
336983,funnel_start,2024-02-10T10:56:31,"{""funnel_type"": ""fasting""}"
336983,profile_start,2024-02-10T10:56:43,{}
336983,email_submit,2024-02-10T10:57:02,{}
337047,funnel_start,2024-02-10T11:06:01,"{""funnel_type"": ""fasting""}"
337047,profile_start,2024-02-10T11:06:12,{}
337047,email_submit,2024-02-10T11:06:43,{}
337047,paywall_show,2024-02-10T11:15:12,{}
336983,paywall_show,2024-02-10T11:19:10,{}
337161,experiment_exposure,2024-02-10T11:27:36,"{""experiment_name"": ""exp_3"", ""experiment_group"": ""test""}"
337161,funnel_start,2024-02-10T11:27:36,"{""funnel_type"": ""activity""}"
337161,profile_start,2024-02-10T11:27:43,{}
337161,email_submit,2024-02-10T11:28:04,{}
337161,paywall_show,2024-02-10T11:35:07,{}
337357,experiment_exposure,2024-02-10T12:01:06,"{""experiment_name"": ""exp_3"", ""experiment_group"": ""control""}"
337357,funnel_start,2024-02-10T12:01:06,"{""funnel_type"": ""yoga""}"
337454,funnel_start,2024-02-10T12:20:10,"{""funnel_type"": ""fasting""}"
337454,profile_start,2024-02-10T12:20:28,{}
337454,experiment_exposure,2024-02-10T12:20:28,"{""experiment_name"": ""exp_7"", ""experiment_group"": ""test""}"
337454,email_submit,2024-02-10T12:21:09,{}
337454,paywall_show,2024-02-10T12:36:06,{}
337632,funnel_start,2024-02-10T12:52:23,"{""funnel_type"": ""activity""}"
337632,profile_start,2024-02-10T12:52:28,{}
337632,email_submit,2024-02-10T12:52:58,{}
337637,funnel_start,2024-02-10T12:53:44,"{""funnel_type"": ""fasting""}"
337637,experiment_exposure,2024-02-10T12:53:44,"{""experiment_name"": ""exp_3"", ""experiment_group"": ""test""}"
337830,funnel_start,2024-02-10T13:29:34,"{""funnel_type"": ""activity""}"
337830,profile_start,2024-02-10T13:29:39,{}
337830,email_submit,2024-02-10T13:29:54,{}
338211,funnel_start,2024-02-10T14:35:01,"{""funnel_type"": ""activity""}"
338277,funnel_start,2024-02-10T14:44:04,"{""funnel_type"": ""activity""}"
338822,funnel_start,2024-02-10T16:17:18,"{""funnel_type"": ""activity""}"
338822,profile_start,2024-02-10T16:17:31,{}
338822,email_submit,2024-02-10T16:17:48,{}
338822,paywall_show,2024-02-10T16:25:12,{}
339032,funnel_start,2024-02-10T16:54:53,"{""funnel_type"": ""fasting""}"
339376,funnel_start,2024-02-10T17:47:49,"{""funnel_type"": ""fasting""}"
339376,profile_start,2024-02-10T17:47:58,{}
339376,email_submit,2024-02-10T17:48:13,{}
339376,paywall_show,2024-02-10T17:51:26,{}
339672,funnel_start,2024-02-10T18:33:02,"{""funnel_type"": ""fasting""}"
339672,profile_start,2024-02-10T18:33:08,{}
339672,email_submit,2024-02-10T18:33:30,{}
339672,paywall_show,2024-02-10T18:44:32,{}
339778,funnel_start,2024-02-10T18:49:17,"{""funnel_type"": ""fasting""}"
339778,experiment_exposure,2024-02-10T18:49:17,"{""experiment_name"": ""exp_3"", ""experiment_group"": ""test""}"
339778,profile_start,2024-02-10T18:49:26,{}
339778,email_submit,2024-02-10T18:49:44,{}
339778,paywall_show,2024-02-10T19:05:10,{}
340024,funnel_start,2024-02-10T19:23:11,"{""funnel_type"": ""yoga""}"
340562,funnel_start,2024-02-10T20:42:25,"{""funnel_type"": ""activity""}"
340562,profile_start,2024-02-10T20:42:32,{}
340562,email_submit,2024-02-10T20:42:52,{}
340589,funnel_start,2024-02-10T20:45:09,"{""funnel_type"": ""fasting""}"
340589,profile_start,2024-02-10T20:45:20,{}
340589,email_submit,2024-02-10T20:45:39,{}
340562,paywall_show,2024-02-10T20:56:59,{}
340736,funnel_start,2024-02-10T21:03:25,"{""funnel_type"": ""activity""}"
340736,experiment_exposure,2024-02-10T21:03:31,"{""experiment_name"": ""exp_7"", ""experiment_group"": ""control""}"
340736,profile_start,2024-02-10T21:03:31,{}
340741,experiment_exposure,2024-02-10T21:03:58,"{""experiment_name"": ""exp_3"", ""experiment_group"": ""control""}"
340741,funnel_start,2024-02-10T21:03:58,"{""funnel_type"": ""activity""}"
340736,email_submit,2024-02-10T21:04:00,{}
340741,profile_start,2024-02-10T21:04:12,{}
340741,email_submit,2024-02-10T21:04:28,{}
340736,paywall_show,2024-02-10T21:07:35,{}
340741,paywall_show,2024-02-10T21:09:50,{}
340825,funnel_start,2024-02-10T21:12:29,"{""funnel_type"": ""fasting""}"
340825,experiment_exposure,2024-02-10T21:12:43,"{""experiment_name"": ""exp_7"", ""experiment_group"": ""control""}"
340825,profile_start,2024-02-10T21:12:43,{}
340825,email_submit,2024-02-10T21:12:59,{}
341087,funnel_start,2024-02-10T21:46:22,"{""funnel_type"": ""fasting""}"
341087,experiment_exposure,2024-02-10T21:46:22,"{""experiment_name"": ""exp_3"", ""experiment_group"": ""test""}"
341114,funnel_start,2024-02-10T21:49:55,"{""funnel_type"": ""fasting""}"
341114,profile_start,2024-02-10T21:49:58,{}
341114,email_submit,2024-02-10T21:50:27,{}
341114,paywall_show,2024-02-10T21:55:29,{}
341162,funnel_start,2024-02-10T21:56:29,"{""funnel_type"": ""fasting""}"
341162,profile_start,2024-02-10T21:56:42,{}
341406,funnel_start,2024-02-10T22:28:05,"{""funnel_type"": ""fasting""}"
341406,profile_start,2024-02-10T22:28:14,{}
341406,email_submit,2024-02-10T22:28:39,{}
341416,funnel_start,2024-02-10T22:29:11,"{""funnel_type"": ""fasting""}"
341416,profile_start,2024-02-10T22:29:18,{}
341416,email_submit,2024-02-10T22:29:32,{}
341416,paywall_show,2024-02-10T22:36:56,{}
341625,funnel_start,2024-02-10T22:53:17,"{""funnel_type"": ""activity""}"
341625,profile_start,2024-02-10T22:53:23,{}
341625,email_submit,2024-02-10T22:53:43,{}
341625,paywall_show,2024-02-10T23:02:41,{}
341793,funnel_start,2024-02-10T23:13:52,"{""funnel_type"": ""activity""}"
341793,experiment_exposure,2024-02-10T23:13:52,"{""experiment_name"": ""exp_3"", ""experiment_group"": ""control""}"
341793,profile_start,2024-02-10T23:13:58,{}
341793,email_submit,2024-02-10T23:14:27,{}
341793,paywall_show,2024-02-10T23:22:15,{}
341793,payment_done,2024-02-10T23:23:24,{}
341952,experiment_exposure,2024-02-10T23:33:11,"{""experiment_name"": ""exp_3"", ""experiment_group"": ""test""}"
341952,funnel_start,2024-02-10T23:33:11,"{""funnel_type"": ""fasting""}"
342143,experiment_exposure,2024-02-10T23:58:31,"{""experiment_name"": ""exp_3"", ""experiment_group"": ""test""}"
342143,funnel_start,2024-02-10T23:58:31,"{""funnel_type"": ""yoga""}"
342143,profile_start,2024-02-10T23:58:39,{}
342143,paywall_show,2024-02-11T00:08:48,{}
342253,funnel_start,2024-02-11T00:15:23,"{""funnel_type"": ""activity""}"
342253,profile_start,2024-02-11T00:15:35,{}
342253,email_submit,2024-02-11T00:15:54,{}
342517,experiment_exposure,2024-02-11T00:52:58,"{""experiment_name"": ""exp_3"", ""experiment_group"": ""control""}"
342517,funnel_start,2024-02-11T00:52:58,"{""funnel_type"": ""yoga""}"
342517,profile_start,2024-02-11T00:53:12,{}
342517,paywall_show,2024-02-11T01:07:12,{}
343301,funnel_start,2024-02-11T03:29:27,"{""funnel_type"": ""fasting""}"
343665,funnel_start,2024-02-11T05:11:10,"{""funnel_type"": ""yoga""}"
343665,experiment_exposure,2024-02-11T05:11:19,"{""experiment_name"": ""exp_7"", ""experiment_group"": ""test""}"
343665,profile_start,2024-02-11T05:11:19,{}
343665,paywall_show,2024-02-11T05:20:47,{}
343773,funnel_start,2024-02-11T05:47:19,"{""funnel_type"": ""fasting""}"
343773,profile_start,2024-02-11T05:47:32,{}
343773,email_submit,2024-02-11T05:48:01,{}
343816,funnel_start,2024-02-11T06:03:57,"{""funnel_type"": ""activity""}"
343816,profile_start,2024-02-11T06:04:05,{}
343816,email_submit,2024-02-11T06:04:18,{}
343816,paywall_show,2024-02-11T06:10:19,{}
343816,payment_done,2024-02-11T06:12:01,{}
344474,funnel_start,2024-02-11T08:25:30,"{""funnel_type"": ""activity""}"
344498,funnel_start,2024-02-11T08:30:28,"{""funnel_type"": ""activity""}"
344498,profile_start,2024-02-11T08:30:34,{}
344498,email_submit,2024-02-11T08:30:57,{}
344498,paywall_show,2024-02-11T08:39:38,{}
344498,payment_done,2024-02-11T08:40:31,{}
344610,funnel_start,2024-02-11T08:51:35,"{""funnel_type"": ""fasting""}"
344610,experiment_exposure,2024-02-11T08:51:35,"{""experiment_name"": ""exp_3"", ""experiment_group"": ""control""}"
344610,profile_start,2024-02-11T08:51:41,{}
344610,email_submit,2024-02-11T08:51:57,{}
344691,funnel_start,2024-02-11T09:06:03,"{""funnel_type"": ""yoga""}"
344691,profile_start,2024-02-11T09:06:23,{}
344691,paywall_show,2024-02-11T09:14:06,{}
344966,funnel_start,2024-02-11T09:58:26,"{""funnel_type"": ""fasting""}"
344966,profile_start,2024-02-11T09:58:42,{}
344966,email_submit,2024-02-11T09:59:20,{}
344966,paywall_show,2024-02-11T10:05:02,{}
345038,funnel_start,2024-02-11T10:09:12,"{""funnel_type"": ""yoga""}"
345038,experiment_exposure,2024-02-11T10:09:12,"{""experiment_name"": ""exp_3"", ""experiment_group"": ""control""}"
345038,profile_start,2024-02-11T10:09:21,{}
345038,paywall_show,2024-02-11T10:13:55,{}
345077,funnel_start,2024-02-11T10:18:07,"{""funnel_type"": ""fasting""}"
345537,funnel_start,2024-02-11T11:33:06,"{""funnel_type"": ""activity""}"
345537,profile_start,2024-02-11T11:33:12,{}
345537,email_submit,2024-02-11T11:33:43,{}
345537,paywall_show,2024-02-11T11:40:31,{}
345537,payment_done,2024-02-11T11:41:39,{}
345612,experiment_exposure,2024-02-11T11:44:51,"{""experiment_name"": ""exp_3"", ""experiment_group"": ""test""}"
345612,funnel_start,2024-02-11T11:44:51,"{""funnel_type"": ""yoga""}"
345612,profile_start,2024-02-11T11:44:57,{}
345612,paywall_show,2024-02-11T11:54:17,{}
345838,funnel_start,2024-02-11T12:24:12,"{""funnel_type"": ""fasting""}"
345905,funnel_start,2024-02-11T12:34:31,"{""funnel_type"": ""activity""}"
345905,experiment_exposure,2024-02-11T12:34:37,"{""experiment_name"": ""exp_7"", ""experiment_group"": ""control""}"
345905,profile_start,2024-02-11T12:34:37,{}
345905,email_submit,2024-02-11T12:34:57,{}
345905,paywall_show,2024-02-11T12:42:07,{}
346148,funnel_start,2024-02-11T13:18:20,"{""funnel_type"": ""fasting""}"
346148,experiment_exposure,2024-02-11T13:18:20,"{""experiment_name"": ""exp_3"", ""experiment_group"": ""test""}"
346148,profile_start,2024-02-11T13:18:27,{}
346148,email_submit,2024-02-11T13:18:43,{}
346187,funnel_start,2024-02-11T13:25:50,"{""funnel_type"": ""fasting""}"
346187,experiment_exposure,2024-02-11T13:25:50,"{""experiment_name"": ""exp_9"", ""experiment_group"": ""control""}"
346187,profile_start,2024-02-11T13:25:56,{}
346187,email_submit,2024-02-11T13:26:06,{}
346148,paywall_show,2024-02-11T13:29:04,{}
346307,funnel_start,2024-02-11T13:48:02,"{""funnel_type"": ""activity""}"
346307,profile_start,2024-02-11T13:48:06,{}
346307,experiment_exposure,2024-02-11T13:48:06,"{""experiment_name"": ""exp_7"", ""experiment_group"": ""test""}"
346307,email_submit,2024-02-11T13:48:45,{}
346307,paywall_show,2024-02-11T14:01:02,{}
346914,funnel_start,2024-02-11T15:36:54,"{""funnel_type"": ""fasting""}"
346914,profile_start,2024-02-11T15:37:00,{}
346914,email_submit,2024-02-11T15:37:17,{}
346914,paywall_show,2024-02-11T15:48:49,{}
346996,funnel_start,2024-02-11T15:53:02,"{""funnel_type"": ""activity""}"
346996,profile_start,2024-02-11T15:53:06,{}
346996,experiment_exposure,2024-02-11T15:53:06,"{""experiment_name"": ""exp_7"", ""experiment_group"": ""test""}"
346996,email_submit,2024-02-11T15:53:24,{}
347022,funnel_start,2024-02-11T15:57:32,"{""funnel_type"": ""fasting""}"
347022,experiment_exposure,2024-02-11T15:57:32,"{""experiment_name"": ""exp_3"", ""experiment_group"": ""test""}"
347061,funnel_start,2024-02-11T16:02:57,"{""funnel_type"": ""fasting""}"
347061,experiment_exposure,2024-02-11T16:02:57,"{""experiment_name"": ""exp_3"", ""experiment_group"": ""control""}"
347061,profile_start,2024-02-11T16:03:04,{}
347061,email_submit,2024-02-11T16:03:26,{}
346996,paywall_show,2024-02-11T16:07:47,{}
347117,funnel_start,2024-02-11T16:12:14,"{""funnel_type"": ""fasting""}"
347117,experiment_exposure,2024-02-11T16:12:14,"{""experiment_name"": ""exp_3"", ""experiment_group"": ""test""}"
347203,funnel_start,2024-02-11T16:27:13,"{""funnel_type"": ""fasting""}"
347248,funnel_start,2024-02-11T16:35:39,"{""funnel_type"": ""activity""}"
347248,experiment_exposure,2024-02-11T16:35:39,"{""experiment_name"": ""exp_3"", ""experiment_group"": ""test""}"
347381,funnel_start,2024-02-11T16:59:31,"{""funnel_type"": ""yoga""}"
347381,experiment_exposure,2024-02-11T16:59:31,"{""experiment_name"": ""exp_3"", ""experiment_group"": ""test""}"
347381,profile_start,2024-02-11T16:59:39,{}
347381,paywall_show,2024-02-11T17:06:14,{}
347648,experiment_exposure,2024-02-11T17:44:03,"{""experiment_name"": ""exp_3"", ""experiment_group"": ""control""}"
347648,funnel_start,2024-02-11T17:44:03,"{""funnel_type"": ""fasting""}"
347648,profile_start,2024-02-11T17:44:11,{}
347648,email_submit,2024-02-11T17:44:34,{}
347857,funnel_start,2024-02-11T18:15:23,"{""funnel_type"": ""activity""}"
347857,experiment_exposure,2024-02-11T18:15:23,"{""experiment_name"": ""exp_3"", ""experiment_group"": ""test""}"
348113,funnel_start,2024-02-11T18:54:30,"{""funnel_type"": ""activity""}"
348319,funnel_start,2024-02-11T19:30:04,"{""funnel_type"": ""activity""}"
348319,experiment_exposure,2024-02-11T19:30:04,"{""experiment_name"": ""exp_3"", ""experiment_group"": ""control""}"
348319,profile_start,2024-02-11T19:30:20,{}
348365,funnel_start,2024-02-11T19:36:33,"{""funnel_type"": ""fasting""}"
348365,experiment_exposure,2024-02-11T19:36:33,"{""experiment_name"": ""exp_3"", ""experiment_group"": ""control""}"
348365,profile_start,2024-02-11T19:36:57,{}
348365,email_submit,2024-02-11T19:37:38,{}
348388,funnel_start,2024-02-11T19:38:24,"{""funnel_type"": ""fasting""}"
348388,experiment_exposure,2024-02-11T19:38:24,"{""experiment_name"": ""exp_3"", ""experiment_group"": ""test""}"
348388,profile_start,2024-02-11T19:38:48,{}
348388,email_submit,2024-02-11T19:39:18,{}
348388,paywall_show,2024-02-11T19:53:10,{}
348666,funnel_start,2024-02-11T20:18:26,"{""funnel_type"": ""yoga""}"
348666,experiment_exposure,2024-02-11T20:18:34,"{""experiment_name"": ""exp_7"", ""experiment_group"": ""test""}"
348666,profile_start,2024-02-11T20:18:34,{}
348666,paywall_show,2024-02-11T20:25:11,{}
349138,funnel_start,2024-02-11T21:21:40,"{""funnel_type"": ""fasting""}"
349282,funnel_start,2024-02-11T21:40:53,"{""funnel_type"": ""fasting""}"
349282,profile_start,2024-02-11T21:41:04,{}
349282,email_submit,2024-02-11T21:41:12,{}
349282,paywall_show,2024-02-11T21:44:51,{}
349315,funnel_start,2024-02-11T21:45:02,"{""funnel_type"": ""activity""}"
349315,profile_start,2024-02-11T21:45:11,{}
349315,email_submit,2024-02-11T21:45:27,{}
349315,paywall_show,2024-02-11T21:49:59,{}
349646,funnel_start,2024-02-11T22:23:59,"{""funnel_type"": ""activity""}"
349646,experiment_exposure,2024-02-11T22:24:07,"{""experiment_name"": ""exp_7"", ""experiment_group"": ""control""}"
349646,profile_start,2024-02-11T22:24:07,{}
349646,email_submit,2024-02-11T22:24:27,{}
349666,experiment_exposure,2024-02-11T22:25:43,"{""experiment_name"": ""exp_9"", ""experiment_group"": ""control""}"
349666,funnel_start,2024-02-11T22:25:43,"{""funnel_type"": ""activity""}"
349646,paywall_show,2024-02-11T22:30:48,{}
350156,funnel_start,2024-02-11T23:18:28,"{""funnel_type"": ""yoga""}"
350156,profile_start,2024-02-11T23:18:39,{}
350156,paywall_show,2024-02-11T23:24:52,{}
350427,funnel_start,2024-02-11T23:56:34,"{""funnel_type"": ""activity""}"
350454,funnel_start,2024-02-12T00:00:06,"{""funnel_type"": ""fasting""}"
350454,experiment_exposure,2024-02-12T00:00:06,"{""experiment_name"": ""exp_9"", ""experiment_group"": ""test""}"
350454,profile_start,2024-02-12T00:00:13,{}
350454,email_submit,2024-02-12T00:00:25,{}
350593,funnel_start,2024-02-12T00:23:35,"{""funnel_type"": ""fasting""}"
350593,profile_start,2024-02-12T00:23:43,{}
350615,funnel_start,2024-02-12T00:25:59,"{""funnel_type"": ""fasting""}"
350658,funnel_start,2024-02-12T00:32:08,"{""funnel_type"": ""fasting""}"
350658,profile_start,2024-02-12T00:32:20,{}
350658,email_submit,2024-02-12T00:32:42,{}
350658,paywall_show,2024-02-12T00:38:19,{}
350970,funnel_start,2024-02-12T01:21:02,"{""funnel_type"": ""fasting""}"
351344,funnel_start,2024-02-12T02:31:36,"{""funnel_type"": ""fasting""}"
351344,experiment_exposure,2024-02-12T02:31:36,"{""experiment_name"": ""exp_3"", ""experiment_group"": ""control""}"
351344,profile_start,2024-02-12T02:31:43,{}
351987,funnel_start,2024-02-12T05:17:40,"{""funnel_type"": ""yoga""}"
351987,experiment_exposure,2024-02-12T05:17:50,"{""experiment_name"": ""exp_7"", ""experiment_group"": ""control""}"
351987,profile_start,2024-02-12T05:17:50,{}
351990,funnel_start,2024-02-12T05:19:02,"{""funnel_type"": ""fasting""}"
351990,profile_start,2024-02-12T05:19:13,{}
351990,email_submit,2024-02-12T05:19:33,{}
351987,paywall_show,2024-02-12T05:28:25,{}
351990,paywall_show,2024-02-12T05:30:24,{}
352206,funnel_start,2024-02-12T06:21:01,"{""funnel_type"": ""fasting""}"
352206,profile_start,2024-02-12T06:21:09,{}
352206,experiment_exposure,2024-02-12T06:21:09,"{""experiment_name"": ""exp_7"", ""experiment_group"": ""control""}"
352206,email_submit,2024-02-12T06:21:20,{}
352206,paywall_show,2024-02-12T06:25:40,{}
352277,funnel_start,2024-02-12T06:33:44,"{""funnel_type"": ""fasting""}"
352277,profile_start,2024-02-12T06:33:54,{}
352319,funnel_start,2024-02-12T06:43:11,"{""funnel_type"": ""fasting""}"
352319,experiment_exposure,2024-02-12T06:43:11,"{""experiment_name"": ""exp_9"", ""experiment_group"": ""control""}"
352319,profile_start,2024-02-12T06:43:28,{}
352319,email_submit,2024-02-12T06:44:10,{}
352319,paywall_show,2024-02-12T06:50:11,{}
352319,payment_done,2024-02-12T06:55:33,{}
352761,funnel_start,2024-02-12T08:18:27,"{""funnel_type"": ""fasting""}"
352761,profile_start,2024-02-12T08:18:31,{}
352761,email_submit,2024-02-12T08:19:12,{}
352761,paywall_show,2024-02-12T08:32:50,{}
352871,funnel_start,2024-02-12T08:40:44,"{""funnel_type"": ""fasting""}"
352871,profile_start,2024-02-12T08:40:53,{}
352871,email_submit,2024-02-12T08:41:15,{}
352907,funnel_start,2024-02-12T08:45:54,"{""funnel_type"": ""fasting""}"
352907,profile_start,2024-02-12T08:46:03,{}
352871,paywall_show,2024-02-12T08:50:37,{}
352951,funnel_start,2024-02-12T08:55:56,"{""funnel_type"": ""fasting""}"
352951,profile_start,2024-02-12T08:56:02,{}
352951,email_submit,2024-02-12T08:56:15,{}
352951,paywall_show,2024-02-12T09:03:03,{}
353395,experiment_exposure,2024-02-12T10:18:57,"{""experiment_name"": ""exp_9"", ""experiment_group"": ""control""}"
353395,funnel_start,2024-02-12T10:18:57,"{""funnel_type"": ""activity""}"
353395,profile_start,2024-02-12T10:19:06,{}
353395,email_submit,2024-02-12T10:19:29,{}
353395,paywall_show,2024-02-12T10:22:46,{}
353443,experiment_exposure,2024-02-12T10:26:10,"{""experiment_name"": ""exp_9"", ""experiment_group"": ""test""}"
353443,funnel_start,2024-02-12T10:26:10,"{""funnel_type"": ""fasting""}"
353443,profile_start,2024-02-12T10:26:15,{}
353443,email_submit,2024-02-12T10:27:05,{}
353454,funnel_start,2024-02-12T10:29:22,"{""funnel_type"": ""fasting""}"
353454,profile_start,2024-02-12T10:29:32,{}
353454,email_submit,2024-02-12T10:30:07,{}
353692,funnel_start,2024-02-12T11:09:42,"{""funnel_type"": ""activity""}"
353692,profile_start,2024-02-12T11:09:48,{}
353955,funnel_start,2024-02-12T11:59:57,"{""funnel_type"": ""fasting""}"
353955,experiment_exposure,2024-02-12T12:00:12,"{""experiment_name"": ""exp_7"", ""experiment_group"": ""test""}"
353955,profile_start,2024-02-12T12:00:12,{}
353955,email_submit,2024-02-12T12:00:41,{}
353955,paywall_show,2024-02-12T12:10:16,{}
354206,funnel_start,2024-02-12T12:44:10,"{""funnel_type"": ""fasting""}"
354206,profile_start,2024-02-12T12:44:19,{}
354206,email_submit,2024-02-12T12:44:40,{}
354229,funnel_start,2024-02-12T12:47:26,"{""funnel_type"": ""yoga""}"
354229,profile_start,2024-02-12T12:47:40,{}
354206,paywall_show,2024-02-12T12:51:37,{}
354331,funnel_start,2024-02-12T13:05:41,"{""funnel_type"": ""fasting""}"
354331,profile_start,2024-02-12T13:05:52,{}
354331,email_submit,2024-02-12T13:06:08,{}
354229,paywall_show,2024-02-12T13:07:57,{}
354360,funnel_start,2024-02-12T13:11:24,"{""funnel_type"": ""fasting""}"
354360,profile_start,2024-02-12T13:11:32,{}
354360,email_submit,2024-02-12T13:12:09,{}
354331,paywall_show,2024-02-12T13:14:53,{}
354360,paywall_show,2024-02-12T13:28:04,{}
354713,funnel_start,2024-02-12T14:18:53,"{""funnel_type"": ""fasting""}"
354858,funnel_start,2024-02-12T14:48:29,"{""funnel_type"": ""fasting""}"
354858,profile_start,2024-02-12T14:48:38,{}
354858,email_submit,2024-02-12T14:49:06,{}
354858,paywall_show,2024-02-12T14:53:12,{}
354963,funnel_start,2024-02-12T15:05:18,"{""funnel_type"": ""fasting""}"
354963,profile_start,2024-02-12T15:05:48,{}
355000,funnel_start,2024-02-12T15:12:13,"{""funnel_type"": ""activity""}"
355088,funnel_start,2024-02-12T15:27:09,"{""funnel_type"": ""fasting""}"
355088,profile_start,2024-02-12T15:27:20,{}
355302,funnel_start,2024-02-12T16:02:12,"{""funnel_type"": ""activity""}"
355302,profile_start,2024-02-12T16:02:24,{}
355302,email_submit,2024-02-12T16:02:45,{}
355327,funnel_start,2024-02-12T16:05:45,"{""funnel_type"": ""fasting""}"
355327,profile_start,2024-02-12T16:05:53,{}
355327,email_submit,2024-02-12T16:06:24,{}
355302,paywall_show,2024-02-12T16:07:44,{}
355327,paywall_show,2024-02-12T16:21:50,{}
355609,funnel_start,2024-02-12T16:56:40,"{""funnel_type"": ""fasting""}"
355609,profile_start,2024-02-12T16:56:52,{}
355609,email_submit,2024-02-12T16:57:08,{}
355609,paywall_show,2024-02-12T17:05:54,{}
355691,funnel_start,2024-02-12T17:09:37,"{""funnel_type"": ""activity""}"
355691,profile_start,2024-02-12T17:09:44,{}
355691,email_submit,2024-02-12T17:10:03,{}
355691,paywall_show,2024-02-12T17:16:19,{}
355873,funnel_start,2024-02-12T17:41:10,"{""funnel_type"": ""fasting""}"
355873,profile_start,2024-02-12T17:41:17,{}
355873,email_submit,2024-02-12T17:41:47,{}
355897,funnel_start,2024-02-12T17:45:06,"{""funnel_type"": ""fasting""}"
355910,funnel_start,2024-02-12T17:46:40,"{""funnel_type"": ""yoga""}"
355910,profile_start,2024-02-12T17:46:50,{}
355873,paywall_show,2024-02-12T17:48:30,{}
355910,paywall_show,2024-02-12T17:55:05,{}
356067,funnel_start,2024-02-12T18:13:22,"{""funnel_type"": ""fasting""}"
356067,profile_start,2024-02-12T18:13:29,{}
356067,email_submit,2024-02-12T18:13:50,{}
356067,paywall_show,2024-02-12T18:20:15,{}
356405,funnel_start,2024-02-12T19:05:00,"{""funnel_type"": ""activity""}"
356405,profile_start,2024-02-12T19:05:11,{}
356405,email_submit,2024-02-12T19:05:31,{}
356405,paywall_show,2024-02-12T19:14:31,{}
356752,funnel_start,2024-02-12T19:58:28,"{""funnel_type"": ""fasting""}"
356752,profile_start,2024-02-12T19:58:50,{}
356752,email_submit,2024-02-12T19:59:26,{}
356752,paywall_show,2024-02-12T20:11:45,{}
356959,funnel_start,2024-02-12T20:28:05,"{""funnel_type"": ""fasting""}"
356959,profile_start,2024-02-12T20:28:20,{}
356959,email_submit,2024-02-12T20:28:44,{}
356959,paywall_show,2024-02-12T20:39:09,{}
357671,funnel_start,2024-02-12T22:00:42,"{""funnel_type"": ""yoga""}"
357671,profile_start,2024-02-12T22:00:58,{}
357671,experiment_exposure,2024-02-12T22:00:58,"{""experiment_name"": ""exp_7"", ""experiment_group"": ""test""}"
357747,funnel_start,2024-02-12T22:09:18,"{""funnel_type"": ""activity""}"
357747,profile_start,2024-02-12T22:09:25,{}
357747,email_submit,2024-02-12T22:09:50,{}
357747,paywall_show,2024-02-12T22:21:52,{}
358246,funnel_start,2024-02-12T23:12:25,"{""funnel_type"": ""fasting""}"
358246,experiment_exposure,2024-02-12T23:12:40,"{""experiment_name"": ""exp_7"", ""experiment_group"": ""test""}"
358246,profile_start,2024-02-12T23:12:40,{}
358246,email_submit,2024-02-12T23:12:50,{}
358246,paywall_show,2024-02-12T23:25:51,{}
358615,funnel_start,2024-02-13T00:01:38,"{""funnel_type"": ""fasting""}"
358615,profile_start,2024-02-13T00:01:48,{}
358619,funnel_start,2024-02-13T00:01:58,"{""funnel_type"": ""fasting""}"
358619,profile_start,2024-02-13T00:02:09,{}
358615,email_submit,2024-02-13T00:02:15,{}
358619,email_submit,2024-02-13T00:02:45,{}
358619,paywall_show,2024-02-13T00:07:02,{}
358697,experiment_exposure,2024-02-13T00:13:47,"{""experiment_name"": ""exp_9"", ""experiment_group"": ""control""}"
358697,funnel_start,2024-02-13T00:13:47,"{""funnel_type"": ""activity""}"
358697,profile_start,2024-02-13T00:14:25,{}
358723,funnel_start,2024-02-13T00:17:49,"{""funnel_type"": ""activity""}"
358723,profile_start,2024-02-13T00:17:53,{}
358723,email_submit,2024-02-13T00:18:04,{}
358723,paywall_show,2024-02-13T00:20:54,{}
358747,funnel_start,2024-02-13T00:21:27,"{""funnel_type"": ""fasting""}"
358747,profile_start,2024-02-13T00:21:48,{}
358747,email_submit,2024-02-13T00:22:09,{}
358790,funnel_start,2024-02-13T00:27:56,"{""funnel_type"": ""activity""}"
358747,paywall_show,2024-02-13T00:29:09,{}
358900,funnel_start,2024-02-13T00:45:35,"{""funnel_type"": ""fasting""}"
359027,funnel_start,2024-02-13T01:03:52,"{""funnel_type"": ""fasting""}"
359027,profile_start,2024-02-13T01:04:00,{}
359027,email_submit,2024-02-13T01:04:18,{}
359027,paywall_show,2024-02-13T01:13:24,{}
359448,funnel_start,2024-02-13T02:17:48,"{""funnel_type"": ""activity""}"
359448,profile_start,2024-02-13T02:17:52,{}
359448,email_submit,2024-02-13T02:18:26,{}
359702,funnel_start,2024-02-13T03:08:48,"{""funnel_type"": ""activity""}"
359702,profile_start,2024-02-13T03:08:51,{}
359702,email_submit,2024-02-13T03:09:01,{}
359709,funnel_start,2024-02-13T03:09:36,"{""funnel_type"": ""fasting""}"
359709,profile_start,2024-02-13T03:09:48,{}
359709,email_submit,2024-02-13T03:10:05,{}
359702,paywall_show,2024-02-13T03:16:30,{}
359709,paywall_show,2024-02-13T03:17:34,{}
360635,funnel_start,2024-02-13T07:19:22,"{""funnel_type"": ""fasting""}"
360635,profile_start,2024-02-13T07:19:31,{}
360635,email_submit,2024-02-13T07:19:54,{}
360635,paywall_show,2024-02-13T07:25:36,{}
360687,funnel_start,2024-02-13T07:29:49,"{""funnel_type"": ""activity""}"
360687,profile_start,2024-02-13T07:29:53,{}
360687,email_submit,2024-02-13T07:30:13,{}
360687,paywall_show,2024-02-13T07:36:08,{}
360784,funnel_start,2024-02-13T07:50:45,"{""funnel_type"": ""fasting""}"
360784,profile_start,2024-02-13T07:50:54,{}
360784,email_submit,2024-02-13T07:51:07,{}
360784,paywall_show,2024-02-13T07:56:44,{}
361076,funnel_start,2024-02-13T08:44:50,"{""funnel_type"": ""fasting""}"
361302,funnel_start,2024-02-13T09:26:28,"{""funnel_type"": ""activity""}"
361302,experiment_exposure,2024-02-13T09:26:33,"{""experiment_name"": ""exp_7"", ""experiment_group"": ""test""}"
361302,profile_start,2024-02-13T09:26:33,{}
361302,email_submit,2024-02-13T09:27:03,{}
361302,paywall_show,2024-02-13T09:38:44,{}
361512,experiment_exposure,2024-02-13T10:07:58,"{""experiment_name"": ""exp_9"", ""experiment_group"": ""control""}"
361512,funnel_start,2024-02-13T10:07:58,"{""funnel_type"": ""fasting""}"
361512,profile_start,2024-02-13T10:08:13,{}
361512,email_submit,2024-02-13T10:08:30,{}
361512,paywall_show,2024-02-13T10:17:08,{}
362131,funnel_start,2024-02-13T11:47:56,"{""funnel_type"": ""fasting""}"
362350,funnel_start,2024-02-13T12:23:36,"{""funnel_type"": ""fasting""}"
362350,profile_start,2024-02-13T12:23:43,{}
362350,email_submit,2024-02-13T12:24:01,{}
362350,paywall_show,2024-02-13T12:34:02,{}
363119,funnel_start,2024-02-13T14:41:09,"{""funnel_type"": ""fasting""}"
363119,profile_start,2024-02-13T14:41:16,{}
363119,email_submit,2024-02-13T14:41:25,{}
363119,paywall_show,2024-02-13T14:46:57,{}
363263,funnel_start,2024-02-13T15:05:22,"{""funnel_type"": ""fasting""}"
363263,experiment_exposure,2024-02-13T15:05:22,"{""experiment_name"": ""exp_9"", ""experiment_group"": ""test""}"
363325,funnel_start,2024-02-13T15:16:11,"{""funnel_type"": ""fasting""}"
363499,funnel_start,2024-02-13T15:43:38,"{""funnel_type"": ""activity""}"
363499,profile_start,2024-02-13T15:43:47,{}
363499,email_submit,2024-02-13T15:44:02,{}
363499,paywall_show,2024-02-13T15:52:25,{}
363638,funnel_start,2024-02-13T16:07:32,"{""funnel_type"": ""fasting""}"
363679,funnel_start,2024-02-13T16:14:36,"{""funnel_type"": ""fasting""}"
363679,profile_start,2024-02-13T16:14:42,{}
363679,email_submit,2024-02-13T16:15:18,{}
363679,paywall_show,2024-02-13T16:20:11,{}
363856,funnel_start,2024-02-13T16:46:26,"{""funnel_type"": ""fasting""}"
363856,profile_start,2024-02-13T16:46:39,{}
363856,experiment_exposure,2024-02-13T16:46:39,"{""experiment_name"": ""exp_7"", ""experiment_group"": ""test""}"
363856,email_submit,2024-02-13T16:46:57,{}
363856,paywall_show,2024-02-13T16:51:43,{}
364189,funnel_start,2024-02-13T17:45:33,"{""funnel_type"": ""fasting""}"
364821,funnel_start,2024-02-13T19:21:00,"{""funnel_type"": ""activity""}"
364821,profile_start,2024-02-13T19:21:04,{}
364821,email_submit,2024-02-13T19:21:16,{}
364862,funnel_start,2024-02-13T19:28:24,"{""funnel_type"": ""fasting""}"
364862,profile_start,2024-02-13T19:28:31,{}
364862,email_submit,2024-02-13T19:28:53,{}
364915,funnel_start,2024-02-13T19:36:56,"{""funnel_type"": ""fasting""}"
364915,profile_start,2024-02-13T19:37:02,{}
364915,email_submit,2024-02-13T19:37:20,{}
364915,paywall_show,2024-02-13T19:40:51,{}
365216,funnel_start,2024-02-13T20:24:06,"{""funnel_type"": ""fasting""}"
365216,profile_start,2024-02-13T20:24:14,{}
365216,email_submit,2024-02-13T20:24:26,{}
365216,paywall_show,2024-02-13T20:32:26,{}
365301,funnel_start,2024-02-13T20:35:12,"{""funnel_type"": ""fasting""}"
365411,funnel_start,2024-02-13T20:49:25,"{""funnel_type"": ""fasting""}"
365411,profile_start,2024-02-13T20:49:34,{}
365411,email_submit,2024-02-13T20:50:26,{}
365411,paywall_show,2024-02-13T21:00:23,{}
365517,funnel_start,2024-02-13T21:03:26,"{""funnel_type"": ""activity""}"
365517,profile_start,2024-02-13T21:03:32,{}
365517,email_submit,2024-02-13T21:04:19,{}
365548,funnel_start,2024-02-13T21:07:29,"{""funnel_type"": ""fasting""}"
365548,profile_start,2024-02-13T21:07:37,{}
365548,email_submit,2024-02-13T21:07:50,{}
365517,paywall_show,2024-02-13T21:12:41,{}
365548,paywall_show,2024-02-13T21:13:38,{}
365620,funnel_start,2024-02-13T21:16:23,"{""funnel_type"": ""activity""}"
365620,profile_start,2024-02-13T21:16:31,{}
365620,email_submit,2024-02-13T21:16:56,{}
365620,paywall_show,2024-02-13T21:34:57,{}
365975,funnel_start,2024-02-13T22:01:16,"{""funnel_type"": ""fasting""}"
365975,profile_start,2024-02-13T22:01:20,{}
365975,email_submit,2024-02-13T22:02:00,{}
365975,paywall_show,2024-02-13T22:10:52,{}
366137,funnel_start,2024-02-13T22:20:47,"{""funnel_type"": ""fasting""}"
366305,funnel_start,2024-02-13T22:39:32,"{""funnel_type"": ""activity""}"
366305,experiment_exposure,2024-02-13T22:39:32,"{""experiment_name"": ""exp_9"", ""experiment_group"": ""test""}"
366305,profile_start,2024-02-13T22:39:38,{}
366305,email_submit,2024-02-13T22:39:50,{}
366305,paywall_show,2024-02-13T22:46:48,{}
366418,funnel_start,2024-02-13T22:50:48,"{""funnel_type"": ""fasting""}"
366920,funnel_start,2024-02-13T23:49:50,"{""funnel_type"": ""fasting""}"
366920,profile_start,2024-02-13T23:49:56,{}
366920,email_submit,2024-02-13T23:50:16,{}
366920,paywall_show,2024-02-13T23:58:19,{}
367192,funnel_start,2024-02-14T00:26:08,"{""funnel_type"": ""activity""}"
367192,profile_start,2024-02-14T00:26:19,{}
367192,email_submit,2024-02-14T00:26:44,{}
367242,funnel_start,2024-02-14T00:34:44,"{""funnel_type"": ""activity""}"
367242,profile_start,2024-02-14T00:34:52,{}
367192,paywall_show,2024-02-14T00:35:05,{}
367242,email_submit,2024-02-14T00:35:08,{}
367242,paywall_show,2024-02-14T00:42:03,{}
367323,funnel_start,2024-02-14T00:44:55,"{""funnel_type"": ""activity""}"
367323,experiment_exposure,2024-02-14T00:44:55,"{""experiment_name"": ""exp_9"", ""experiment_group"": ""control""}"
367426,funnel_start,2024-02-14T00:59:53,"{""funnel_type"": ""fasting""}"
367469,funnel_start,2024-02-14T01:06:18,"{""funnel_type"": ""fasting""}"
367469,profile_start,2024-02-14T01:06:26,{}
367469,email_submit,2024-02-14T01:06:46,{}
367574,experiment_exposure,2024-02-14T01:21:42,"{""experiment_name"": ""exp_9"", ""experiment_group"": ""control""}"
367574,funnel_start,2024-02-14T01:21:42,"{""funnel_type"": ""yoga""}"
367574,profile_start,2024-02-14T01:21:49,{}
367599,funnel_start,2024-02-14T01:24:37,"{""funnel_type"": ""fasting""}"
367599,profile_start,2024-02-14T01:24:43,{}
367599,email_submit,2024-02-14T01:25:04,{}
367599,paywall_show,2024-02-14T01:28:45,{}
367574,paywall_show,2024-02-14T01:37:35,{}
367765,funnel_start,2024-02-14T01:52:47,"{""funnel_type"": ""activity""}"
367765,profile_start,2024-02-14T01:52:51,{}
367765,email_submit,2024-02-14T01:53:50,{}
367836,funnel_start,2024-02-14T02:08:23,"{""funnel_type"": ""activity""}"
367836,profile_start,2024-02-14T02:08:29,{}
367836,email_submit,2024-02-14T02:08:47,{}
367836,paywall_show,2024-02-14T02:12:27,{}
368119,funnel_start,2024-02-14T03:10:58,"{""funnel_type"": ""activity""}"
369315,funnel_start,2024-02-14T08:24:17,"{""funnel_type"": ""fasting""}"
369315,profile_start,2024-02-14T08:24:23,{}
369315,email_submit,2024-02-14T08:24:47,{}
369315,paywall_show,2024-02-14T08:32:39,{}
370536,funnel_start,2024-02-14T12:01:33,"{""funnel_type"": ""activity""}"
370777,funnel_start,2024-02-14T12:41:54,"{""funnel_type"": ""activity""}"
370777,profile_start,2024-02-14T12:42:00,{}
370777,email_submit,2024-02-14T12:42:51,{}
370796,funnel_start,2024-02-14T12:45:49,"{""funnel_type"": ""fasting""}"
370796,profile_start,2024-02-14T12:45:54,{}
370796,email_submit,2024-02-14T12:46:15,{}
370803,funnel_start,2024-02-14T12:46:36,"{""funnel_type"": ""yoga""}"
370777,paywall_show,2024-02-14T12:49:37,{}
370958,funnel_start,2024-02-14T13:15:05,"{""funnel_type"": ""activity""}"
371424,funnel_start,2024-02-14T14:36:05,"{""funnel_type"": ""activity""}"
371424,profile_start,2024-02-14T14:36:14,{}
371424,email_submit,2024-02-14T14:36:41,{}
371468,funnel_start,2024-02-14T14:43:43,"{""funnel_type"": ""fasting""}"
371468,profile_start,2024-02-14T14:43:52,{}
371468,email_submit,2024-02-14T14:44:13,{}
371536,funnel_start,2024-02-14T14:55:23,"{""funnel_type"": ""fasting""}"
371536,profile_start,2024-02-14T14:55:35,{}
371536,email_submit,2024-02-14T14:56:27,{}
371536,paywall_show,2024-02-14T15:00:31,{}
371677,funnel_start,2024-02-14T15:18:23,"{""funnel_type"": ""fasting""}"
371677,profile_start,2024-02-14T15:18:34,{}
371677,email_submit,2024-02-14T15:19:08,{}
371677,paywall_show,2024-02-14T15:31:01,{}
371962,funnel_start,2024-02-14T16:08:05,"{""funnel_type"": ""yoga""}"
371962,profile_start,2024-02-14T16:08:18,{}
371962,paywall_show,2024-02-14T16:14:28,{}
372177,funnel_start,2024-02-14T16:42:46,"{""funnel_type"": ""fasting""}"
372309,funnel_start,2024-02-14T17:08:20,"{""funnel_type"": ""yoga""}"
372309,experiment_exposure,2024-02-14T17:09:18,"{""experiment_name"": ""exp_7"", ""experiment_group"": ""test""}"
372309,profile_start,2024-02-14T17:09:18,{}
372309,paywall_show,2024-02-14T17:17:19,{}
372500,funnel_start,2024-02-14T17:38:28,"{""funnel_type"": ""fasting""}"
372684,funnel_start,2024-02-14T18:08:21,"{""funnel_type"": ""fasting""}"
372877,funnel_start,2024-02-14T18:36:35,"{""funnel_type"": ""activity""}"
372877,profile_start,2024-02-14T18:36:41,{}
372877,experiment_exposure,2024-02-14T18:36:41,"{""experiment_name"": ""exp_7"", ""experiment_group"": ""control""}"
372877,email_submit,2024-02-14T18:37:18,{}
372877,paywall_show,2024-02-14T18:46:21,{}
373280,funnel_start,2024-02-14T19:37:29,"{""funnel_type"": ""fasting""}"
373298,funnel_start,2024-02-14T19:40:53,"{""funnel_type"": ""activity""}"
373298,profile_start,2024-02-14T19:40:57,{}
373298,email_submit,2024-02-14T19:41:07,{}
373347,funnel_start,2024-02-14T19:48:31,"{""funnel_type"": ""activity""}"
373347,profile_start,2024-02-14T19:48:36,{}
373347,email_submit,2024-02-14T19:49:11,{}
373347,paywall_show,2024-02-14T19:54:53,{}
373393,funnel_start,2024-02-14T19:57:02,"{""funnel_type"": ""activity""}"
373393,experiment_exposure,2024-02-14T19:57:13,"{""experiment_name"": ""exp_7"", ""experiment_group"": ""test""}"
373393,profile_start,2024-02-14T19:57:13,{}
373393,email_submit,2024-02-14T19:57:26,{}
373393,paywall_show,2024-02-14T20:01:57,{}
373614,funnel_start,2024-02-14T20:26:04,"{""funnel_type"": ""activity""}"
373614,profile_start,2024-02-14T20:26:17,{}
373614,email_submit,2024-02-14T20:26:37,{}
373625,funnel_start,2024-02-14T20:27:31,"{""funnel_type"": ""fasting""}"
373625,profile_start,2024-02-14T20:27:42,{}
373640,funnel_start,2024-02-14T20:30:09,"{""funnel_type"": ""activity""}"
373640,profile_start,2024-02-14T20:30:15,{}
373640,email_submit,2024-02-14T20:30:37,{}
373614,paywall_show,2024-02-14T20:32:22,{}
373640,paywall_show,2024-02-14T20:37:27,{}
373640,payment_done,2024-02-14T20:38:17,{}
374040,funnel_start,2024-02-14T21:22:25,"{""funnel_type"": ""activity""}"
374040,experiment_exposure,2024-02-14T21:22:36,"{""experiment_name"": ""exp_7"", ""experiment_group"": ""test""}"
374040,profile_start,2024-02-14T21:22:36,{}
374040,email_submit,2024-02-14T21:23:02,{}
374040,paywall_show,2024-02-14T21:31:08,{}
374208,funnel_start,2024-02-14T21:43:01,"{""funnel_type"": ""fasting""}"
374208,profile_start,2024-02-14T21:43:07,{}
374208,email_submit,2024-02-14T21:43:57,{}
374208,paywall_show,2024-02-14T21:48:53,{}
374327,funnel_start,2024-02-14T21:57:15,"{""funnel_type"": ""fasting""}"
374327,profile_start,2024-02-14T21:57:39,{}
374327,email_submit,2024-02-14T21:57:50,{}
374327,paywall_show,2024-02-14T22:08:29,{}
374468,funnel_start,2024-02-14T22:11:50,"{""funnel_type"": ""fasting""}"
374468,profile_start,2024-02-14T22:12:02,{}
374468,email_submit,2024-02-14T22:12:28,{}
374502,funnel_start,2024-02-14T22:15:20,"{""funnel_type"": ""fasting""}"
374502,profile_start,2024-02-14T22:15:29,{}
374468,paywall_show,2024-02-14T22:19:44,{}
374688,funnel_start,2024-02-14T22:35:36,"{""funnel_type"": ""activity""}"
374688,profile_start,2024-02-14T22:35:47,{}
374688,email_submit,2024-02-14T22:36:49,{}
374688,paywall_show,2024-02-14T22:43:50,{}
375048,funnel_start,2024-02-14T23:19:44,"{""funnel_type"": ""activity""}"
375048,profile_start,2024-02-14T23:19:49,{}
375048,email_submit,2024-02-14T23:20:12,{}
375061,funnel_start,2024-02-14T23:20:54,"{""funnel_type"": ""fasting""}"
375061,profile_start,2024-02-14T23:21:08,{}
375061,email_submit,2024-02-14T23:21:41,{}
375048,paywall_show,2024-02-14T23:24:06,{}
375061,paywall_show,2024-02-14T23:33:04,{}
375061,payment_done,2024-02-14T23:34:03,{}
375175,funnel_start,2024-02-14T23:35:48,"{""funnel_type"": ""activity""}"
375413,funnel_start,2024-02-15T00:07:57,"{""funnel_type"": ""fasting""}"
375413,profile_start,2024-02-15T00:08:04,{}
375413,email_submit,2024-02-15T00:08:39,{}
375413,paywall_show,2024-02-15T00:18:50,{}
375609,funnel_start,2024-02-15T00:38:38,"{""funnel_type"": ""activity""}"
375714,funnel_start,2024-02-15T00:54:08,"{""funnel_type"": ""fasting""}"
375714,profile_start,2024-02-15T00:54:25,{}
375714,email_submit,2024-02-15T00:54:47,{}
376084,funnel_start,2024-02-15T01:53:51,"{""funnel_type"": ""activity""}"
376115,funnel_start,2024-02-15T01:57:56,"{""funnel_type"": ""activity""}"
376635,funnel_start,2024-02-15T04:17:22,"{""funnel_type"": ""activity""}"
376635,profile_start,2024-02-15T04:17:32,{}
376635,email_submit,2024-02-15T04:18:13,{}
376695,funnel_start,2024-02-15T04:33:59,"{""funnel_type"": ""fasting""}"
376695,profile_start,2024-02-15T04:34:10,{}
376695,email_submit,2024-02-15T04:34:35,{}
376695,paywall_show,2024-02-15T04:39:23,{}
376747,funnel_start,2024-02-15T04:49:50,"{""funnel_type"": ""activity""}"
376747,profile_start,2024-02-15T04:50:05,{}
376747,email_submit,2024-02-15T04:50:29,{}
376761,funnel_start,2024-02-15T04:56:26,"{""funnel_type"": ""fasting""}"
376761,profile_start,2024-02-15T04:56:39,{}
376761,email_submit,2024-02-15T04:57:20,{}
376761,paywall_show,2024-02-15T05:04:55,{}
376747,paywall_show,2024-02-15T05:05:18,{}
376872,funnel_start,2024-02-15T05:32:29,"{""funnel_type"": ""fasting""}"
376872,profile_start,2024-02-15T05:32:34,{}
376872,email_submit,2024-02-15T05:33:13,{}
376872,paywall_show,2024-02-15T05:38:13,{}
377249,funnel_start,2024-02-15T07:11:13,"{""funnel_type"": ""yoga""}"
377249,experiment_exposure,2024-02-15T07:11:23,"{""experiment_name"": ""exp_7"", ""experiment_group"": ""control""}"
377249,profile_start,2024-02-15T07:11:23,{}
377482,funnel_start,2024-02-15T07:59:34,"{""funnel_type"": ""fasting""}"
377738,funnel_start,2024-02-15T08:48:07,"{""funnel_type"": ""fasting""}"
377738,profile_start,2024-02-15T08:48:10,{}
377738,email_submit,2024-02-15T08:48:35,{}
377738,paywall_show,2024-02-15T08:52:14,{}
378004,funnel_start,2024-02-15T09:38:33,"{""funnel_type"": ""fasting""}"
378004,profile_start,2024-02-15T09:38:44,{}
378004,email_submit,2024-02-15T09:39:06,{}
378004,paywall_show,2024-02-15T09:50:30,{}
378094,funnel_start,2024-02-15T09:54:10,"{""funnel_type"": ""fasting""}"
378094,profile_start,2024-02-15T09:54:22,{}
378094,email_submit,2024-02-15T09:54:38,{}
378208,funnel_start,2024-02-15T10:14:57,"{""funnel_type"": ""activity""}"
378208,profile_start,2024-02-15T10:15:01,{}
378208,email_submit,2024-02-15T10:15:26,{}
378208,paywall_show,2024-02-15T10:22:57,{}
378283,funnel_start,2024-02-15T10:28:42,"{""funnel_type"": ""activity""}"
378094,paywall_show,2024-02-15T10:29:48,{}
378406,funnel_start,2024-02-15T10:48:16,"{""funnel_type"": ""fasting""}"
379066,funnel_start,2024-02-15T12:34:33,"{""funnel_type"": ""yoga""}"
379066,experiment_exposure,2024-02-15T12:34:46,"{""experiment_name"": ""exp_7"", ""experiment_group"": ""test""}"
379066,profile_start,2024-02-15T12:34:46,{}
379066,paywall_show,2024-02-15T12:41:17,{}
379236,funnel_start,2024-02-15T13:05:55,"{""funnel_type"": ""activity""}"
379236,profile_start,2024-02-15T13:06:03,{}
379550,funnel_start,2024-02-15T14:08:57,"{""funnel_type"": ""fasting""}"
379550,profile_start,2024-02-15T14:09:06,{}
379550,experiment_exposure,2024-02-15T14:09:06,"{""experiment_name"": ""exp_7"", ""experiment_group"": ""test""}"
379550,email_submit,2024-02-15T14:09:28,{}
379566,funnel_start,2024-02-15T14:11:26,"{""funnel_type"": ""fasting""}"
379566,profile_start,2024-02-15T14:11:42,{}
379566,email_submit,2024-02-15T14:11:52,{}
379550,paywall_show,2024-02-15T14:18:24,{}
379566,paywall_show,2024-02-15T14:20:08,{}
379613,funnel_start,2024-02-15T14:21:10,"{""funnel_type"": ""fasting""}"
379911,funnel_start,2024-02-15T15:17:12,"{""funnel_type"": ""activity""}"
380908,funnel_start,2024-02-15T17:57:41,"{""funnel_type"": ""fasting""}"
380908,profile_start,2024-02-15T17:57:48,{}
380908,email_submit,2024-02-15T17:58:47,{}
380908,paywall_show,2024-02-15T18:20:22,{}
381746,funnel_start,2024-02-15T20:03:00,"{""funnel_type"": ""activity""}"
381746,profile_start,2024-02-15T20:03:07,{}
381823,funnel_start,2024-02-15T20:12:51,"{""funnel_type"": ""activity""}"
381823,profile_start,2024-02-15T20:13:05,{}
381823,email_submit,2024-02-15T20:13:39,{}
381823,paywall_show,2024-02-15T20:16:57,{}
382315,funnel_start,2024-02-15T21:15:33,"{""funnel_type"": ""activity""}"
382360,funnel_start,2024-02-15T21:21:29,"{""funnel_type"": ""fasting""}"
382360,profile_start,2024-02-15T21:21:41,{}
382360,email_submit,2024-02-15T21:22:03,{}
382360,paywall_show,2024-02-15T21:29:00,{}
383014,funnel_start,2024-02-15T22:36:30,"{""funnel_type"": ""activity""}"
383014,profile_start,2024-02-15T22:36:41,{}
383014,email_submit,2024-02-15T22:37:05,{}
383150,funnel_start,2024-02-15T22:51:15,"{""funnel_type"": ""yoga""}"
383014,paywall_show,2024-02-15T22:52:18,{}
383014,payment_done,2024-02-15T22:55:36,{}
383550,funnel_start,2024-02-15T23:38:15,"{""funnel_type"": ""fasting""}"
383550,experiment_exposure,2024-02-15T23:38:21,"{""experiment_name"": ""exp_7"", ""experiment_group"": ""control""}"
383550,profile_start,2024-02-15T23:38:21,{}
383550,email_submit,2024-02-15T23:38:36,{}
383652,funnel_start,2024-02-15T23:51:38,"{""funnel_type"": ""activity""}"
384066,funnel_start,2024-02-16T00:51:22,"{""funnel_type"": ""activity""}"
384071,funnel_start,2024-02-16T00:52:05,"{""funnel_type"": ""fasting""}"
384071,profile_start,2024-02-16T00:52:22,{}
384071,email_submit,2024-02-16T00:52:58,{}
384262,funnel_start,2024-02-16T01:22:19,"{""funnel_type"": ""fasting""}"
384368,funnel_start,2024-02-16T01:38:17,"{""funnel_type"": ""fasting""}"
384368,profile_start,2024-02-16T01:38:32,{}
384368,email_submit,2024-02-16T01:38:49,{}
384368,paywall_show,2024-02-16T01:51:52,{}
384736,funnel_start,2024-02-16T02:49:13,"{""funnel_type"": ""fasting""}"
384736,experiment_exposure,2024-02-16T02:49:23,"{""experiment_name"": ""exp_7"", ""experiment_group"": ""control""}"
384736,profile_start,2024-02-16T02:49:23,{}
384736,email_submit,2024-02-16T02:49:41,{}
384736,paywall_show,2024-02-16T02:55:37,{}
385082,funnel_start,2024-02-16T04:22:57,"{""funnel_type"": ""fasting""}"
385082,profile_start,2024-02-16T04:23:06,{}
385082,email_submit,2024-02-16T04:23:13,{}
385082,paywall_show,2024-02-16T04:33:39,{}
385483,funnel_start,2024-02-16T06:17:48,"{""funnel_type"": ""activity""}"
385539,funnel_start,2024-02-16T06:31:51,"{""funnel_type"": ""fasting""}"
385539,profile_start,2024-02-16T06:32:10,{}
385539,email_submit,2024-02-16T06:32:50,{}
385892,funnel_start,2024-02-16T07:56:33,"{""funnel_type"": ""fasting""}"
385892,profile_start,2024-02-16T07:56:38,{}
385892,email_submit,2024-02-16T07:56:59,{}
385983,funnel_start,2024-02-16T08:13:54,"{""funnel_type"": ""fasting""}"
385983,profile_start,2024-02-16T08:14:07,{}
385983,email_submit,2024-02-16T08:14:42,{}
385983,paywall_show,2024-02-16T08:18:16,{}
386099,funnel_start,2024-02-16T08:35:40,"{""funnel_type"": ""activity""}"
386099,profile_start,2024-02-16T08:35:44,{}
386132,funnel_start,2024-02-16T08:43:15,"{""funnel_type"": ""fasting""}"
386132,profile_start,2024-02-16T08:43:23,{}
386132,experiment_exposure,2024-02-16T08:43:23,"{""experiment_name"": ""exp_7"", ""experiment_group"": ""test""}"
386132,email_submit,2024-02-16T08:43:48,{}
386142,funnel_start,2024-02-16T08:45:17,"{""funnel_type"": ""fasting""}"
386142,profile_start,2024-02-16T08:45:29,{}
386142,experiment_exposure,2024-02-16T08:45:29,"{""experiment_name"": ""exp_7"", ""experiment_group"": ""control""}"
386142,email_submit,2024-02-16T08:46:07,{}
386175,funnel_start,2024-02-16T08:50:31,"{""funnel_type"": ""fasting""}"
386175,profile_start,2024-02-16T08:50:47,{}
386175,email_submit,2024-02-16T08:51:05,{}
386142,paywall_show,2024-02-16T08:52:23,{}
386132,paywall_show,2024-02-16T08:55:14,{}
386175,paywall_show,2024-02-16T08:56:35,{}
386318,funnel_start,2024-02-16T09:15:17,"{""funnel_type"": ""activity""}"
386318,profile_start,2024-02-16T09:15:21,{}
386368,funnel_start,2024-02-16T09:23:39,"{""funnel_type"": ""fasting""}"
386368,profile_start,2024-02-16T09:24:02,{}
386368,email_submit,2024-02-16T09:24:18,{}
386368,paywall_show,2024-02-16T09:47:42,{}
386368,payment_done,2024-02-16T09:51:17,{}
386542,funnel_start,2024-02-16T09:57:02,"{""funnel_type"": ""activity""}"
386542,profile_start,2024-02-16T09:57:10,{}
386542,email_submit,2024-02-16T09:58:03,{}
386542,paywall_show,2024-02-16T10:02:47,{}
386698,funnel_start,2024-02-16T10:19:54,"{""funnel_type"": ""fasting""}"
386698,profile_start,2024-02-16T10:20:04,{}
386698,email_submit,2024-02-16T10:20:21,{}
386698,paywall_show,2024-02-16T10:28:42,{}
386814,funnel_start,2024-02-16T10:38:31,"{""funnel_type"": ""activity""}"
386814,profile_start,2024-02-16T10:38:39,{}
386814,email_submit,2024-02-16T10:38:51,{}
386814,paywall_show,2024-02-16T10:43:20,{}
387434,funnel_start,2024-02-16T12:26:41,"{""funnel_type"": ""fasting""}"
387434,profile_start,2024-02-16T12:26:48,{}
387629,funnel_start,2024-02-16T13:01:05,"{""funnel_type"": ""fasting""}"
387629,profile_start,2024-02-16T13:01:13,{}
387629,email_submit,2024-02-16T13:01:22,{}
387672,funnel_start,2024-02-16T13:09:12,"{""funnel_type"": ""activity""}"
387672,profile_start,2024-02-16T13:09:20,{}
387672,email_submit,2024-02-16T13:09:43,{}
387672,paywall_show,2024-02-16T13:19:32,{}
387817,funnel_start,2024-02-16T13:38:17,"{""funnel_type"": ""yoga""}"
387817,profile_start,2024-02-16T13:38:54,{}
387817,paywall_show,2024-02-16T13:42:20,{}
387911,funnel_start,2024-02-16T13:53:51,"{""funnel_type"": ""fasting""}"
387911,profile_start,2024-02-16T13:54:02,{}
387911,email_submit,2024-02-16T13:54:21,{}
387911,paywall_show,2024-02-16T14:03:37,{}
388073,funnel_start,2024-02-16T14:21:57,"{""funnel_type"": ""fasting""}"
388175,funnel_start,2024-02-16T14:37:12,"{""funnel_type"": ""activity""}"
388175,profile_start,2024-02-16T14:37:19,{}
388175,email_submit,2024-02-16T14:38:00,{}
388224,funnel_start,2024-02-16T14:44:22,"{""funnel_type"": ""activity""}"
388224,profile_start,2024-02-16T14:44:29,{}
388224,email_submit,2024-02-16T14:44:50,{}
388224,paywall_show,2024-02-16T14:56:18,{}
388425,funnel_start,2024-02-16T15:20:26,"{""funnel_type"": ""fasting""}"
388425,profile_start,2024-02-16T15:20:34,{}
388425,email_submit,2024-02-16T15:20:52,{}
388425,paywall_show,2024-02-16T15:32:21,{}
388425,payment_done,2024-02-16T15:33:23,{}
388667,funnel_start,2024-02-16T15:57:53,"{""funnel_type"": ""fasting""}"
388667,profile_start,2024-02-16T15:58:05,{}
388667,email_submit,2024-02-16T15:58:32,{}
388683,funnel_start,2024-02-16T16:00:06,"{""funnel_type"": ""activity""}"
388667,paywall_show,2024-02-16T16:08:28,{}
388902,funnel_start,2024-02-16T16:38:37,"{""funnel_type"": ""activity""}"
388902,profile_start,2024-02-16T16:38:42,{}
388902,email_submit,2024-02-16T16:38:52,{}
388902,paywall_show,2024-02-16T16:45:12,{}
389128,funnel_start,2024-02-16T17:19:02,"{""funnel_type"": ""fasting""}"
389128,profile_start,2024-02-16T17:19:09,{}
389128,email_submit,2024-02-16T17:19:25,{}
389128,paywall_show,2024-02-16T17:27:02,{}
389128,payment_done,2024-02-16T17:29:26,{}
389366,funnel_start,2024-02-16T17:57:48,"{""funnel_type"": ""fasting""}"
389606,funnel_start,2024-02-16T18:35:01,"{""funnel_type"": ""fasting""}"
389606,profile_start,2024-02-16T18:35:14,{}
389606,email_submit,2024-02-16T18:35:41,{}
389654,funnel_start,2024-02-16T18:42:02,"{""funnel_type"": ""fasting""}"
389655,funnel_start,2024-02-16T18:42:07,"{""funnel_type"": ""fasting""}"
389655,profile_start,2024-02-16T18:42:17,{}
389655,email_submit,2024-02-16T18:42:56,{}
389606,paywall_show,2024-02-16T18:45:36,{}
389655,paywall_show,2024-02-16T19:05:18,{}
389909,funnel_start,2024-02-16T19:24:40,"{""funnel_type"": ""activity""}"
389909,profile_start,2024-02-16T19:24:50,{}
389909,email_submit,2024-02-16T19:25:11,{}
389909,paywall_show,2024-02-16T19:41:57,{}
390326,funnel_start,2024-02-16T20:25:27,"{""funnel_type"": ""fasting""}"
390326,profile_start,2024-02-16T20:25:32,{}
390326,email_submit,2024-02-16T20:25:45,{}
390350,funnel_start,2024-02-16T20:29:15,"{""funnel_type"": ""yoga""}"
390350,profile_start,2024-02-16T20:29:30,{}
390326,paywall_show,2024-02-16T20:33:29,{}
390350,paywall_show,2024-02-16T20:38:47,{}
390433,funnel_start,2024-02-16T20:40:27,"{""funnel_type"": ""activity""}"
390433,profile_start,2024-02-16T20:40:41,{}
390433,email_submit,2024-02-16T20:40:59,{}
390433,paywall_show,2024-02-16T20:45:14,{}
390741,funnel_start,2024-02-16T21:22:59,"{""funnel_type"": ""activity""}"
390741,profile_start,2024-02-16T21:23:10,{}
390741,experiment_exposure,2024-02-16T21:23:10,"{""experiment_name"": ""exp_7"", ""experiment_group"": ""control""}"
390741,email_submit,2024-02-16T21:23:31,{}
390741,paywall_show,2024-02-16T21:36:04,{}
390741,payment_done,2024-02-16T21:39:53,{}
390914,funnel_start,2024-02-16T21:43:18,"{""funnel_type"": ""activity""}"
390914,profile_start,2024-02-16T21:43:26,{}
390914,email_submit,2024-02-16T21:44:24,{}
390967,funnel_start,2024-02-16T21:50:37,"{""funnel_type"": ""yoga""}"
390967,profile_start,2024-02-16T21:50:48,{}
391031,funnel_start,2024-02-16T21:57:31,"{""funnel_type"": ""activity""}"
390914,paywall_show,2024-02-16T21:57:50,{}
391133,funnel_start,2024-02-16T22:08:46,"{""funnel_type"": ""fasting""}"
391133,experiment_exposure,2024-02-16T22:09:00,"{""experiment_name"": ""exp_7"", ""experiment_group"": ""control""}"
391133,profile_start,2024-02-16T22:09:00,{}
391133,email_submit,2024-02-16T22:09:12,{}
392357,funnel_start,2024-02-17T00:40:35,"{""funnel_type"": ""activity""}"
392630,funnel_start,2024-02-17T01:21:15,"{""funnel_type"": ""fasting""}"
392630,profile_start,2024-02-17T01:21:23,{}
392630,email_submit,2024-02-17T01:21:47,{}
392630,paywall_show,2024-02-17T01:28:07,{}
392959,funnel_start,2024-02-17T02:21:33,"{""funnel_type"": ""activity""}"
392959,profile_start,2024-02-17T02:21:39,{}
392959,email_submit,2024-02-17T02:22:13,{}
392959,paywall_show,2024-02-17T02:26:53,{}
393608,funnel_start,2024-02-17T05:13:37,"{""funnel_type"": ""fasting""}"
393608,profile_start,2024-02-17T05:13:43,{}
394285,funnel_start,2024-02-17T07:56:50,"{""funnel_type"": ""activity""}"
394285,profile_start,2024-02-17T07:57:00,{}
394285,email_submit,2024-02-17T07:57:27,{}
394285,paywall_show,2024-02-17T07:59:55,{}
394676,funnel_start,2024-02-17T09:10:02,"{""funnel_type"": ""activity""}"
394760,funnel_start,2024-02-17T09:27:08,"{""funnel_type"": ""activity""}"
394760,profile_start,2024-02-17T09:27:26,{}
394760,email_submit,2024-02-17T09:27:55,{}
394760,paywall_show,2024-02-17T09:37:32,{}
394905,funnel_start,2024-02-17T09:53:10,"{""funnel_type"": ""fasting""}"
394905,profile_start,2024-02-17T09:53:22,{}
394905,email_submit,2024-02-17T09:53:39,{}
394957,funnel_start,2024-02-17T09:59:51,"{""funnel_type"": ""fasting""}"
394957,profile_start,2024-02-17T10:00:01,{}
394957,email_submit,2024-02-17T10:00:16,{}
394960,funnel_start,2024-02-17T10:00:31,"{""funnel_type"": ""activity""}"
394960,experiment_exposure,2024-02-17T10:00:44,"{""experiment_name"": ""exp_7"", ""experiment_group"": ""control""}"
394960,profile_start,2024-02-17T10:00:44,{}
394960,email_submit,2024-02-17T10:01:17,{}
394905,paywall_show,2024-02-17T10:02:31,{}
394960,paywall_show,2024-02-17T10:10:59,{}
395036,funnel_start,2024-02-17T10:14:00,"{""funnel_type"": ""activity""}"
395036,profile_start,2024-02-17T10:14:06,{}
394957,paywall_show,2024-02-17T10:15:07,{}
395101,funnel_start,2024-02-17T10:23:30,"{""funnel_type"": ""fasting""}"
395137,funnel_start,2024-02-17T10:29:47,"{""funnel_type"": ""fasting""}"
395137,profile_start,2024-02-17T10:29:57,{}
395137,email_submit,2024-02-17T10:30:17,{}
395137,paywall_show,2024-02-17T10:40:41,{}
395329,funnel_start,2024-02-17T11:01:45,"{""funnel_type"": ""fasting""}"
395329,profile_start,2024-02-17T11:01:49,{}
395329,email_submit,2024-02-17T11:02:01,{}
395743,funnel_start,2024-02-17T12:07:14,"{""funnel_type"": ""fasting""}"
395743,profile_start,2024-02-17T12:07:20,{}
395743,email_submit,2024-02-17T12:07:44,{}
395945,funnel_start,2024-02-17T12:44:00,"{""funnel_type"": ""fasting""}"
395945,profile_start,2024-02-17T12:44:09,{}
395945,email_submit,2024-02-17T12:45:04,{}
395978,funnel_start,2024-02-17T12:49:51,"{""funnel_type"": ""activity""}"
396004,funnel_start,2024-02-17T12:54:34,"{""funnel_type"": ""activity""}"
395945,paywall_show,2024-02-17T12:59:58,{}
396270,funnel_start,2024-02-17T13:49:13,"{""funnel_type"": ""fasting""}"
396270,profile_start,2024-02-17T13:49:20,{}
396270,email_submit,2024-02-17T13:49:46,{}
396270,paywall_show,2024-02-17T13:57:18,{}
396406,funnel_start,2024-02-17T14:12:44,"{""funnel_type"": ""fasting""}"
396638,funnel_start,2024-02-17T14:54:36,"{""funnel_type"": ""activity""}"
396663,funnel_start,2024-02-17T14:59:07,"{""funnel_type"": ""fasting""}"
396663,profile_start,2024-02-17T14:59:12,{}
396663,email_submit,2024-02-17T14:59:44,{}
396663,paywall_show,2024-02-17T15:07:02,{}
396894,funnel_start,2024-02-17T15:39:19,"{""funnel_type"": ""fasting""}"
397547,funnel_start,2024-02-17T17:33:43,"{""funnel_type"": ""fasting""}"
398057,funnel_start,2024-02-17T18:49:58,"{""funnel_type"": ""activity""}"
398057,profile_start,2024-02-17T18:50:03,{}
398057,experiment_exposure,2024-02-17T18:50:03,"{""experiment_name"": ""exp_7"", ""experiment_group"": ""test""}"
398057,email_submit,2024-02-17T18:50:27,{}
398165,funnel_start,2024-02-17T19:06:08,"{""funnel_type"": ""activity""}"
398227,funnel_start,2024-02-17T19:14:36,"{""funnel_type"": ""activity""}"
398227,profile_start,2024-02-17T19:14:42,{}
398328,funnel_start,2024-02-17T19:31:11,"{""funnel_type"": ""fasting""}"
398328,experiment_exposure,2024-02-17T19:31:22,"{""experiment_name"": ""exp_7"", ""experiment_group"": ""control""}"
398328,profile_start,2024-02-17T19:31:22,{}
398328,email_submit,2024-02-17T19:31:39,{}
398328,paywall_show,2024-02-17T19:54:35,{}
398711,funnel_start,2024-02-17T20:22:54,"{""funnel_type"": ""fasting""}"
398711,profile_start,2024-02-17T20:22:59,{}
398711,email_submit,2024-02-17T20:23:16,{}
398796,funnel_start,2024-02-17T20:34:13,"{""funnel_type"": ""fasting""}"
398796,profile_start,2024-02-17T20:34:38,{}
398796,email_submit,2024-02-17T20:35:23,{}
398711,paywall_show,2024-02-17T20:36:34,{}
398820,funnel_start,2024-02-17T20:36:47,"{""funnel_type"": ""fasting""}"
398833,funnel_start,2024-02-17T20:38:20,"{""funnel_type"": ""fasting""}"
398833,profile_start,2024-02-17T20:38:32,{}
398833,email_submit,2024-02-17T20:39:00,{}
398796,paywall_show,2024-02-17T20:45:01,{}
398833,paywall_show,2024-02-17T20:54:11,{}
399082,funnel_start,2024-02-17T21:09:22,"{""funnel_type"": ""activity""}"
399082,profile_start,2024-02-17T21:09:28,{}
399082,email_submit,2024-02-17T21:09:51,{}
399082,paywall_show,2024-02-17T21:15:21,{}
399196,funnel_start,2024-02-17T21:23:07,"{""funnel_type"": ""fasting""}"
399337,funnel_start,2024-02-17T21:42:09,"{""funnel_type"": ""activity""}"
399340,funnel_start,2024-02-17T21:42:29,"{""funnel_type"": ""activity""}"
399340,profile_start,2024-02-17T21:42:35,{}
399397,funnel_start,2024-02-17T21:50:50,"{""funnel_type"": ""fasting""}"
399397,profile_start,2024-02-17T21:51:01,{}
399397,email_submit,2024-02-17T21:51:20,{}
399397,paywall_show,2024-02-17T21:55:05,{}
399630,funnel_start,2024-02-17T22:20:00,"{""funnel_type"": ""activity""}"
399630,profile_start,2024-02-17T22:20:07,{}
399630,email_submit,2024-02-17T22:20:41,{}
399630,paywall_show,2024-02-17T22:22:42,{}
399630,payment_done,2024-02-17T22:24:05,{}
399738,funnel_start,2024-02-17T22:32:00,"{""funnel_type"": ""fasting""}"
399759,funnel_start,2024-02-17T22:33:52,"{""funnel_type"": ""fasting""}"
400260,funnel_start,2024-02-17T23:34:28,"{""funnel_type"": ""yoga""}"
400807,funnel_start,2024-02-18T00:50:40,"{""funnel_type"": ""fasting""}"
400807,profile_start,2024-02-18T00:50:48,{}
400807,email_submit,2024-02-18T00:51:25,{}
400807,paywall_show,2024-02-18T00:58:14,{}
401000,funnel_start,2024-02-18T01:21:55,"{""funnel_type"": ""fasting""}"
401000,profile_start,2024-02-18T01:21:59,{}
401000,email_submit,2024-02-18T01:22:37,{}
401000,paywall_show,2024-02-18T01:31:56,{}
401376,funnel_start,2024-02-18T02:28:34,"{""funnel_type"": ""fasting""}"
401397,funnel_start,2024-02-18T02:32:57,"{""funnel_type"": ""fasting""}"
401397,profile_start,2024-02-18T02:33:07,{}
401397,email_submit,2024-02-18T02:33:45,{}
401566,funnel_start,2024-02-18T03:04:00,"{""funnel_type"": ""fasting""}"
401906,funnel_start,2024-02-18T04:39:59,"{""funnel_type"": ""fasting""}"
401906,profile_start,2024-02-18T04:40:10,{}
401906,email_submit,2024-02-18T04:40:35,{}
402117,funnel_start,2024-02-18T05:44:00,"{""funnel_type"": ""fasting""}"
402117,profile_start,2024-02-18T05:44:19,{}
402117,email_submit,2024-02-18T05:44:35,{}
402117,paywall_show,2024-02-18T05:49:32,{}
402294,funnel_start,2024-02-18T06:23:37,"{""funnel_type"": ""activity""}"
402294,profile_start,2024-02-18T06:23:47,{}
402294,email_submit,2024-02-18T06:24:26,{}
402525,funnel_start,2024-02-18T07:16:49,"{""funnel_type"": ""yoga""}"
402525,profile_start,2024-02-18T07:17:03,{}
402525,paywall_show,2024-02-18T07:25:40,{}
403044,funnel_start,2024-02-18T08:56:31,"{""funnel_type"": ""fasting""}"
403044,profile_start,2024-02-18T08:56:43,{}
403044,email_submit,2024-02-18T08:57:18,{}
403175,funnel_start,2024-02-18T09:17:42,"{""funnel_type"": ""activity""}"
403175,profile_start,2024-02-18T09:18:01,{}
403175,email_submit,2024-02-18T09:18:49,{}
403175,paywall_show,2024-02-18T09:26:50,{}
403585,funnel_start,2024-02-18T10:30:39,"{""funnel_type"": ""activity""}"
403585,profile_start,2024-02-18T10:30:46,{}
403585,email_submit,2024-02-18T10:31:07,{}
403632,funnel_start,2024-02-18T10:39:55,"{""funnel_type"": ""activity""}"
403935,funnel_start,2024-02-18T11:30:53,"{""funnel_type"": ""activity""}"
403935,profile_start,2024-02-18T11:30:59,{}
403935,email_submit,2024-02-18T11:31:22,{}
403935,paywall_show,2024-02-18T11:34:35,{}
403986,funnel_start,2024-02-18T11:37:11,"{""funnel_type"": ""activity""}"
403986,profile_start,2024-02-18T11:37:14,{}
403986,experiment_exposure,2024-02-18T11:37:14,"{""experiment_name"": ""exp_7"", ""experiment_group"": ""control""}"
403986,email_submit,2024-02-18T11:37:44,{}
403986,paywall_show,2024-02-18T11:41:22,{}
403986,payment_done,2024-02-18T11:43:01,{}
404080,funnel_start,2024-02-18T11:56:49,"{""funnel_type"": ""activity""}"
404126,funnel_start,2024-02-18T12:04:11,"{""funnel_type"": ""activity""}"
404214,funnel_start,2024-02-18T12:20:02,"{""funnel_type"": ""fasting""}"
404214,profile_start,2024-02-18T12:20:10,{}
404214,email_submit,2024-02-18T12:20:57,{}
404214,paywall_show,2024-02-18T12:33:07,{}
404813,funnel_start,2024-02-18T14:07:24,"{""funnel_type"": ""fasting""}"
404813,experiment_exposure,2024-02-18T14:07:34,"{""experiment_name"": ""exp_7"", ""experiment_group"": ""control""}"
404813,profile_start,2024-02-18T14:07:34,{}
404813,email_submit,2024-02-18T14:08:15,{}
404813,paywall_show,2024-02-18T14:14:34,{}
404971,funnel_start,2024-02-18T14:34:36,"{""funnel_type"": ""fasting""}"
405080,funnel_start,2024-02-18T14:53:31,"{""funnel_type"": ""fasting""}"
405080,profile_start,2024-02-18T14:53:37,{}
405080,email_submit,2024-02-18T14:53:58,{}
405080,paywall_show,2024-02-18T15:00:00,{}
405415,funnel_start,2024-02-18T15:54:27,"{""funnel_type"": ""activity""}"
405415,profile_start,2024-02-18T15:54:34,{}
405415,email_submit,2024-02-18T15:54:50,{}
405415,paywall_show,2024-02-18T16:00:57,{}
405715,funnel_start,2024-02-18T16:46:00,"{""funnel_type"": ""fasting""}"
405715,profile_start,2024-02-18T16:46:04,{}
405715,email_submit,2024-02-18T16:46:15,{}
405715,paywall_show,2024-02-18T17:01:01,{}
405900,funnel_start,2024-02-18T17:16:45,"{""funnel_type"": ""fasting""}"
405956,funnel_start,2024-02-18T17:24:06,"{""funnel_type"": ""fasting""}"
405956,profile_start,2024-02-18T17:24:16,{}
405956,email_submit,2024-02-18T17:24:56,{}
406072,funnel_start,2024-02-18T17:42:12,"{""funnel_type"": ""fasting""}"
406072,profile_start,2024-02-18T17:42:17,{}
405956,paywall_show,2024-02-18T17:42:42,{}
406072,email_submit,2024-02-18T17:43:00,{}
406072,paywall_show,2024-02-18T17:50:53,{}
406289,funnel_start,2024-02-18T18:16:24,"{""funnel_type"": ""activity""}"
406289,profile_start,2024-02-18T18:16:28,{}
406289,email_submit,2024-02-18T18:17:01,{}
406302,funnel_start,2024-02-18T18:18:09,"{""funnel_type"": ""fasting""}"
406302,profile_start,2024-02-18T18:18:19,{}
406302,email_submit,2024-02-18T18:18:39,{}
406289,paywall_show,2024-02-18T18:25:55,{}
406379,funnel_start,2024-02-18T18:32:47,"{""funnel_type"": ""activity""}"
406379,profile_start,2024-02-18T18:32:53,{}
406379,email_submit,2024-02-18T18:33:08,{}
406302,paywall_show,2024-02-18T18:34:33,{}
406418,funnel_start,2024-02-18T18:39:54,"{""funnel_type"": ""fasting""}"
406418,profile_start,2024-02-18T18:40:08,{}
406379,paywall_show,2024-02-18T18:43:32,{}
406379,payment_done,2024-02-18T18:44:35,{}
406535,funnel_start,2024-02-18T18:58:09,"{""funnel_type"": ""activity""}"
406535,profile_start,2024-02-18T18:58:14,{}
406535,email_submit,2024-02-18T18:58:30,{}
406535,paywall_show,2024-02-18T19:05:25,{}
407059,funnel_start,2024-02-18T20:15:39,"{""funnel_type"": ""fasting""}"
407059,profile_start,2024-02-18T20:15:54,{}
407066,funnel_start,2024-02-18T20:16:33,"{""funnel_type"": ""fasting""}"
407066,profile_start,2024-02-18T20:16:54,{}
407066,email_submit,2024-02-18T20:17:05,{}
407066,paywall_show,2024-02-18T20:22:46,{}
407119,funnel_start,2024-02-18T20:24:28,"{""funnel_type"": ""fasting""}"
407119,profile_start,2024-02-18T20:24:33,{}
407119,email_submit,2024-02-18T20:24:45,{}
407207,funnel_start,2024-02-18T20:36:05,"{""funnel_type"": ""fasting""}"
407207,experiment_exposure,2024-02-18T20:36:17,"{""experiment_name"": ""exp_7"", ""experiment_group"": ""test""}"
407207,profile_start,2024-02-18T20:36:17,{}
407207,email_submit,2024-02-18T20:36:40,{}
407119,paywall_show,2024-02-18T20:38:22,{}
407207,paywall_show,2024-02-18T20:42:05,{}
407490,funnel_start,2024-02-18T21:11:58,"{""funnel_type"": ""yoga""}"
407490,profile_start,2024-02-18T21:12:24,{}
407527,funnel_start,2024-02-18T21:17:31,"{""funnel_type"": ""fasting""}"
407490,paywall_show,2024-02-18T21:17:41,{}
407576,funnel_start,2024-02-18T21:23:17,"{""funnel_type"": ""activity""}"
407576,profile_start,2024-02-18T21:23:21,{}
407576,email_submit,2024-02-18T21:23:35,{}
407580,funnel_start,2024-02-18T21:24:00,"{""funnel_type"": ""fasting""}"
407580,profile_start,2024-02-18T21:24:10,{}
407593,funnel_start,2024-02-18T21:25:26,"{""funnel_type"": ""fasting""}"
407593,profile_start,2024-02-18T21:25:36,{}
407580,email_submit,2024-02-18T21:25:37,{}
407580,paywall_show,2024-02-18T21:31:13,{}
407891,funnel_start,2024-02-18T22:03:47,"{""funnel_type"": ""fasting""}"
407891,profile_start,2024-02-18T22:03:55,{}
407891,email_submit,2024-02-18T22:04:25,{}
407929,funnel_start,2024-02-18T22:07:58,"{""funnel_type"": ""fasting""}"
407985,funnel_start,2024-02-18T22:14:57,"{""funnel_type"": ""activity""}"
407985,profile_start,2024-02-18T22:15:08,{}
407985,email_submit,2024-02-18T22:15:26,{}
407891,paywall_show,2024-02-18T22:16:01,{}
407985,paywall_show,2024-02-18T22:19:22,{}
408035,funnel_start,2024-02-18T22:19:48,"{""funnel_type"": ""fasting""}"
408035,profile_start,2024-02-18T22:20:02,{}
408035,email_submit,2024-02-18T22:20:16,{}
407985,payment_done,2024-02-18T22:21:43,{}
408080,funnel_start,2024-02-18T22:24:41,"{""funnel_type"": ""fasting""}"
408080,profile_start,2024-02-18T22:25:01,{}
408080,email_submit,2024-02-18T22:25:29,{}
408035,paywall_show,2024-02-18T22:32:42,{}
408080,paywall_show,2024-02-18T22:35:35,{}
408225,funnel_start,2024-02-18T22:40:14,"{""funnel_type"": ""yoga""}"
408296,funnel_start,2024-02-18T22:48:06,"{""funnel_type"": ""yoga""}"
408865,funnel_start,2024-02-18T23:57:08,"{""funnel_type"": ""fasting""}"
408865,profile_start,2024-02-18T23:57:20,{}
408865,email_submit,2024-02-18T23:57:38,{}
408865,paywall_show,2024-02-19T00:04:41,{}
409042,funnel_start,2024-02-19T00:20:35,"{""funnel_type"": ""fasting""}"
409042,profile_start,2024-02-19T00:20:40,{}
409042,experiment_exposure,2024-02-19T00:20:40,"{""experiment_name"": ""exp_7"", ""experiment_group"": ""test""}"
409042,email_submit,2024-02-19T00:21:08,{}
409042,paywall_show,2024-02-19T00:39:52,{}
409239,funnel_start,2024-02-19T00:48:26,"{""funnel_type"": ""fasting""}"
409239,profile_start,2024-02-19T00:48:45,{}
409568,funnel_start,2024-02-19T01:44:02,"{""funnel_type"": ""fasting""}"
409568,profile_start,2024-02-19T01:44:16,{}
409568,email_submit,2024-02-19T01:45:04,{}
409568,paywall_show,2024-02-19T01:47:25,{}
409765,funnel_start,2024-02-19T02:19:31,"{""funnel_type"": ""fasting""}"
409765,profile_start,2024-02-19T02:19:51,{}
409765,email_submit,2024-02-19T02:20:09,{}
410238,funnel_start,2024-02-19T04:09:22,"{""funnel_type"": ""fasting""}"
410957,funnel_start,2024-02-19T07:33:29,"{""funnel_type"": ""fasting""}"
411528,funnel_start,2024-02-19T09:21:16,"{""funnel_type"": ""activity""}"
411528,profile_start,2024-02-19T09:21:23,{}
411528,email_submit,2024-02-19T09:22:23,{}
411528,paywall_show,2024-02-19T09:35:13,{}
411711,funnel_start,2024-02-19T09:53:21,"{""funnel_type"": ""yoga""}"
411711,profile_start,2024-02-19T09:53:41,{}
411755,funnel_start,2024-02-19T10:04:24,"{""funnel_type"": ""activity""}"
411755,profile_start,2024-02-19T10:04:29,{}
411755,email_submit,2024-02-19T10:04:46,{}
411755,paywall_show,2024-02-19T10:08:45,{}
411819,funnel_start,2024-02-19T10:15:48,"{""funnel_type"": ""fasting""}"
411819,profile_start,2024-02-19T10:15:59,{}
411819,email_submit,2024-02-19T10:16:15,{}
411711,paywall_show,2024-02-19T10:21:35,{}
411819,paywall_show,2024-02-19T10:23:03,{}
411886,funnel_start,2024-02-19T10:27:18,"{""funnel_type"": ""activity""}"
411886,profile_start,2024-02-19T10:27:23,{}
411886,experiment_exposure,2024-02-19T10:27:23,"{""experiment_name"": ""exp_7"", ""experiment_group"": ""control""}"
411886,email_submit,2024-02-19T10:27:45,{}
411886,paywall_show,2024-02-19T10:33:35,{}
411886,payment_done,2024-02-19T10:34:59,{}
412166,funnel_start,2024-02-19T11:13:31,"{""funnel_type"": ""activity""}"
412166,profile_start,2024-02-19T11:13:39,{}
412166,email_submit,2024-02-19T11:14:12,{}
412166,paywall_show,2024-02-19T11:19:40,{}
412241,funnel_start,2024-02-19T11:26:34,"{""funnel_type"": ""fasting""}"
412241,experiment_exposure,2024-02-19T11:26:40,"{""experiment_name"": ""exp_7"", ""experiment_group"": ""test""}"
412241,profile_start,2024-02-19T11:26:40,{}
412241,email_submit,2024-02-19T11:27:05,{}
412241,paywall_show,2024-02-19T11:36:28,{}
412385,funnel_start,2024-02-19T11:47:44,"{""funnel_type"": ""fasting""}"
412385,profile_start,2024-02-19T11:47:54,{}
412385,email_submit,2024-02-19T11:48:15,{}
412385,paywall_show,2024-02-19T11:59:01,{}
412807,funnel_start,2024-02-19T12:59:49,"{""funnel_type"": ""activity""}"
412807,profile_start,2024-02-19T12:59:58,{}
412807,email_submit,2024-02-19T13:00:20,{}
412807,paywall_show,2024-02-19T13:07:16,{}
412873,funnel_start,2024-02-19T13:13:40,"{""funnel_type"": ""fasting""}"
412873,profile_start,2024-02-19T13:13:46,{}
412873,email_submit,2024-02-19T13:14:42,{}
412873,paywall_show,2024-02-19T13:26:24,{}
413211,funnel_start,2024-02-19T14:12:00,"{""funnel_type"": ""fasting""}"
413234,funnel_start,2024-02-19T14:15:25,"{""funnel_type"": ""activity""}"
413234,profile_start,2024-02-19T14:15:32,{}
413234,email_submit,2024-02-19T14:15:59,{}
413234,paywall_show,2024-02-19T14:17:57,{}
413234,payment_done,2024-02-19T14:19:24,{}
413323,funnel_start,2024-02-19T14:32:01,"{""funnel_type"": ""fasting""}"
413323,profile_start,2024-02-19T14:32:08,{}
413323,email_submit,2024-02-19T14:32:23,{}
413323,paywall_show,2024-02-19T14:44:09,{}
413445,funnel_start,2024-02-19T14:52:19,"{""funnel_type"": ""activity""}"
413445,profile_start,2024-02-19T14:52:24,{}
413445,email_submit,2024-02-19T14:53:04,{}
413445,paywall_show,2024-02-19T14:57:21,{}
413486,funnel_start,2024-02-19T14:59:08,"{""funnel_type"": ""fasting""}"
413486,profile_start,2024-02-19T14:59:24,{}
413486,experiment_exposure,2024-02-19T14:59:24,"{""experiment_name"": ""exp_7"", ""experiment_group"": ""test""}"
413486,email_submit,2024-02-19T14:59:53,{}
413486,paywall_show,2024-02-19T15:08:30,{}
413554,funnel_start,2024-02-19T15:09:35,"{""funnel_type"": ""fasting""}"
413486,payment_done,2024-02-19T15:10:18,{}
413768,funnel_start,2024-02-19T15:47:42,"{""funnel_type"": ""fasting""}"
413927,funnel_start,2024-02-19T16:17:45,"{""funnel_type"": ""activity""}"
413927,profile_start,2024-02-19T16:17:53,{}
413927,email_submit,2024-02-19T16:18:20,{}
413927,paywall_show,2024-02-19T16:27:14,{}
414038,funnel_start,2024-02-19T16:37:39,"{""funnel_type"": ""fasting""}"
414549,funnel_start,2024-02-19T18:00:07,"{""funnel_type"": ""fasting""}"
414821,funnel_start,2024-02-19T18:41:17,"{""funnel_type"": ""fasting""}"
414821,profile_start,2024-02-19T18:41:24,{}
414821,email_submit,2024-02-19T18:42:08,{}
415116,funnel_start,2024-02-19T19:20:16,"{""funnel_type"": ""fasting""}"
415116,profile_start,2024-02-19T19:20:22,{}
415116,email_submit,2024-02-19T19:20:37,{}
415116,paywall_show,2024-02-19T19:23:15,{}
415272,funnel_start,2024-02-19T19:45:44,"{""funnel_type"": ""yoga""}"
415272,profile_start,2024-02-19T19:45:57,{}
415272,experiment_exposure,2024-02-19T19:45:57,"{""experiment_name"": ""exp_7"", ""experiment_group"": ""test""}"
415272,paywall_show,2024-02-19T19:53:30,{}
415729,funnel_start,2024-02-19T20:50:30,"{""funnel_type"": ""fasting""}"
415729,profile_start,2024-02-19T20:50:51,{}
415729,email_submit,2024-02-19T20:51:00,{}
415729,paywall_show,2024-02-19T20:59:55,{}
416099,funnel_start,2024-02-19T21:37:12,"{""funnel_type"": ""fasting""}"
416120,funnel_start,2024-02-19T21:39:46,"{""funnel_type"": ""yoga""}"
416120,profile_start,2024-02-19T21:40:02,{}
416225,funnel_start,2024-02-19T21:53:36,"{""funnel_type"": ""fasting""}"
416362,funnel_start,2024-02-19T22:09:18,"{""funnel_type"": ""fasting""}"
416507,funnel_start,2024-02-19T22:28:58,"{""funnel_type"": ""fasting""}"
416730,funnel_start,2024-02-19T22:55:50,"{""funnel_type"": ""fasting""}"
416730,profile_start,2024-02-19T22:56:00,{}
416730,email_submit,2024-02-19T22:56:24,{}
416777,funnel_start,2024-02-19T23:01:28,"{""funnel_type"": ""fasting""}"
416777,profile_start,2024-02-19T23:01:36,{}
416777,email_submit,2024-02-19T23:01:58,{}
417493,funnel_start,2024-02-20T00:38:34,"{""funnel_type"": ""fasting""}"
417493,profile_start,2024-02-20T00:38:41,{}
417493,email_submit,2024-02-20T00:39:00,{}
417684,funnel_start,2024-02-20T01:07:18,"{""funnel_type"": ""fasting""}"
417684,profile_start,2024-02-20T01:07:29,{}
417693,funnel_start,2024-02-20T01:09:06,"{""funnel_type"": ""activity""}"
417693,profile_start,2024-02-20T01:09:22,{}
417693,email_submit,2024-02-20T01:09:40,{}
417693,paywall_show,2024-02-20T01:13:50,{}
417786,funnel_start,2024-02-20T01:24:42,"{""funnel_type"": ""fasting""}"
417953,funnel_start,2024-02-20T01:54:38,"{""funnel_type"": ""activity""}"
417953,profile_start,2024-02-20T01:54:53,{}
417953,email_submit,2024-02-20T01:55:17,{}
417953,paywall_show,2024-02-20T02:04:52,{}
418259,funnel_start,2024-02-20T02:54:23,"{""funnel_type"": ""fasting""}"
418259,profile_start,2024-02-20T02:54:34,{}
418259,email_submit,2024-02-20T02:55:07,{}
418292,funnel_start,2024-02-20T03:02:25,"{""funnel_type"": ""fasting""}"
418292,profile_start,2024-02-20T03:02:39,{}
418292,email_submit,2024-02-20T03:03:01,{}
418292,paywall_show,2024-02-20T03:10:05,{}
418259,paywall_show,2024-02-20T03:13:28,{}
418655,funnel_start,2024-02-20T04:36:28,"{""funnel_type"": ""fasting""}"
418655,profile_start,2024-02-20T04:36:39,{}
418655,email_submit,2024-02-20T04:37:25,{}
418655,paywall_show,2024-02-20T04:45:39,{}
418694,funnel_start,2024-02-20T04:51:12,"{""funnel_type"": ""activity""}"
419180,funnel_start,2024-02-20T07:02:43,"{""funnel_type"": ""activity""}"
419180,profile_start,2024-02-20T07:02:52,{}
419180,experiment_exposure,2024-02-20T07:02:52,"{""experiment_name"": ""exp_7"", ""experiment_group"": ""control""}"
419220,funnel_start,2024-02-20T07:10:49,"{""funnel_type"": ""activity""}"
419220,profile_start,2024-02-20T07:10:53,{}
419220,email_submit,2024-02-20T07:11:08,{}
419931,funnel_start,2024-02-20T09:30:01,"{""funnel_type"": ""fasting""}"
419931,profile_start,2024-02-20T09:30:15,{}
419931,email_submit,2024-02-20T09:30:27,{}
419931,paywall_show,2024-02-20T09:37:34,{}
420486,funnel_start,2024-02-20T11:08:17,"{""funnel_type"": ""activity""}"
420587,funnel_start,2024-02-20T11:22:29,"{""funnel_type"": ""activity""}"
420627,funnel_start,2024-02-20T11:28:41,"{""funnel_type"": ""activity""}"
420798,funnel_start,2024-02-20T12:00:38,"{""funnel_type"": ""fasting""}"
421033,funnel_start,2024-02-20T12:42:36,"{""funnel_type"": ""fasting""}"
421033,profile_start,2024-02-20T12:42:45,{}
421033,email_submit,2024-02-20T12:43:05,{}
421261,funnel_start,2024-02-20T13:22:32,"{""funnel_type"": ""fasting""}"
421261,profile_start,2024-02-20T13:22:38,{}
421261,email_submit,2024-02-20T13:23:03,{}
421621,funnel_start,2024-02-20T14:28:12,"{""funnel_type"": ""fasting""}"
421621,profile_start,2024-02-20T14:28:21,{}
421623,funnel_start,2024-02-20T14:28:36,"{""funnel_type"": ""activity""}"
421767,funnel_start,2024-02-20T14:51:11,"{""funnel_type"": ""fasting""}"
421767,profile_start,2024-02-20T14:51:19,{}
421767,email_submit,2024-02-20T14:51:37,{}
421767,paywall_show,2024-02-20T14:56:42,{}
422040,funnel_start,2024-02-20T15:42:48,"{""funnel_type"": ""fasting""}"
422040,profile_start,2024-02-20T15:42:57,{}
422040,email_submit,2024-02-20T15:43:27,{}
422040,paywall_show,2024-02-20T15:51:47,{}
422125,funnel_start,2024-02-20T15:54:30,"{""funnel_type"": ""fasting""}"
422125,profile_start,2024-02-20T15:54:36,{}
422125,email_submit,2024-02-20T15:54:49,{}
422142,funnel_start,2024-02-20T15:56:53,"{""funnel_type"": ""fasting""}"
422142,profile_start,2024-02-20T15:57:07,{}
422125,paywall_show,2024-02-20T15:58:17,{}
422360,funnel_start,2024-02-20T16:34:56,"{""funnel_type"": ""fasting""}"
422425,funnel_start,2024-02-20T16:45:35,"{""funnel_type"": ""activity""}"
422425,profile_start,2024-02-20T16:45:39,{}
422425,email_submit,2024-02-20T16:45:52,{}
422425,paywall_show,2024-02-20T16:53:35,{}
422758,funnel_start,2024-02-20T17:41:06,"{""funnel_type"": ""yoga""}"
423048,funnel_start,2024-02-20T18:28:15,"{""funnel_type"": ""fasting""}"
423048,profile_start,2024-02-20T18:28:33,{}
423048,email_submit,2024-02-20T18:28:54,{}
423130,funnel_start,2024-02-20T18:39:29,"{""funnel_type"": ""fasting""}"
423048,paywall_show,2024-02-20T18:39:33,{}
423130,profile_start,2024-02-20T18:39:42,{}
423130,email_submit,2024-02-20T18:40:09,{}
423048,payment_done,2024-02-20T18:42:21,{}
423186,funnel_start,2024-02-20T18:47:32,"{""funnel_type"": ""activity""}"
423186,profile_start,2024-02-20T18:47:38,{}
423130,paywall_show,2024-02-20T18:48:03,{}
423186,email_submit,2024-02-20T18:48:24,{}
423186,paywall_show,2024-02-20T18:56:11,{}
423294,funnel_start,2024-02-20T19:04:03,"{""funnel_type"": ""fasting""}"
423294,profile_start,2024-02-20T19:04:22,{}
423294,email_submit,2024-02-20T19:04:36,{}
423294,paywall_show,2024-02-20T19:08:25,{}
423383,funnel_start,2024-02-20T19:17:18,"{""funnel_type"": ""fasting""}"
423383,profile_start,2024-02-20T19:17:29,{}
423770,funnel_start,2024-02-20T20:14:29,"{""funnel_type"": ""yoga""}"
423770,profile_start,2024-02-20T20:14:41,{}
423770,paywall_show,2024-02-20T20:27:01,{}
423876,funnel_start,2024-02-20T20:30:43,"{""funnel_type"": ""fasting""}"
423876,profile_start,2024-02-20T20:30:50,{}
423876,email_submit,2024-02-20T20:31:47,{}
423876,paywall_show,2024-02-20T20:37:19,{}
424068,funnel_start,2024-02-20T20:59:47,"{""funnel_type"": ""activity""}"
424068,profile_start,2024-02-20T20:59:57,{}
424068,email_submit,2024-02-20T21:00:20,{}
424068,paywall_show,2024-02-20T21:07:32,{}
424470,funnel_start,2024-02-20T21:50:05,"{""funnel_type"": ""fasting""}"
424470,profile_start,2024-02-20T21:50:15,{}
424470,email_submit,2024-02-20T21:50:37,{}
424470,paywall_show,2024-02-20T22:00:56,{}
424825,funnel_start,2024-02-20T22:31:00,"{""funnel_type"": ""fasting""}"
424825,profile_start,2024-02-20T22:31:08,{}
424825,email_submit,2024-02-20T22:31:26,{}
424878,funnel_start,2024-02-20T22:36:58,"{""funnel_type"": ""fasting""}"
424825,paywall_show,2024-02-20T22:39:36,{}
425062,funnel_start,2024-02-20T22:58:06,"{""funnel_type"": ""fasting""}"
425062,profile_start,2024-02-20T22:58:20,{}
425062,email_submit,2024-02-20T22:58:41,{}
425062,paywall_show,2024-02-20T23:06:34,{}
425190,funnel_start,2024-02-20T23:14:41,"{""funnel_type"": ""activity""}"
425190,profile_start,2024-02-20T23:14:54,{}
425190,email_submit,2024-02-20T23:15:10,{}
425534,funnel_start,2024-02-20T23:53:40,"{""funnel_type"": ""fasting""}"
425534,profile_start,2024-02-20T23:53:49,{}
425534,email_submit,2024-02-20T23:54:21,{}
425534,paywall_show,2024-02-21T00:03:50,{}
425534,payment_done,2024-02-21T00:06:06,{}
425682,funnel_start,2024-02-21T00:11:13,"{""funnel_type"": ""fasting""}"
425682,profile_start,2024-02-21T00:11:23,{}
425682,email_submit,2024-02-21T00:11:32,{}
425682,paywall_show,2024-02-21T00:15:43,{}
426237,funnel_start,2024-02-21T01:35:07,"{""funnel_type"": ""activity""}"
426237,profile_start,2024-02-21T01:35:13,{}
426237,email_submit,2024-02-21T01:35:42,{}
426254,funnel_start,2024-02-21T01:38:02,"{""funnel_type"": ""activity""}"
426254,profile_start,2024-02-21T01:38:15,{}
426237,paywall_show,2024-02-21T01:41:44,{}
426385,funnel_start,2024-02-21T02:00:06,"{""funnel_type"": ""fasting""}"
426385,experiment_exposure,2024-02-21T02:00:17,"{""experiment_name"": ""exp_7"", ""experiment_group"": ""control""}"
426385,profile_start,2024-02-21T02:00:17,{}
426385,email_submit,2024-02-21T02:00:53,{}
426385,paywall_show,2024-02-21T02:04:23,{}
426469,funnel_start,2024-02-21T02:17:32,"{""funnel_type"": ""activity""}"
426469,profile_start,2024-02-21T02:17:36,{}
426469,experiment_exposure,2024-02-21T02:17:36,"{""experiment_name"": ""exp_7"", ""experiment_group"": ""control""}"
426547,funnel_start,2024-02-21T02:34:07,"{""funnel_type"": ""yoga""}"
426547,profile_start,2024-02-21T02:34:19,{}
426547,paywall_show,2024-02-21T02:37:57,{}
426623,funnel_start,2024-02-21T02:48:57,"{""funnel_type"": ""fasting""}"
426652,funnel_start,2024-02-21T02:55:59,"{""funnel_type"": ""fasting""}"
426652,profile_start,2024-02-21T02:56:14,{}
426652,email_submit,2024-02-21T02:56:52,{}
426652,paywall_show,2024-02-21T03:07:33,{}
426652,payment_done,2024-02-21T03:09:17,{}
426794,funnel_start,2024-02-21T03:24:09,"{""funnel_type"": ""activity""}"
426794,profile_start,2024-02-21T03:24:17,{}
426794,email_submit,2024-02-21T03:24:52,{}
427016,funnel_start,2024-02-21T04:22:19,"{""funnel_type"": ""fasting""}"
427016,profile_start,2024-02-21T04:22:25,{}
427016,email_submit,2024-02-21T04:22:41,{}
427016,paywall_show,2024-02-21T04:31:02,{}
427134,funnel_start,2024-02-21T04:55:34,"{""funnel_type"": ""activity""}"
427134,profile_start,2024-02-21T04:55:45,{}
427134,email_submit,2024-02-21T04:56:18,{}
427260,funnel_start,2024-02-21T05:33:18,"{""funnel_type"": ""activity""}"
427260,profile_start,2024-02-21T05:33:28,{}
427260,email_submit,2024-02-21T05:33:44,{}
427260,paywall_show,2024-02-21T05:40:25,{}
427873,funnel_start,2024-02-21T08:02:58,"{""funnel_type"": ""activity""}"
427979,funnel_start,2024-02-21T08:22:48,"{""funnel_type"": ""activity""}"
428199,funnel_start,2024-02-21T09:07:46,"{""funnel_type"": ""fasting""}"
428199,profile_start,2024-02-21T09:08:01,{}
428199,email_submit,2024-02-21T09:08:30,{}
428199,paywall_show,2024-02-21T09:14:10,{}
428417,funnel_start,2024-02-21T09:49:09,"{""funnel_type"": ""activity""}"
428417,profile_start,2024-02-21T09:49:13,{}
428417,email_submit,2024-02-21T09:49:49,{}
428551,funnel_start,2024-02-21T10:11:48,"{""funnel_type"": ""fasting""}"
428551,profile_start,2024-02-21T10:11:57,{}
428551,email_submit,2024-02-21T10:12:14,{}
428578,funnel_start,2024-02-21T10:15:50,"{""funnel_type"": ""yoga""}"
428551,paywall_show,2024-02-21T10:36:19,{}
428730,funnel_start,2024-02-21T10:39:23,"{""funnel_type"": ""fasting""}"
428730,profile_start,2024-02-21T10:39:31,{}
428730,email_submit,2024-02-21T10:40:21,{}
428730,paywall_show,2024-02-21T11:04:30,{}
428730,payment_done,2024-02-21T11:05:56,{}
429422,funnel_start,2024-02-21T12:33:21,"{""funnel_type"": ""activity""}"
429422,experiment_exposure,2024-02-21T12:33:29,"{""experiment_name"": ""exp_7"", ""experiment_group"": ""control""}"
429422,profile_start,2024-02-21T12:33:29,{}
429422,email_submit,2024-02-21T12:34:02,{}
429422,paywall_show,2024-02-21T12:38:36,{}
429789,funnel_start,2024-02-21T13:38:56,"{""funnel_type"": ""fasting""}"
429789,profile_start,2024-02-21T13:39:07,{}
429789,email_submit,2024-02-21T13:39:27,{}
429789,paywall_show,2024-02-21T13:48:23,{}
429901,funnel_start,2024-02-21T13:59:06,"{""funnel_type"": ""fasting""}"
430126,funnel_start,2024-02-21T14:38:19,"{""funnel_type"": ""fasting""}"
430126,profile_start,2024-02-21T14:38:23,{}
430126,email_submit,2024-02-21T14:38:42,{}
430193,funnel_start,2024-02-21T14:51:45,"{""funnel_type"": ""fasting""}"
430193,profile_start,2024-02-21T14:51:51,{}
430193,email_submit,2024-02-21T14:52:03,{}
430193,paywall_show,2024-02-21T14:54:18,{}
431103,funnel_start,2024-02-21T17:29:45,"{""funnel_type"": ""activity""}"
431103,profile_start,2024-02-21T17:29:51,{}
431103,email_submit,2024-02-21T17:30:18,{}
431103,paywall_show,2024-02-21T17:42:43,{}
431261,funnel_start,2024-02-21T17:53:47,"{""funnel_type"": ""activity""}"
431261,profile_start,2024-02-21T17:54:00,{}
431397,funnel_start,2024-02-21T18:15:37,"{""funnel_type"": ""fasting""}"
431397,profile_start,2024-02-21T18:15:49,{}
431397,email_submit,2024-02-21T18:15:56,{}
431446,funnel_start,2024-02-21T18:23:35,"{""funnel_type"": ""fasting""}"
431446,profile_start,2024-02-21T18:23:41,{}
431446,email_submit,2024-02-21T18:23:46,{}
431397,paywall_show,2024-02-21T18:24:00,{}
431463,funnel_start,2024-02-21T18:25:44,"{""funnel_type"": ""fasting""}"
431463,profile_start,2024-02-21T18:25:50,{}
431463,experiment_exposure,2024-02-21T18:25:50,"{""experiment_name"": ""exp_7"", ""experiment_group"": ""control""}"
431477,funnel_start,2024-02-21T18:27:27,"{""funnel_type"": ""activity""}"
431446,paywall_show,2024-02-21T18:28:41,{}
431586,funnel_start,2024-02-21T18:44:32,"{""funnel_type"": ""activity""}"
431711,funnel_start,2024-02-21T19:04:25,"{""funnel_type"": ""activity""}"
431711,profile_start,2024-02-21T19:04:32,{}
431711,experiment_exposure,2024-02-21T19:04:32,"{""experiment_name"": ""exp_7"", ""experiment_group"": ""test""}"
431711,email_submit,2024-02-21T19:04:59,{}
431711,paywall_show,2024-02-21T19:10:02,{}
432316,funnel_start,2024-02-21T20:39:37,"{""funnel_type"": ""fasting""}"
432316,profile_start,2024-02-21T20:39:47,{}
432316,email_submit,2024-02-21T20:40:24,{}
432371,funnel_start,2024-02-21T20:47:40,"{""funnel_type"": ""activity""}"
432316,paywall_show,2024-02-21T20:52:03,{}
432578,funnel_start,2024-02-21T21:17:04,"{""funnel_type"": ""fasting""}"
432743,funnel_start,2024-02-21T21:38:41,"{""funnel_type"": ""activity""}"
432743,profile_start,2024-02-21T21:38:45,{}
432743,email_submit,2024-02-21T21:38:58,{}
432743,paywall_show,2024-02-21T21:50:14,{}
433807,funnel_start,2024-02-21T23:50:31,"{""funnel_type"": ""yoga""}"
433973,funnel_start,2024-02-22T00:11:22,"{""funnel_type"": ""activity""}"
433973,profile_start,2024-02-22T00:11:32,{}
433973,email_submit,2024-02-22T00:12:00,{}
433973,paywall_show,2024-02-22T00:17:05,{}
433973,payment_done,2024-02-22T00:19:09,{}
434056,funnel_start,2024-02-22T00:25:14,"{""funnel_type"": ""yoga""}"
434056,profile_start,2024-02-22T00:25:34,{}
434093,funnel_start,2024-02-22T00:30:13,"{""funnel_type"": ""fasting""}"
434093,profile_start,2024-02-22T00:30:22,{}
434093,email_submit,2024-02-22T00:30:50,{}
434383,funnel_start,2024-02-22T01:14:58,"{""funnel_type"": ""fasting""}"
434563,funnel_start,2024-02-22T01:42:48,"{""funnel_type"": ""activity""}"
434563,experiment_exposure,2024-02-22T01:42:56,"{""experiment_name"": ""exp_7"", ""experiment_group"": ""control""}"
434563,profile_start,2024-02-22T01:42:56,{}
434563,email_submit,2024-02-22T01:43:10,{}
434563,paywall_show,2024-02-22T01:48:10,{}
434642,funnel_start,2024-02-22T01:56:05,"{""funnel_type"": ""activity""}"
434642,experiment_exposure,2024-02-22T01:56:13,"{""experiment_name"": ""exp_7"", ""experiment_group"": ""control""}"
434642,profile_start,2024-02-22T01:56:13,{}
434642,email_submit,2024-02-22T01:56:37,{}
434642,paywall_show,2024-02-22T02:00:33,{}
434997,funnel_start,2024-02-22T03:08:55,"{""funnel_type"": ""fasting""}"
434997,profile_start,2024-02-22T03:09:06,{}
434997,email_submit,2024-02-22T03:09:20,{}
434997,paywall_show,2024-02-22T03:12:28,{}
435080,funnel_start,2024-02-22T03:28:11,"{""funnel_type"": ""activity""}"
435080,profile_start,2024-02-22T03:28:22,{}
435080,email_submit,2024-02-22T03:28:43,{}
435080,paywall_show,2024-02-22T03:42:36,{}
435306,funnel_start,2024-02-22T04:34:52,"{""funnel_type"": ""fasting""}"
435306,profile_start,2024-02-22T04:35:02,{}
435306,email_submit,2024-02-22T04:35:48,{}
435306,paywall_show,2024-02-22T04:46:49,{}
435458,funnel_start,2024-02-22T05:16:18,"{""funnel_type"": ""fasting""}"
435458,profile_start,2024-02-22T05:16:32,{}
435458,email_submit,2024-02-22T05:16:49,{}
435458,paywall_show,2024-02-22T05:26:13,{}
435533,funnel_start,2024-02-22T05:39:22,"{""funnel_type"": ""activity""}"
435656,funnel_start,2024-02-22T06:14:54,"{""funnel_type"": ""activity""}"
435656,profile_start,2024-02-22T06:15:00,{}
435656,email_submit,2024-02-22T06:15:24,{}
435656,paywall_show,2024-02-22T06:20:15,{}
436000,funnel_start,2024-02-22T07:44:10,"{""funnel_type"": ""fasting""}"
437003,funnel_start,2024-02-22T10:48:11,"{""funnel_type"": ""fasting""}"
437094,funnel_start,2024-02-22T11:02:11,"{""funnel_type"": ""fasting""}"
437101,funnel_start,2024-02-22T11:02:56,"{""funnel_type"": ""fasting""}"
437248,funnel_start,2024-02-22T11:24:31,"{""funnel_type"": ""activity""}"
437248,profile_start,2024-02-22T11:24:37,{}
437248,email_submit,2024-02-22T11:24:50,{}
437248,paywall_show,2024-02-22T11:31:55,{}
437875,funnel_start,2024-02-22T13:09:15,"{""funnel_type"": ""fasting""}"
437875,profile_start,2024-02-22T13:09:37,{}
437875,email_submit,2024-02-22T13:10:23,{}
437875,paywall_show,2024-02-22T13:15:24,{}
438318,funnel_start,2024-02-22T14:30:41,"{""funnel_type"": ""activity""}"
438318,profile_start,2024-02-22T14:30:48,{}
438318,email_submit,2024-02-22T14:31:01,{}
438318,paywall_show,2024-02-22T14:38:20,{}
438446,funnel_start,2024-02-22T14:55:15,"{""funnel_type"": ""yoga""}"
438901,funnel_start,2024-02-22T16:09:41,"{""funnel_type"": ""fasting""}"
439055,funnel_start,2024-02-22T16:36:26,"{""funnel_type"": ""activity""}"
439055,profile_start,2024-02-22T16:36:30,{}
439055,email_submit,2024-02-22T16:36:53,{}
439055,paywall_show,2024-02-22T16:47:42,{}
439180,funnel_start,2024-02-22T16:56:40,"{""funnel_type"": ""fasting""}"
439180,profile_start,2024-02-22T16:57:11,{}
439180,email_submit,2024-02-22T16:57:36,{}
439180,paywall_show,2024-02-22T17:07:54,{}
439308,funnel_start,2024-02-22T17:19:11,"{""funnel_type"": ""fasting""}"
439308,profile_start,2024-02-22T17:19:22,{}
439308,email_submit,2024-02-22T17:20:02,{}
439308,paywall_show,2024-02-22T17:23:39,{}
439708,funnel_start,2024-02-22T18:22:41,"{""funnel_type"": ""fasting""}"
439992,funnel_start,2024-02-22T19:08:12,"{""funnel_type"": ""yoga""}"
439992,profile_start,2024-02-22T19:08:23,{}
439992,paywall_show,2024-02-22T19:16:02,{}
440044,funnel_start,2024-02-22T19:16:40,"{""funnel_type"": ""activity""}"
440647,funnel_start,2024-02-22T20:45:08,"{""funnel_type"": ""fasting""}"
440647,profile_start,2024-02-22T20:45:14,{}
440647,experiment_exposure,2024-02-22T20:45:14,"{""experiment_name"": ""exp_7"", ""experiment_group"": ""control""}"
440647,email_submit,2024-02-22T20:45:52,{}
440647,paywall_show,2024-02-22T20:50:24,{}
440744,funnel_start,2024-02-22T20:57:35,"{""funnel_type"": ""activity""}"
440744,profile_start,2024-02-22T20:57:44,{}
440744,email_submit,2024-02-22T20:57:55,{}
440744,paywall_show,2024-02-22T21:02:41,{}
440813,funnel_start,2024-02-22T21:06:36,"{""funnel_type"": ""fasting""}"
440813,profile_start,2024-02-22T21:06:43,{}
440813,email_submit,2024-02-22T21:07:03,{}
440813,paywall_show,2024-02-22T21:24:11,{}
440979,funnel_start,2024-02-22T21:27:45,"{""funnel_type"": ""activity""}"
441451,funnel_start,2024-02-22T22:25:46,"{""funnel_type"": ""fasting""}"
441903,funnel_start,2024-02-22T23:14:50,"{""funnel_type"": ""activity""}"
441903,profile_start,2024-02-22T23:14:53,{}
441910,funnel_start,2024-02-22T23:15:14,"{""funnel_type"": ""fasting""}"
441962,funnel_start,2024-02-22T23:21:44,"{""funnel_type"": ""activity""}"
441962,profile_start,2024-02-22T23:22:01,{}
441962,email_submit,2024-02-22T23:22:24,{}
441962,paywall_show,2024-02-22T23:31:36,{}
442046,funnel_start,2024-02-22T23:33:58,"{""funnel_type"": ""fasting""}"
442046,profile_start,2024-02-22T23:34:09,{}
442046,email_submit,2024-02-22T23:34:47,{}
442079,funnel_start,2024-02-22T23:38:39,"{""funnel_type"": ""activity""}"
442079,profile_start,2024-02-22T23:38:45,{}
442079,email_submit,2024-02-22T23:39:12,{}
442046,paywall_show,2024-02-22T23:42:23,{}
442079,paywall_show,2024-02-22T23:42:38,{}
442304,funnel_start,2024-02-23T00:07:24,"{""funnel_type"": ""activity""}"
442304,profile_start,2024-02-23T00:07:29,{}
442304,experiment_exposure,2024-02-23T00:07:29,"{""experiment_name"": ""exp_7"", ""experiment_group"": ""control""}"
442304,email_submit,2024-02-23T00:07:55,{}
442304,paywall_show,2024-02-23T00:09:26,{}
442371,funnel_start,2024-02-23T00:15:55,"{""funnel_type"": ""activity""}"
442371,profile_start,2024-02-23T00:16:10,{}
442413,funnel_start,2024-02-23T00:23:38,"{""funnel_type"": ""activity""}"
442413,profile_start,2024-02-23T00:23:49,{}
442413,email_submit,2024-02-23T00:24:00,{}
442413,paywall_show,2024-02-23T00:29:42,{}
442622,funnel_start,2024-02-23T00:58:42,"{""funnel_type"": ""activity""}"
442622,profile_start,2024-02-23T00:58:47,{}
442622,email_submit,2024-02-23T00:59:44,{}
442622,paywall_show,2024-02-23T01:05:22,{}
442622,payment_done,2024-02-23T01:09:31,{}
443124,funnel_start,2024-02-23T02:33:42,"{""funnel_type"": ""fasting""}"
443124,profile_start,2024-02-23T02:33:56,{}
443124,email_submit,2024-02-23T02:34:26,{}
443178,funnel_start,2024-02-23T02:46:04,"{""funnel_type"": ""fasting""}"
443178,profile_start,2024-02-23T02:46:10,{}
443178,email_submit,2024-02-23T02:46:33,{}
443181,funnel_start,2024-02-23T02:46:49,"{""funnel_type"": ""fasting""}"
443178,paywall_show,2024-02-23T02:50:56,{}
443322,funnel_start,2024-02-23T03:19:56,"{""funnel_type"": ""activity""}"
443403,funnel_start,2024-02-23T03:40:04,"{""funnel_type"": ""activity""}"
443417,funnel_start,2024-02-23T03:41:39,"{""funnel_type"": ""activity""}"
443467,funnel_start,2024-02-23T03:59:26,"{""funnel_type"": ""fasting""}"
443467,profile_start,2024-02-23T03:59:41,{}
443467,email_submit,2024-02-23T04:00:20,{}
443525,funnel_start,2024-02-23T04:17:37,"{""funnel_type"": ""fasting""}"
443525,profile_start,2024-02-23T04:17:46,{}
443525,email_submit,2024-02-23T04:18:01,{}
443525,paywall_show,2024-02-23T04:22:51,{}
443958,funnel_start,2024-02-23T06:24:46,"{""funnel_type"": ""fasting""}"
443958,profile_start,2024-02-23T06:25:04,{}
443958,email_submit,2024-02-23T06:25:24,{}
443958,paywall_show,2024-02-23T06:32:13,{}
444203,funnel_start,2024-02-23T07:21:37,"{""funnel_type"": ""activity""}"
444203,profile_start,2024-02-23T07:21:42,{}
444344,funnel_start,2024-02-23T07:52:33,"{""funnel_type"": ""fasting""}"
444344,profile_start,2024-02-23T07:52:42,{}
444521,funnel_start,2024-02-23T08:28:47,"{""funnel_type"": ""fasting""}"
444521,profile_start,2024-02-23T08:28:50,{}
444521,email_submit,2024-02-23T08:29:06,{}
444521,paywall_show,2024-02-23T08:37:34,{}
444936,funnel_start,2024-02-23T09:42:40,"{""funnel_type"": ""fasting""}"
444936,profile_start,2024-02-23T09:42:51,{}
444936,email_submit,2024-02-23T09:43:10,{}
444936,paywall_show,2024-02-23T09:57:42,{}
444936,payment_done,2024-02-23T09:58:59,{}
445037,funnel_start,2024-02-23T10:01:37,"{""funnel_type"": ""fasting""}"
445037,profile_start,2024-02-23T10:01:46,{}
445037,email_submit,2024-02-23T10:02:29,{}
445037,paywall_show,2024-02-23T10:11:27,{}
445585,funnel_start,2024-02-23T11:34:22,"{""funnel_type"": ""fasting""}"
445585,profile_start,2024-02-23T11:34:28,{}
445585,email_submit,2024-02-23T11:34:49,{}
445585,paywall_show,2024-02-23T11:42:35,{}
446193,funnel_start,2024-02-23T13:25:01,"{""funnel_type"": ""fasting""}"
446193,profile_start,2024-02-23T13:25:04,{}
446193,email_submit,2024-02-23T13:25:21,{}
446193,paywall_show,2024-02-23T13:41:12,{}
446355,funnel_start,2024-02-23T13:55:56,"{""funnel_type"": ""activity""}"
446355,profile_start,2024-02-23T13:56:11,{}
446355,email_submit,2024-02-23T13:56:25,{}
446355,paywall_show,2024-02-23T14:04:28,{}
446921,funnel_start,2024-02-23T15:31:08,"{""funnel_type"": ""fasting""}"
446921,profile_start,2024-02-23T15:31:17,{}
446921,email_submit,2024-02-23T15:31:52,{}
447399,funnel_start,2024-02-23T16:52:38,"{""funnel_type"": ""activity""}"
447399,profile_start,2024-02-23T16:52:56,{}
447399,email_submit,2024-02-23T16:53:12,{}
447420,funnel_start,2024-02-23T16:55:50,"{""funnel_type"": ""fasting""}"
447420,experiment_exposure,2024-02-23T16:55:55,"{""experiment_name"": ""exp_7"", ""experiment_group"": ""test""}"
447420,profile_start,2024-02-23T16:55:55,{}
447420,email_submit,2024-02-23T16:56:29,{}
447399,paywall_show,2024-02-23T17:01:09,{}
447420,paywall_show,2024-02-23T17:06:28,{}
447755,funnel_start,2024-02-23T17:47:51,"{""funnel_type"": ""fasting""}"
447795,funnel_start,2024-02-23T17:55:01,"{""funnel_type"": ""activity""}"
447795,profile_start,2024-02-23T17:55:09,{}
447795,experiment_exposure,2024-02-23T17:55:09,"{""experiment_name"": ""exp_7"", ""experiment_group"": ""control""}"
447795,email_submit,2024-02-23T17:55:52,{}
447795,paywall_show,2024-02-23T18:00:37,{}
447841,funnel_start,2024-02-23T18:01:42,"{""funnel_type"": ""fasting""}"
447841,profile_start,2024-02-23T18:01:58,{}
447841,email_submit,2024-02-23T18:02:37,{}
447841,paywall_show,2024-02-23T18:08:26,{}
448116,funnel_start,2024-02-23T18:46:29,"{""funnel_type"": ""fasting""}"
448287,funnel_start,2024-02-23T19:10:57,"{""funnel_type"": ""fasting""}"
448287,profile_start,2024-02-23T19:11:11,{}
448472,funnel_start,2024-02-23T19:36:53,"{""funnel_type"": ""fasting""}"
448472,profile_start,2024-02-23T19:37:08,{}
448472,email_submit,2024-02-23T19:37:29,{}
448472,paywall_show,2024-02-23T19:43:27,{}
448575,funnel_start,2024-02-23T19:51:10,"{""funnel_type"": ""fasting""}"
448575,experiment_exposure,2024-02-23T19:51:31,"{""experiment_name"": ""exp_7"", ""experiment_group"": ""test""}"
448575,profile_start,2024-02-23T19:51:31,{}
448575,email_submit,2024-02-23T19:51:54,{}
448575,paywall_show,2024-02-23T19:55:21,{}
448639,funnel_start,2024-02-23T20:03:13,"{""funnel_type"": ""fasting""}"
448639,profile_start,2024-02-23T20:03:25,{}
448639,email_submit,2024-02-23T20:03:58,{}
448639,paywall_show,2024-02-23T20:14:25,{}
449002,funnel_start,2024-02-23T20:52:49,"{""funnel_type"": ""fasting""}"
449002,experiment_exposure,2024-02-23T20:52:59,"{""experiment_name"": ""exp_7"", ""experiment_group"": ""control""}"
449002,profile_start,2024-02-23T20:52:59,{}
449002,email_submit,2024-02-23T20:53:18,{}
449002,paywall_show,2024-02-23T21:11:33,{}
449573,funnel_start,2024-02-23T22:06:17,"{""funnel_type"": ""yoga""}"
449573,profile_start,2024-02-23T22:06:45,{}
449596,funnel_start,2024-02-23T22:08:53,"{""funnel_type"": ""activity""}"
449596,profile_start,2024-02-23T22:08:59,{}
449596,email_submit,2024-02-23T22:09:12,{}
449573,paywall_show,2024-02-23T22:15:01,{}
449596,paywall_show,2024-02-23T22:18:33,{}
449773,funnel_start,2024-02-23T22:28:28,"{""funnel_type"": ""fasting""}"
449773,profile_start,2024-02-23T22:28:38,{}
449773,email_submit,2024-02-23T22:28:52,{}
449773,paywall_show,2024-02-23T22:32:01,{}
449866,funnel_start,2024-02-23T22:39:40,"{""funnel_type"": ""yoga""}"
449866,profile_start,2024-02-23T22:39:55,{}
449866,paywall_show,2024-02-23T22:52:21,{}
449866,payment_done,2024-02-23T22:53:11,{}
449866,email_submit,2024-02-23T22:53:27,{}
450051,funnel_start,2024-02-23T22:58:15,"{""funnel_type"": ""fasting""}"
450051,profile_start,2024-02-23T22:58:26,{}
450051,email_submit,2024-02-23T22:58:43,{}
450102,funnel_start,2024-02-23T23:03:55,"{""funnel_type"": ""yoga""}"
450102,profile_start,2024-02-23T23:04:21,{}
450051,paywall_show,2024-02-23T23:04:55,{}
450173,funnel_start,2024-02-23T23:13:03,"{""funnel_type"": ""activity""}"
450173,profile_start,2024-02-23T23:13:14,{}
450173,email_submit,2024-02-23T23:13:29,{}
450102,paywall_show,2024-02-23T23:15:57,{}
450173,paywall_show,2024-02-23T23:16:37,{}
450697,funnel_start,2024-02-24T00:22:12,"{""funnel_type"": ""fasting""}"
450822,funnel_start,2024-02-24T00:39:57,"{""funnel_type"": ""fasting""}"
450822,profile_start,2024-02-24T00:40:05,{}
451079,funnel_start,2024-02-24T01:23:58,"{""funnel_type"": ""fasting""}"
451260,funnel_start,2024-02-24T01:54:34,"{""funnel_type"": ""activity""}"
451260,profile_start,2024-02-24T01:54:46,{}
451260,experiment_exposure,2024-02-24T01:54:46,"{""experiment_name"": ""exp_7"", ""experiment_group"": ""test""}"
451260,email_submit,2024-02-24T01:55:10,{}
451884,funnel_start,2024-02-24T04:19:20,"{""funnel_type"": ""fasting""}"
452144,funnel_start,2024-02-24T05:37:09,"{""funnel_type"": ""activity""}"
452447,funnel_start,2024-02-24T06:46:02,"{""funnel_type"": ""activity""}"
452447,profile_start,2024-02-24T06:46:07,{}
452447,email_submit,2024-02-24T06:46:35,{}
452447,paywall_show,2024-02-24T06:50:43,{}
453277,funnel_start,2024-02-24T09:29:20,"{""funnel_type"": ""fasting""}"
453277,profile_start,2024-02-24T09:29:43,{}
453321,funnel_start,2024-02-24T09:37:53,"{""funnel_type"": ""fasting""}"
453321,profile_start,2024-02-24T09:38:09,{}
453321,email_submit,2024-02-24T09:38:43,{}
453321,paywall_show,2024-02-24T09:46:22,{}
453321,payment_done,2024-02-24T09:49:24,{}
453535,funnel_start,2024-02-24T10:15:25,"{""funnel_type"": ""activity""}"
453535,profile_start,2024-02-24T10:15:34,{}
453535,email_submit,2024-02-24T10:15:52,{}
453535,paywall_show,2024-02-24T10:22:10,{}
453619,funnel_start,2024-02-24T10:32:32,"{""funnel_type"": ""fasting""}"
453619,profile_start,2024-02-24T10:32:40,{}
453619,email_submit,2024-02-24T10:33:07,{}
453619,paywall_show,2024-02-24T10:48:59,{}
453940,funnel_start,2024-02-24T11:25:48,"{""funnel_type"": ""fasting""}"
453940,profile_start,2024-02-24T11:26:13,{}
453940,email_submit,2024-02-24T11:26:48,{}
453940,paywall_show,2024-02-24T11:37:41,{}
454552,funnel_start,2024-02-24T13:10:48,"{""funnel_type"": ""activity""}"
454936,funnel_start,2024-02-24T14:15:22,"{""funnel_type"": ""fasting""}"
454939,funnel_start,2024-02-24T14:15:29,"{""funnel_type"": ""fasting""}"
454936,profile_start,2024-02-24T14:15:32,{}
454939,profile_start,2024-02-24T14:15:34,{}
454936,email_submit,2024-02-24T14:15:58,{}
454939,email_submit,2024-02-24T14:16:12,{}
454936,paywall_show,2024-02-24T14:21:59,{}
454939,paywall_show,2024-02-24T14:23:47,{}
455034,funnel_start,2024-02-24T14:30:58,"{""funnel_type"": ""fasting""}"
455034,profile_start,2024-02-24T14:31:09,{}
455034,email_submit,2024-02-24T14:31:26,{}
455034,paywall_show,2024-02-24T14:36:19,{}
455034,payment_done,2024-02-24T14:36:48,{}
455297,funnel_start,2024-02-24T15:14:56,"{""funnel_type"": ""fasting""}"
455297,profile_start,2024-02-24T15:15:02,{}
455297,email_submit,2024-02-24T15:15:25,{}
455297,paywall_show,2024-02-24T15:20:34,{}
455338,funnel_start,2024-02-24T15:22:08,"{""funnel_type"": ""fasting""}"
455338,profile_start,2024-02-24T15:22:21,{}
455338,email_submit,2024-02-24T15:22:44,{}
455701,funnel_start,2024-02-24T16:22:06,"{""funnel_type"": ""fasting""}"
455701,profile_start,2024-02-24T16:22:12,{}
455701,email_submit,2024-02-24T16:22:38,{}
455714,funnel_start,2024-02-24T16:24:10,"{""funnel_type"": ""fasting""}"
455730,funnel_start,2024-02-24T16:27:42,"{""funnel_type"": ""fasting""}"
455730,profile_start,2024-02-24T16:27:54,{}
455701,paywall_show,2024-02-24T16:31:08,{}
455913,funnel_start,2024-02-24T17:02:02,"{""funnel_type"": ""activity""}"
455913,profile_start,2024-02-24T17:02:12,{}
455913,email_submit,2024-02-24T17:02:31,{}
455913,paywall_show,2024-02-24T17:08:05,{}
456078,funnel_start,2024-02-24T17:26:17,"{""funnel_type"": ""fasting""}"
456286,funnel_start,2024-02-24T18:00:11,"{""funnel_type"": ""yoga""}"
456286,profile_start,2024-02-24T18:00:25,{}
456328,funnel_start,2024-02-24T18:06:31,"{""funnel_type"": ""fasting""}"
456328,experiment_exposure,2024-02-24T18:06:37,"{""experiment_name"": ""exp_7"", ""experiment_group"": ""control""}"
456328,profile_start,2024-02-24T18:06:37,{}
456328,email_submit,2024-02-24T18:06:53,{}
456286,paywall_show,2024-02-24T18:12:29,{}
456377,funnel_start,2024-02-24T18:12:55,"{""funnel_type"": ""fasting""}"
456377,profile_start,2024-02-24T18:13:10,{}
456328,paywall_show,2024-02-24T18:15:24,{}
456675,funnel_start,2024-02-24T18:58:46,"{""funnel_type"": ""fasting""}"
456700,funnel_start,2024-02-24T19:02:02,"{""funnel_type"": ""activity""}"
456700,profile_start,2024-02-24T19:02:07,{}
456700,email_submit,2024-02-24T19:02:31,{}
456700,paywall_show,2024-02-24T19:07:53,{}
456769,funnel_start,2024-02-24T19:11:47,"{""funnel_type"": ""fasting""}"
456769,profile_start,2024-02-24T19:12:10,{}
456769,email_submit,2024-02-24T19:12:28,{}
456769,paywall_show,2024-02-24T19:18:12,{}
456862,funnel_start,2024-02-24T19:23:16,"{""funnel_type"": ""yoga""}"
456902,funnel_start,2024-02-24T19:28:37,"{""funnel_type"": ""fasting""}"
456902,profile_start,2024-02-24T19:28:49,{}
456902,email_submit,2024-02-24T19:29:02,{}
456902,paywall_show,2024-02-24T19:33:03,{}
456942,funnel_start,2024-02-24T19:36:49,"{""funnel_type"": ""fasting""}"
457101,funnel_start,2024-02-24T19:58:28,"{""funnel_type"": ""activity""}"
457101,profile_start,2024-02-24T19:58:39,{}
457101,email_submit,2024-02-24T19:58:54,{}
457257,funnel_start,2024-02-24T20:20:03,"{""funnel_type"": ""fasting""}"
457257,profile_start,2024-02-24T20:20:18,{}
457257,experiment_exposure,2024-02-24T20:20:18,"{""experiment_name"": ""exp_7"", ""experiment_group"": ""test""}"
457257,email_submit,2024-02-24T20:20:36,{}
457257,paywall_show,2024-02-24T20:47:55,{}
458145,funnel_start,2024-02-24T22:21:31,"{""funnel_type"": ""fasting""}"
458145,profile_start,2024-02-24T22:21:42,{}
458145,email_submit,2024-02-24T22:22:07,{}
458145,paywall_show,2024-02-24T22:34:16,{}
458309,funnel_start,2024-02-24T22:41:04,"{""funnel_type"": ""fasting""}"
458352,funnel_start,2024-02-24T22:46:38,"{""funnel_type"": ""fasting""}"
458903,funnel_start,2024-02-24T23:53:42,"{""funnel_type"": ""activity""}"
459058,funnel_start,2024-02-25T00:16:33,"{""funnel_type"": ""activity""}"
459214,funnel_start,2024-02-25T00:35:19,"{""funnel_type"": ""fasting""}"
459277,funnel_start,2024-02-25T00:44:56,"{""funnel_type"": ""yoga""}"
459277,profile_start,2024-02-25T00:45:16,{}
459638,funnel_start,2024-02-25T01:45:23,"{""funnel_type"": ""fasting""}"
459638,profile_start,2024-02-25T01:45:31,{}
459877,funnel_start,2024-02-25T02:31:03,"{""funnel_type"": ""fasting""}"
459877,profile_start,2024-02-25T02:31:21,{}
459877,email_submit,2024-02-25T02:31:56,{}
459877,paywall_show,2024-02-25T02:49:27,{}
460021,funnel_start,2024-02-25T03:02:08,"{""funnel_type"": ""activity""}"
460021,profile_start,2024-02-25T03:02:15,{}
460021,email_submit,2024-02-25T03:02:27,{}
460021,paywall_show,2024-02-25T03:07:41,{}
460180,funnel_start,2024-02-25T03:42:14,"{""funnel_type"": ""activity""}"
460319,funnel_start,2024-02-25T04:22:43,"{""funnel_type"": ""activity""}"
460319,profile_start,2024-02-25T04:22:49,{}
460373,funnel_start,2024-02-25T04:39:35,"{""funnel_type"": ""yoga""}"
460373,profile_start,2024-02-25T04:39:44,{}
460437,funnel_start,2024-02-25T05:02:08,"{""funnel_type"": ""fasting""}"
460437,profile_start,2024-02-25T05:02:19,{}
460437,email_submit,2024-02-25T05:02:54,{}
460470,funnel_start,2024-02-25T05:11:33,"{""funnel_type"": ""activity""}"
460470,profile_start,2024-02-25T05:11:41,{}
460437,paywall_show,2024-02-25T05:11:52,{}
460470,email_submit,2024-02-25T05:11:58,{}
460470,paywall_show,2024-02-25T05:18:10,{}
460525,funnel_start,2024-02-25T05:24:27,"{""funnel_type"": ""fasting""}"
460525,profile_start,2024-02-25T05:24:42,{}
460525,email_submit,2024-02-25T05:25:14,{}
460525,paywall_show,2024-02-25T05:29:18,{}
460939,funnel_start,2024-02-25T07:16:09,"{""funnel_type"": ""activity""}"
460939,profile_start,2024-02-25T07:16:16,{}
460939,email_submit,2024-02-25T07:16:48,{}
460939,paywall_show,2024-02-25T07:22:50,{}
460939,payment_done,2024-02-25T07:25:15,{}
461074,funnel_start,2024-02-25T07:46:24,"{""funnel_type"": ""fasting""}"
461074,profile_start,2024-02-25T07:46:33,{}
461074,email_submit,2024-02-25T07:47:16,{}
461113,funnel_start,2024-02-25T07:52:42,"{""funnel_type"": ""activity""}"
461113,profile_start,2024-02-25T07:52:48,{}
461113,email_submit,2024-02-25T07:52:59,{}
461074,paywall_show,2024-02-25T07:53:13,{}
461113,paywall_show,2024-02-25T07:57:27,{}
461162,funnel_start,2024-02-25T08:00:43,"{""funnel_type"": ""activity""}"
461162,profile_start,2024-02-25T08:01:09,{}
461162,email_submit,2024-02-25T08:01:21,{}
461162,paywall_show,2024-02-25T08:03:25,{}
461353,funnel_start,2024-02-25T08:37:12,"{""funnel_type"": ""fasting""}"
461524,funnel_start,2024-02-25T09:12:07,"{""funnel_type"": ""yoga""}"
461524,profile_start,2024-02-25T09:12:22,{}
461539,funnel_start,2024-02-25T09:14:58,"{""funnel_type"": ""activity""}"
461539,profile_start,2024-02-25T09:15:05,{}
461539,email_submit,2024-02-25T09:15:23,{}
461539,paywall_show,2024-02-25T09:24:13,{}
461524,paywall_show,2024-02-25T09:30:18,{}
461961,funnel_start,2024-02-25T10:30:53,"{""funnel_type"": ""fasting""}"
461961,profile_start,2024-02-25T10:31:08,{}
461961,email_submit,2024-02-25T10:31:23,{}
461961,paywall_show,2024-02-25T10:40:22,{}
462287,funnel_start,2024-02-25T11:32:20,"{""funnel_type"": ""fasting""}"
462287,profile_start,2024-02-25T11:32:30,{}
462287,email_submit,2024-02-25T11:32:41,{}
462287,paywall_show,2024-02-25T11:44:03,{}
462369,funnel_start,2024-02-25T11:44:07,"{""funnel_type"": ""fasting""}"
462369,experiment_exposure,2024-02-25T11:44:19,"{""experiment_name"": ""exp_7"", ""experiment_group"": ""control""}"
462369,profile_start,2024-02-25T11:44:19,{}
462369,email_submit,2024-02-25T11:44:37,{}
462369,paywall_show,2024-02-25T11:50:49,{}
462442,funnel_start,2024-02-25T11:56:12,"{""funnel_type"": ""activity""}"
462525,funnel_start,2024-02-25T12:14:14,"{""funnel_type"": ""fasting""}"
462525,profile_start,2024-02-25T12:14:22,{}
462525,email_submit,2024-02-25T12:14:43,{}
462525,paywall_show,2024-02-25T12:18:53,{}
462766,funnel_start,2024-02-25T12:57:48,"{""funnel_type"": ""fasting""}"
462766,profile_start,2024-02-25T12:57:59,{}
462766,email_submit,2024-02-25T12:58:18,{}
463098,funnel_start,2024-02-25T14:01:34,"{""funnel_type"": ""fasting""}"
463098,profile_start,2024-02-25T14:01:52,{}
463098,email_submit,2024-02-25T14:02:55,{}
463098,paywall_show,2024-02-25T14:07:16,{}
463431,funnel_start,2024-02-25T14:56:55,"{""funnel_type"": ""activity""}"
463455,funnel_start,2024-02-25T15:01:33,"{""funnel_type"": ""yoga""}"
463455,profile_start,2024-02-25T15:01:43,{}
463475,funnel_start,2024-02-25T15:04:53,"{""funnel_type"": ""activity""}"
463455,paywall_show,2024-02-25T15:09:26,{}
463858,funnel_start,2024-02-25T16:07:20,"{""funnel_type"": ""activity""}"
463858,profile_start,2024-02-25T16:07:26,{}
463858,email_submit,2024-02-25T16:07:41,{}
463858,paywall_show,2024-02-25T16:12:19,{}
463910,funnel_start,2024-02-25T16:15:35,"{""funnel_type"": ""fasting""}"
463910,profile_start,2024-02-25T16:15:44,{}
463910,email_submit,2024-02-25T16:16:00,{}
464016,funnel_start,2024-02-25T16:31:50,"{""funnel_type"": ""yoga""}"
464016,profile_start,2024-02-25T16:32:05,{}
464016,paywall_show,2024-02-25T16:39:35,{}
464359,funnel_start,2024-02-25T17:33:06,"{""funnel_type"": ""activity""}"
464359,profile_start,2024-02-25T17:33:19,{}
464359,email_submit,2024-02-25T17:33:35,{}
464359,paywall_show,2024-02-25T17:40:56,{}
464454,funnel_start,2024-02-25T17:50:30,"{""funnel_type"": ""activity""}"
464454,profile_start,2024-02-25T17:50:34,{}
464454,email_submit,2024-02-25T17:51:03,{}
464454,paywall_show,2024-02-25T17:56:12,{}
464500,funnel_start,2024-02-25T17:57:38,"{""funnel_type"": ""fasting""}"
464500,profile_start,2024-02-25T17:57:51,{}
464500,email_submit,2024-02-25T17:58:13,{}
464513,funnel_start,2024-02-25T17:59:33,"{""funnel_type"": ""fasting""}"
464513,profile_start,2024-02-25T17:59:40,{}
464970,funnel_start,2024-02-25T19:10:09,"{""funnel_type"": ""activity""}"
464970,profile_start,2024-02-25T19:10:15,{}
464970,email_submit,2024-02-25T19:10:46,{}
464970,paywall_show,2024-02-25T19:17:39,{}
465367,funnel_start,2024-02-25T20:06:52,"{""funnel_type"": ""fasting""}"
465367,profile_start,2024-02-25T20:07:16,{}
465367,email_submit,2024-02-25T20:07:47,{}
465372,funnel_start,2024-02-25T20:08:01,"{""funnel_type"": ""activity""}"
465367,paywall_show,2024-02-25T20:27:37,{}
465620,funnel_start,2024-02-25T20:39:49,"{""funnel_type"": ""activity""}"
465740,funnel_start,2024-02-25T20:56:57,"{""funnel_type"": ""activity""}"
465775,funnel_start,2024-02-25T21:01:06,"{""funnel_type"": ""fasting""}"
465775,profile_start,2024-02-25T21:01:11,{}
465775,email_submit,2024-02-25T21:01:40,{}
465775,paywall_show,2024-02-25T21:10:21,{}
465909,funnel_start,2024-02-25T21:19:41,"{""funnel_type"": ""fasting""}"
466439,funnel_start,2024-02-25T22:28:26,"{""funnel_type"": ""fasting""}"
466439,profile_start,2024-02-25T22:28:56,{}
466439,experiment_exposure,2024-02-25T22:28:56,"{""experiment_name"": ""exp_7"", ""experiment_group"": ""control""}"
466472,funnel_start,2024-02-25T22:32:28,"{""funnel_type"": ""activity""}"
466472,profile_start,2024-02-25T22:32:34,{}
466472,email_submit,2024-02-25T22:32:57,{}
466472,paywall_show,2024-02-25T22:42:41,{}
466663,funnel_start,2024-02-25T22:52:17,"{""funnel_type"": ""fasting""}"
466663,profile_start,2024-02-25T22:52:26,{}
467123,funnel_start,2024-02-25T23:49:07,"{""funnel_type"": ""fasting""}"
467123,profile_start,2024-02-25T23:49:31,{}
467123,email_submit,2024-02-25T23:50:03,{}
467205,funnel_start,2024-02-25T23:58:21,"{""funnel_type"": ""activity""}"
467205,profile_start,2024-02-25T23:58:27,{}
467205,email_submit,2024-02-25T23:58:46,{}
467123,paywall_show,2024-02-26T00:01:53,{}
467205,paywall_show,2024-02-26T00:06:08,{}
467398,funnel_start,2024-02-26T00:30:12,"{""funnel_type"": ""fasting""}"
467398,profile_start,2024-02-26T00:30:22,{}
467398,experiment_exposure,2024-02-26T00:30:22,"{""experiment_name"": ""exp_7"", ""experiment_group"": ""control""}"
467406,funnel_start,2024-02-26T00:31:43,"{""funnel_type"": ""activity""}"
467418,funnel_start,2024-02-26T00:32:46,"{""funnel_type"": ""fasting""}"
467418,profile_start,2024-02-26T00:33:02,{}
467427,funnel_start,2024-02-26T00:34:33,"{""funnel_type"": ""fasting""}"
467783,funnel_start,2024-02-26T01:26:54,"{""funnel_type"": ""fasting""}"
467783,profile_start,2024-02-26T01:27:10,{}
467783,email_submit,2024-02-26T01:27:50,{}
467783,paywall_show,2024-02-26T01:32:24,{}
468079,funnel_start,2024-02-26T02:22:52,"{""funnel_type"": ""fasting""}"
468079,experiment_exposure,2024-02-26T02:22:58,"{""experiment_name"": ""exp_7"", ""experiment_group"": ""test""}"
468079,profile_start,2024-02-26T02:22:58,{}
468079,email_submit,2024-02-26T02:23:12,{}
468079,paywall_show,2024-02-26T02:35:05,{}
468277,funnel_start,2024-02-26T03:04:02,"{""funnel_type"": ""fasting""}"
468277,profile_start,2024-02-26T03:04:09,{}
468277,email_submit,2024-02-26T03:04:30,{}
468277,paywall_show,2024-02-26T03:10:55,{}
468410,funnel_start,2024-02-26T03:40:57,"{""funnel_type"": ""fasting""}"
468532,funnel_start,2024-02-26T04:11:02,"{""funnel_type"": ""activity""}"
468532,profile_start,2024-02-26T04:11:07,{}
468532,email_submit,2024-02-26T04:11:21,{}
468532,paywall_show,2024-02-26T04:26:27,{}
469322,funnel_start,2024-02-26T07:39:44,"{""funnel_type"": ""fasting""}"
469322,profile_start,2024-02-26T07:39:59,{}
469322,email_submit,2024-02-26T07:40:24,{}
469322,paywall_show,2024-02-26T07:57:25,{}
469556,funnel_start,2024-02-26T08:28:55,"{""funnel_type"": ""activity""}"
469556,profile_start,2024-02-26T08:29:03,{}
469577,funnel_start,2024-02-26T08:32:36,"{""funnel_type"": ""yoga""}"
469577,profile_start,2024-02-26T08:32:47,{}
469577,paywall_show,2024-02-26T08:40:00,{}
469702,funnel_start,2024-02-26T08:59:22,"{""funnel_type"": ""activity""}"
469702,profile_start,2024-02-26T08:59:32,{}
469702,email_submit,2024-02-26T08:59:50,{}
469705,funnel_start,2024-02-26T09:00:08,"{""funnel_type"": ""activity""}"
469705,profile_start,2024-02-26T09:00:17,{}
469705,email_submit,2024-02-26T09:00:29,{}
469705,paywall_show,2024-02-26T09:06:05,{}
469782,funnel_start,2024-02-26T09:15:55,"{""funnel_type"": ""fasting""}"
469782,profile_start,2024-02-26T09:16:13,{}
469782,email_submit,2024-02-26T09:16:43,{}
469957,funnel_start,2024-02-26T09:44:19,"{""funnel_type"": ""fasting""}"
469957,profile_start,2024-02-26T09:44:24,{}
469957,email_submit,2024-02-26T09:45:03,{}
469957,paywall_show,2024-02-26T09:51:21,{}
470128,funnel_start,2024-02-26T10:17:14,"{""funnel_type"": ""activity""}"
470148,funnel_start,2024-02-26T10:21:32,"{""funnel_type"": ""yoga""}"
470338,funnel_start,2024-02-26T10:52:53,"{""funnel_type"": ""fasting""}"
470338,profile_start,2024-02-26T10:53:07,{}
470338,email_submit,2024-02-26T10:53:32,{}
470381,funnel_start,2024-02-26T10:58:59,"{""funnel_type"": ""activity""}"
470381,profile_start,2024-02-26T10:59:04,{}
470381,email_submit,2024-02-26T10:59:29,{}
470338,paywall_show,2024-02-26T11:00:41,{}
470468,funnel_start,2024-02-26T11:14:43,"{""funnel_type"": ""fasting""}"
470468,profile_start,2024-02-26T11:14:54,{}
470468,email_submit,2024-02-26T11:15:20,{}
470468,paywall_show,2024-02-26T11:18:59,{}
470517,funnel_start,2024-02-26T11:23:26,"{""funnel_type"": ""fasting""}"
470517,profile_start,2024-02-26T11:23:43,{}
470517,email_submit,2024-02-26T11:23:49,{}
470753,funnel_start,2024-02-26T12:06:24,"{""funnel_type"": ""fasting""}"
470753,profile_start,2024-02-26T12:06:33,{}
470753,email_submit,2024-02-26T12:06:55,{}
470773,funnel_start,2024-02-26T12:10:01,"{""funnel_type"": ""fasting""}"
470773,profile_start,2024-02-26T12:10:24,{}
470773,email_submit,2024-02-26T12:10:50,{}
470753,paywall_show,2024-02-26T12:11:24,{}
470773,paywall_show,2024-02-26T12:22:24,{}
470883,funnel_start,2024-02-26T12:31:29,"{""funnel_type"": ""activity""}"
470883,profile_start,2024-02-26T12:31:36,{}
470883,email_submit,2024-02-26T12:31:43,{}
470899,funnel_start,2024-02-26T12:33:18,"{""funnel_type"": ""fasting""}"
470941,funnel_start,2024-02-26T12:39:52,"{""funnel_type"": ""fasting""}"
470941,profile_start,2024-02-26T12:40:01,{}
471263,funnel_start,2024-02-26T13:40:24,"{""funnel_type"": ""activity""}"
471269,funnel_start,2024-02-26T13:40:41,"{""funnel_type"": ""fasting""}"
471269,profile_start,2024-02-26T13:40:45,{}
471269,email_submit,2024-02-26T13:41:19,{}
471430,funnel_start,2024-02-26T14:11:40,"{""funnel_type"": ""fasting""}"
471430,profile_start,2024-02-26T14:11:53,{}
471430,email_submit,2024-02-26T14:12:17,{}
471883,funnel_start,2024-02-26T15:33:20,"{""funnel_type"": ""fasting""}"
471940,funnel_start,2024-02-26T15:43:23,"{""funnel_type"": ""activity""}"
471940,profile_start,2024-02-26T15:43:31,{}
472257,funnel_start,2024-02-26T16:41:13,"{""funnel_type"": ""fasting""}"
472257,experiment_exposure,2024-02-26T16:41:22,"{""experiment_name"": ""exp_7"", ""experiment_group"": ""test""}"
472257,profile_start,2024-02-26T16:41:22,{}
472257,email_submit,2024-02-26T16:41:35,{}
472285,funnel_start,2024-02-26T16:45:30,"{""funnel_type"": ""fasting""}"
472285,profile_start,2024-02-26T16:45:41,{}
472285,experiment_exposure,2024-02-26T16:45:41,"{""experiment_name"": ""exp_7"", ""experiment_group"": ""test""}"
472291,funnel_start,2024-02-26T16:45:56,"{""funnel_type"": ""fasting""}"
472291,experiment_exposure,2024-02-26T16:46:09,"{""experiment_name"": ""exp_7"", ""experiment_group"": ""test""}"
472291,profile_start,2024-02-26T16:46:09,{}
472291,email_submit,2024-02-26T16:46:21,{}
472315,funnel_start,2024-02-26T16:49:14,"{""funnel_type"": ""fasting""}"
472315,experiment_exposure,2024-02-26T16:49:32,"{""experiment_name"": ""exp_7"", ""experiment_group"": ""control""}"
472315,profile_start,2024-02-26T16:49:32,{}
472315,email_submit,2024-02-26T16:49:57,{}
472291,paywall_show,2024-02-26T16:50:22,{}
472434,funnel_start,2024-02-26T17:08:45,"{""funnel_type"": ""activity""}"
472701,funnel_start,2024-02-26T17:56:04,"{""funnel_type"": ""fasting""}"
472701,profile_start,2024-02-26T17:56:08,{}
472701,email_submit,2024-02-26T17:56:24,{}
472701,paywall_show,2024-02-26T18:02:20,{}
472824,funnel_start,2024-02-26T18:19:01,"{""funnel_type"": ""activity""}"
472867,funnel_start,2024-02-26T18:26:12,"{""funnel_type"": ""activity""}"
472867,profile_start,2024-02-26T18:26:20,{}
472867,email_submit,2024-02-26T18:26:31,{}
472867,paywall_show,2024-02-26T18:44:35,{}
472867,payment_done,2024-02-26T18:45:58,{}
473016,funnel_start,2024-02-26T18:48:42,"{""funnel_type"": ""fasting""}"
473016,profile_start,2024-02-26T18:49:00,{}
473016,email_submit,2024-02-26T18:49:30,{}
473016,paywall_show,2024-02-26T18:58:32,{}
473016,payment_done,2024-02-26T19:00:28,{}
473587,funnel_start,2024-02-26T20:12:58,"{""funnel_type"": ""yoga""}"
473587,profile_start,2024-02-26T20:13:27,{}
473587,paywall_show,2024-02-26T20:22:08,{}
473749,funnel_start,2024-02-26T20:32:09,"{""funnel_type"": ""yoga""}"
473749,profile_start,2024-02-26T20:32:17,{}
473749,paywall_show,2024-02-26T20:49:00,{}
473883,funnel_start,2024-02-26T20:51:01,"{""funnel_type"": ""fasting""}"
473883,profile_start,2024-02-26T20:51:22,{}
473883,email_submit,2024-02-26T20:51:49,{}
473883,paywall_show,2024-02-26T21:00:21,{}
474166,funnel_start,2024-02-26T21:30:33,"{""funnel_type"": ""activity""}"
474166,profile_start,2024-02-26T21:30:37,{}
474256,funnel_start,2024-02-26T21:40:00,"{""funnel_type"": ""activity""}"
474256,profile_start,2024-02-26T21:40:08,{}
474256,email_submit,2024-02-26T21:40:25,{}
474264,funnel_start,2024-02-26T21:40:52,"{""funnel_type"": ""fasting""}"
474264,profile_start,2024-02-26T21:41:07,{}
474264,email_submit,2024-02-26T21:41:30,{}
474264,paywall_show,2024-02-26T21:46:57,{}
474533,funnel_start,2024-02-26T22:14:44,"{""funnel_type"": ""activity""}"
474533,profile_start,2024-02-26T22:14:49,{}
474533,experiment_exposure,2024-02-26T22:14:49,"{""experiment_name"": ""exp_7"", ""experiment_group"": ""control""}"
474533,email_submit,2024-02-26T22:14:58,{}
474533,paywall_show,2024-02-26T22:18:55,{}
474811,funnel_start,2024-02-26T22:44:47,"{""funnel_type"": ""fasting""}"
474811,profile_start,2024-02-26T22:44:58,{}
474811,email_submit,2024-02-26T22:45:18,{}
474836,funnel_start,2024-02-26T22:47:55,"{""funnel_type"": ""fasting""}"
474811,paywall_show,2024-02-26T22:50:53,{}
474811,payment_done,2024-02-26T22:52:58,{}
475205,funnel_start,2024-02-26T23:34:19,"{""funnel_type"": ""fasting""}"
475276,funnel_start,2024-02-26T23:44:34,"{""funnel_type"": ""activity""}"
475276,profile_start,2024-02-26T23:44:50,{}
475276,email_submit,2024-02-26T23:45:01,{}
475276,paywall_show,2024-02-26T23:52:59,{}
475276,payment_done,2024-02-26T23:55:42,{}
475398,funnel_start,2024-02-26T23:58:56,"{""funnel_type"": ""yoga""}"
475398,experiment_exposure,2024-02-26T23:59:21,"{""experiment_name"": ""exp_7"", ""experiment_group"": ""control""}"
475398,profile_start,2024-02-26T23:59:21,{}
475398,paywall_show,2024-02-27T00:05:18,{}
475456,funnel_start,2024-02-27T00:07:41,"{""funnel_type"": ""activity""}"
475637,funnel_start,2024-02-27T00:30:05,"{""funnel_type"": ""fasting""}"
475977,funnel_start,2024-02-27T01:27:05,"{""funnel_type"": ""activity""}"
475977,profile_start,2024-02-27T01:27:12,{}
475977,email_submit,2024-02-27T01:27:31,{}
475977,paywall_show,2024-02-27T01:33:26,{}
476176,funnel_start,2024-02-27T02:04:06,"{""funnel_type"": ""activity""}"
476176,profile_start,2024-02-27T02:04:11,{}
476176,email_submit,2024-02-27T02:04:41,{}
476176,paywall_show,2024-02-27T02:13:15,{}
476290,funnel_start,2024-02-27T02:31:28,"{""funnel_type"": ""fasting""}"
476755,funnel_start,2024-02-27T04:37:44,"{""funnel_type"": ""fasting""}"
476755,profile_start,2024-02-27T04:37:57,{}
476755,email_submit,2024-02-27T04:38:29,{}
476772,funnel_start,2024-02-27T04:41:11,"{""funnel_type"": ""fasting""}"
476772,profile_start,2024-02-27T04:41:23,{}
476772,email_submit,2024-02-27T04:41:49,{}
476772,paywall_show,2024-02-27T04:54:25,{}
476863,funnel_start,2024-02-27T05:09:10,"{""funnel_type"": ""fasting""}"
476863,profile_start,2024-02-27T05:09:18,{}
476863,email_submit,2024-02-27T05:09:46,{}
476878,funnel_start,2024-02-27T05:13:59,"{""funnel_type"": ""yoga""}"
476878,profile_start,2024-02-27T05:14:13,{}
476878,experiment_exposure,2024-02-27T05:14:13,"{""experiment_name"": ""exp_7"", ""experiment_group"": ""test""}"
476863,paywall_show,2024-02-27T05:15:18,{}
476878,paywall_show,2024-02-27T05:20:50,{}
476932,funnel_start,2024-02-27T05:34:25,"{""funnel_type"": ""fasting""}"
476932,profile_start,2024-02-27T05:34:32,{}
476932,email_submit,2024-02-27T05:34:55,{}
476936,funnel_start,2024-02-27T05:36:19,"{""funnel_type"": ""activity""}"
476936,profile_start,2024-02-27T05:36:25,{}
476936,email_submit,2024-02-27T05:36:44,{}
476932,paywall_show,2024-02-27T05:40:19,{}
476936,paywall_show,2024-02-27T05:44:02,{}
477362,funnel_start,2024-02-27T07:29:36,"{""funnel_type"": ""fasting""}"
477362,profile_start,2024-02-27T07:29:44,{}
477362,email_submit,2024-02-27T07:30:07,{}
477362,paywall_show,2024-02-27T07:38:57,{}
477598,funnel_start,2024-02-27T08:19:01,"{""funnel_type"": ""fasting""}"
477598,profile_start,2024-02-27T08:19:15,{}
477598,email_submit,2024-02-27T08:19:35,{}
477624,funnel_start,2024-02-27T08:24:40,"{""funnel_type"": ""yoga""}"
477624,profile_start,2024-02-27T08:24:46,{}
477598,paywall_show,2024-02-27T08:25:43,{}
477624,paywall_show,2024-02-27T08:30:13,{}
477820,funnel_start,2024-02-27T08:59:15,"{""funnel_type"": ""activity""}"
477902,funnel_start,2024-02-27T09:11:51,"{""funnel_type"": ""fasting""}"
477955,funnel_start,2024-02-27T09:20:57,"{""funnel_type"": ""fasting""}"
477955,profile_start,2024-02-27T09:21:05,{}
477955,email_submit,2024-02-27T09:21:25,{}
478021,funnel_start,2024-02-27T09:33:20,"{""funnel_type"": ""fasting""}"
477955,paywall_show,2024-02-27T09:34:59,{}
478457,funnel_start,2024-02-27T10:49:21,"{""funnel_type"": ""fasting""}"
478789,funnel_start,2024-02-27T11:45:11,"{""funnel_type"": ""activity""}"
479066,funnel_start,2024-02-27T12:34:25,"{""funnel_type"": ""activity""}"
479253,funnel_start,2024-02-27T13:11:46,"{""funnel_type"": ""activity""}"
479632,funnel_start,2024-02-27T14:22:25,"{""funnel_type"": ""fasting""}"
479632,profile_start,2024-02-27T14:22:33,{}
479632,email_submit,2024-02-27T14:23:06,{}
480275,funnel_start,2024-02-27T16:14:47,"{""funnel_type"": ""activity""}"
480275,profile_start,2024-02-27T16:14:55,{}
480275,email_submit,2024-02-27T16:15:26,{}
480275,paywall_show,2024-02-27T16:18:06,{}
480309,funnel_start,2024-02-27T16:20:25,"{""funnel_type"": ""yoga""}"
480309,profile_start,2024-02-27T16:20:36,{}
480309,paywall_show,2024-02-27T16:31:15,{}
480624,funnel_start,2024-02-27T17:13:01,"{""funnel_type"": ""fasting""}"
480624,profile_start,2024-02-27T17:13:10,{}
480624,email_submit,2024-02-27T17:13:30,{}
480643,funnel_start,2024-02-27T17:15:45,"{""funnel_type"": ""yoga""}"
480643,profile_start,2024-02-27T17:15:57,{}
480624,paywall_show,2024-02-27T17:29:26,{}
480643,paywall_show,2024-02-27T17:29:31,{}
480866,funnel_start,2024-02-27T17:48:55,"{""funnel_type"": ""fasting""}"
480866,profile_start,2024-02-27T17:49:03,{}
480866,email_submit,2024-02-27T17:49:33,{}
480909,funnel_start,2024-02-27T17:56:26,"{""funnel_type"": ""fasting""}"
480909,profile_start,2024-02-27T17:56:35,{}
480909,email_submit,2024-02-27T17:57:36,{}
480866,paywall_show,2024-02-27T17:59:46,{}
480989,funnel_start,2024-02-27T18:07:45,"{""funnel_type"": ""activity""}"
480989,profile_start,2024-02-27T18:07:55,{}
480994,funnel_start,2024-02-27T18:08:34,"{""funnel_type"": ""fasting""}"
480994,profile_start,2024-02-27T18:08:52,{}
480994,email_submit,2024-02-27T18:09:08,{}
480909,paywall_show,2024-02-27T18:09:16,{}
480994,paywall_show,2024-02-27T18:22:08,{}
481188,funnel_start,2024-02-27T18:40:22,"{""funnel_type"": ""fasting""}"
481188,profile_start,2024-02-27T18:40:38,{}
481188,email_submit,2024-02-27T18:41:24,{}
481188,paywall_show,2024-02-27T18:48:52,{}
481859,funnel_start,2024-02-27T20:23:47,"{""funnel_type"": ""fasting""}"
481859,profile_start,2024-02-27T20:24:04,{}
481859,email_submit,2024-02-27T20:24:32,{}
481859,paywall_show,2024-02-27T20:31:36,{}
481859,payment_done,2024-02-27T20:34:14,{}
482042,funnel_start,2024-02-27T20:48:12,"{""funnel_type"": ""activity""}"
482345,funnel_start,2024-02-27T21:26:23,"{""funnel_type"": ""fasting""}"
482345,profile_start,2024-02-27T21:26:32,{}
482345,email_submit,2024-02-27T21:27:32,{}
482345,paywall_show,2024-02-27T21:33:36,{}
482530,funnel_start,2024-02-27T21:45:38,"{""funnel_type"": ""fasting""}"
482530,profile_start,2024-02-27T21:45:46,{}
482530,email_submit,2024-02-27T21:46:12,{}
482579,funnel_start,2024-02-27T21:50:37,"{""funnel_type"": ""fasting""}"
482579,profile_start,2024-02-27T21:50:49,{}
482579,email_submit,2024-02-27T21:51:19,{}
482530,paywall_show,2024-02-27T21:57:22,{}
482579,paywall_show,2024-02-27T22:01:30,{}
482671,funnel_start,2024-02-27T22:02:27,"{""funnel_type"": ""fasting""}"
482671,experiment_exposure,2024-02-27T22:02:32,"{""experiment_name"": ""exp_7"", ""experiment_group"": ""control""}"
482671,profile_start,2024-02-27T22:02:32,{}
482671,email_submit,2024-02-27T22:02:55,{}
482671,paywall_show,2024-02-27T22:11:15,{}
482972,funnel_start,2024-02-27T22:36:02,"{""funnel_type"": ""fasting""}"
482972,profile_start,2024-02-27T22:36:10,{}
482972,email_submit,2024-02-27T22:36:29,{}
483087,funnel_start,2024-02-27T22:51:05,"{""funnel_type"": ""activity""}"
483087,profile_start,2024-02-27T22:51:16,{}
483615,funnel_start,2024-02-27T23:52:50,"{""funnel_type"": ""activity""}"
483615,profile_start,2024-02-27T23:52:57,{}
483615,email_submit,2024-02-27T23:53:23,{}
483615,paywall_show,2024-02-27T23:56:36,{}
483690,funnel_start,2024-02-28T00:03:24,"{""funnel_type"": ""fasting""}"
483690,profile_start,2024-02-28T00:03:33,{}
483690,experiment_exposure,2024-02-28T00:03:33,"{""experiment_name"": ""exp_7"", ""experiment_group"": ""control""}"
483690,email_submit,2024-02-28T00:03:45,{}
483690,paywall_show,2024-02-28T00:07:06,{}
484093,funnel_start,2024-02-28T01:01:22,"{""funnel_type"": ""fasting""}"
484093,profile_start,2024-02-28T01:01:29,{}
484093,email_submit,2024-02-28T01:02:05,{}
484093,paywall_show,2024-02-28T01:05:54,{}
484207,funnel_start,2024-02-28T01:19:23,"{""funnel_type"": ""fasting""}"
484207,profile_start,2024-02-28T01:19:27,{}
484207,email_submit,2024-02-28T01:19:40,{}
484207,paywall_show,2024-02-28T01:24:41,{}
484334,funnel_start,2024-02-28T01:44:26,"{""funnel_type"": ""yoga""}"
484334,profile_start,2024-02-28T01:44:47,{}
484361,funnel_start,2024-02-28T01:49:19,"{""funnel_type"": ""fasting""}"
484361,profile_start,2024-02-28T01:49:31,{}
484376,funnel_start,2024-02-28T01:51:06,"{""funnel_type"": ""fasting""}"
484436,funnel_start,2024-02-28T02:00:48,"{""funnel_type"": ""activity""}"
484436,experiment_exposure,2024-02-28T02:00:54,"{""experiment_name"": ""exp_7"", ""experiment_group"": ""test""}"
484436,profile_start,2024-02-28T02:00:54,{}
484334,paywall_show,2024-02-28T02:01:11,{}
484436,email_submit,2024-02-28T02:01:18,{}
484436,paywall_show,2024-02-28T02:09:30,{}
484770,funnel_start,2024-02-28T03:16:39,"{""funnel_type"": ""fasting""}"
484770,profile_start,2024-02-28T03:16:48,{}
484770,email_submit,2024-02-28T03:17:09,{}
484770,paywall_show,2024-02-28T03:26:56,{}
484904,funnel_start,2024-02-28T03:56:41,"{""funnel_type"": ""fasting""}"
484904,profile_start,2024-02-28T03:56:45,{}
484904,email_submit,2024-02-28T03:57:08,{}
484904,paywall_show,2024-02-28T04:00:27,{}
484989,funnel_start,2024-02-28T04:17:59,"{""funnel_type"": ""activity""}"
484989,profile_start,2024-02-28T04:18:07,{}
484989,email_submit,2024-02-28T04:18:24,{}
484989,paywall_show,2024-02-28T04:22:50,{}
485056,funnel_start,2024-02-28T04:39:26,"{""funnel_type"": ""activity""}"
485056,profile_start,2024-02-28T04:39:37,{}
485240,funnel_start,2024-02-28T05:36:54,"{""funnel_type"": ""fasting""}"
485240,profile_start,2024-02-28T05:37:08,{}
485240,email_submit,2024-02-28T05:37:26,{}
485240,paywall_show,2024-02-28T05:42:50,{}
485311,funnel_start,2024-02-28T05:56:15,"{""funnel_type"": ""fasting""}"
485311,profile_start,2024-02-28T05:56:28,{}
485311,email_submit,2024-02-28T05:57:04,{}
485311,paywall_show,2024-02-28T06:11:17,{}
485839,funnel_start,2024-02-28T07:56:34,"{""funnel_type"": ""yoga""}"
485839,profile_start,2024-02-28T07:56:50,{}
485839,paywall_show,2024-02-28T08:02:46,{}
486973,funnel_start,2024-02-28T11:13:53,"{""funnel_type"": ""fasting""}"
486973,profile_start,2024-02-28T11:13:59,{}
486973,email_submit,2024-02-28T11:14:37,{}
486979,funnel_start,2024-02-28T11:15:29,"{""funnel_type"": ""fasting""}"
486979,profile_start,2024-02-28T11:15:38,{}
486979,experiment_exposure,2024-02-28T11:15:38,"{""experiment_name"": ""exp_7"", ""experiment_group"": ""test""}"
486979,email_submit,2024-02-28T11:16:11,{}
486973,paywall_show,2024-02-28T11:22:35,{}
486979,paywall_show,2024-02-28T11:24:46,{}
487124,funnel_start,2024-02-28T11:39:23,"{""funnel_type"": ""yoga""}"
487124,profile_start,2024-02-28T11:39:30,{}
487131,funnel_start,2024-02-28T11:40:05,"{""funnel_type"": ""fasting""}"
487131,profile_start,2024-02-28T11:40:14,{}
487131,email_submit,2024-02-28T11:40:33,{}
487124,paywall_show,2024-02-28T11:43:09,{}
487131,paywall_show,2024-02-28T11:46:12,{}
487424,funnel_start,2024-02-28T12:33:33,"{""funnel_type"": ""fasting""}"
487576,funnel_start,2024-02-28T13:02:26,"{""funnel_type"": ""fasting""}"
487576,profile_start,2024-02-28T13:02:35,{}
487576,email_submit,2024-02-28T13:03:21,{}
487576,paywall_show,2024-02-28T13:13:18,{}
487922,funnel_start,2024-02-28T13:58:02,"{""funnel_type"": ""activity""}"
487922,profile_start,2024-02-28T13:58:12,{}
487922,experiment_exposure,2024-02-28T13:58:12,"{""experiment_name"": ""exp_7"", ""experiment_group"": ""control""}"
487922,email_submit,2024-02-28T13:58:29,{}
487922,paywall_show,2024-02-28T14:02:22,{}
488328,funnel_start,2024-02-28T15:10:04,"{""funnel_type"": ""fasting""}"
488328,profile_start,2024-02-28T15:10:15,{}
488469,funnel_start,2024-02-28T15:36:34,"{""funnel_type"": ""fasting""}"
488469,profile_start,2024-02-28T15:36:44,{}
488469,email_submit,2024-02-28T15:36:55,{}
488707,funnel_start,2024-02-28T16:18:17,"{""funnel_type"": ""fasting""}"
488707,profile_start,2024-02-28T16:18:29,{}
488708,funnel_start,2024-02-28T16:18:29,"{""funnel_type"": ""activity""}"
488708,profile_start,2024-02-28T16:18:36,{}
488708,email_submit,2024-02-28T16:18:55,{}
488707,email_submit,2024-02-28T16:19:14,{}
488708,paywall_show,2024-02-28T16:26:40,{}
488707,paywall_show,2024-02-28T16:29:15,{}
488856,funnel_start,2024-02-28T16:48:56,"{""funnel_type"": ""yoga""}"
488856,profile_start,2024-02-28T16:49:13,{}
488856,paywall_show,2024-02-28T16:55:49,{}
489053,funnel_start,2024-02-28T17:24:05,"{""funnel_type"": ""activity""}"
489053,profile_start,2024-02-28T17:24:09,{}
489079,funnel_start,2024-02-28T17:28:27,"{""funnel_type"": ""activity""}"
489113,funnel_start,2024-02-28T17:32:58,"{""funnel_type"": ""activity""}"
489113,profile_start,2024-02-28T17:33:08,{}
489113,email_submit,2024-02-28T17:33:30,{}
489113,paywall_show,2024-02-28T17:37:18,{}
489240,funnel_start,2024-02-28T17:53:28,"{""funnel_type"": ""activity""}"
489290,funnel_start,2024-02-28T18:00:34,"{""funnel_type"": ""fasting""}"
489290,profile_start,2024-02-28T18:00:47,{}
489290,email_submit,2024-02-28T18:01:09,{}
489290,paywall_show,2024-02-28T18:11:29,{}
489379,funnel_start,2024-02-28T18:13:49,"{""funnel_type"": ""fasting""}"
489379,profile_start,2024-02-28T18:14:02,{}
489379,email_submit,2024-02-28T18:14:22,{}
489379,paywall_show,2024-02-28T18:21:37,{}
489619,funnel_start,2024-02-28T18:52:53,"{""funnel_type"": ""activity""}"
489669,funnel_start,2024-02-28T19:01:53,"{""funnel_type"": ""fasting""}"
489669,profile_start,2024-02-28T19:02:01,{}
489669,email_submit,2024-02-28T19:02:14,{}
489669,paywall_show,2024-02-28T19:17:26,{}
490469,funnel_start,2024-02-28T20:58:49,"{""funnel_type"": ""activity""}"
490469,profile_start,2024-02-28T20:58:53,{}
490469,email_submit,2024-02-28T20:59:03,{}
490469,paywall_show,2024-02-28T21:03:17,{}
490877,funnel_start,2024-02-28T21:55:10,"{""funnel_type"": ""fasting""}"
490877,profile_start,2024-02-28T21:55:22,{}
490877,experiment_exposure,2024-02-28T21:55:22,"{""experiment_name"": ""exp_7"", ""experiment_group"": ""test""}"
491402,funnel_start,2024-02-28T22:55:54,"{""funnel_type"": ""fasting""}"
491402,profile_start,2024-02-28T22:56:06,{}
491402,email_submit,2024-02-28T22:57:38,{}
491402,paywall_show,2024-02-28T23:05:22,{}
491520,funnel_start,2024-02-28T23:11:01,"{""funnel_type"": ""activity""}"
491520,profile_start,2024-02-28T23:11:09,{}
491520,email_submit,2024-02-28T23:11:21,{}
491520,paywall_show,2024-02-28T23:18:44,{}
491764,funnel_start,2024-02-28T23:43:06,"{""funnel_type"": ""activity""}"
491764,profile_start,2024-02-28T23:43:17,{}
491764,email_submit,2024-02-28T23:43:39,{}
491764,paywall_show,2024-02-28T23:47:26,{}
492131,funnel_start,2024-02-29T00:28:17,"{""funnel_type"": ""activity""}"
492412,funnel_start,2024-02-29T01:11:43,"{""funnel_type"": ""activity""}"
492412,profile_start,2024-02-29T01:11:51,{}
492412,email_submit,2024-02-29T01:12:21,{}
492412,paywall_show,2024-02-29T01:34:42,{}
492875,funnel_start,2024-02-29T02:34:36,"{""funnel_type"": ""activity""}"
492985,funnel_start,2024-02-29T02:57:38,"{""funnel_type"": ""fasting""}"
493227,funnel_start,2024-02-29T03:51:38,"{""funnel_type"": ""fasting""}"
493283,funnel_start,2024-02-29T04:11:09,"{""funnel_type"": ""activity""}"
493283,profile_start,2024-02-29T04:11:16,{}
493283,email_submit,2024-02-29T04:11:37,{}
493283,paywall_show,2024-02-29T04:14:55,{}
493412,funnel_start,2024-02-29T04:50:58,"{""funnel_type"": ""fasting""}"
493473,funnel_start,2024-02-29T05:11:01,"{""funnel_type"": ""yoga""}"
493473,profile_start,2024-02-29T05:11:38,{}
493473,paywall_show,2024-02-29T05:24:17,{}
493850,funnel_start,2024-02-29T06:46:00,"{""funnel_type"": ""yoga""}"
494013,funnel_start,2024-02-29T07:23:00,"{""funnel_type"": ""activity""}"
494013,profile_start,2024-02-29T07:23:06,{}
494013,email_submit,2024-02-29T07:23:41,{}
494034,funnel_start,2024-02-29T07:28:02,"{""funnel_type"": ""fasting""}"
494052,funnel_start,2024-02-29T07:32:40,"{""funnel_type"": ""fasting""}"
494094,funnel_start,2024-02-29T07:42:15,"{""funnel_type"": ""fasting""}"
494094,profile_start,2024-02-29T07:42:30,{}
494094,email_submit,2024-02-29T07:43:16,{}
494094,paywall_show,2024-02-29T07:59:21,{}
494276,funnel_start,2024-02-29T08:18:58,"{""funnel_type"": ""fasting""}"
494276,profile_start,2024-02-29T08:19:17,{}
494276,email_submit,2024-02-29T08:20:11,{}
494452,funnel_start,2024-02-29T08:56:49,"{""funnel_type"": ""fasting""}"
494452,profile_start,2024-02-29T08:56:55,{}
494452,email_submit,2024-02-29T08:57:21,{}
494452,paywall_show,2024-02-29T09:05:09,{}
494727,funnel_start,2024-02-29T09:42:25,"{""funnel_type"": ""fasting""}"
494905,funnel_start,2024-02-29T10:12:15,"{""funnel_type"": ""fasting""}"
494905,profile_start,2024-02-29T10:12:30,{}
494905,email_submit,2024-02-29T10:12:54,{}
494905,paywall_show,2024-02-29T10:25:07,{}
495045,funnel_start,2024-02-29T10:33:17,"{""funnel_type"": ""fasting""}"
495045,profile_start,2024-02-29T10:33:27,{}
495045,email_submit,2024-02-29T10:33:53,{}
495510,funnel_start,2024-02-29T11:53:00,"{""funnel_type"": ""yoga""}"
495510,profile_start,2024-02-29T11:53:12,{}
495510,paywall_show,2024-02-29T12:03:41,{}
495759,funnel_start,2024-02-29T12:40:29,"{""funnel_type"": ""fasting""}"
496025,funnel_start,2024-02-29T13:30:45,"{""funnel_type"": ""fasting""}"
496173,funnel_start,2024-02-29T14:02:49,"{""funnel_type"": ""fasting""}"
496375,funnel_start,2024-02-29T14:43:13,"{""funnel_type"": ""activity""}"
496375,profile_start,2024-02-29T14:43:30,{}
496375,email_submit,2024-02-29T14:44:02,{}
496375,paywall_show,2024-02-29T14:48:49,{}
496445,funnel_start,2024-02-29T14:55:57,"{""funnel_type"": ""fasting""}"
496445,profile_start,2024-02-29T14:56:15,{}
496445,email_submit,2024-02-29T14:56:29,{}
496445,paywall_show,2024-02-29T15:07:32,{}
496445,payment_done,2024-02-29T15:09:27,{}
497314,funnel_start,2024-02-29T17:25:38,"{""funnel_type"": ""fasting""}"
497394,funnel_start,2024-02-29T17:39:07,"{""funnel_type"": ""activity""}"
497547,funnel_start,2024-02-29T18:03:20,"{""funnel_type"": ""activity""}"
497547,profile_start,2024-02-29T18:03:31,{}
497547,email_submit,2024-02-29T18:03:45,{}
497547,paywall_show,2024-02-29T18:10:45,{}
497547,payment_done,2024-02-29T18:12:54,{}
497777,funnel_start,2024-02-29T18:40:29,"{""funnel_type"": ""activity""}"
497777,profile_start,2024-02-29T18:40:34,{}
497777,email_submit,2024-02-29T18:41:14,{}
497789,funnel_start,2024-02-29T18:42:02,"{""funnel_type"": ""fasting""}"
497789,profile_start,2024-02-29T18:42:16,{}
497789,email_submit,2024-02-29T18:42:47,{}
497777,paywall_show,2024-02-29T18:47:23,{}
497789,paywall_show,2024-02-29T18:50:30,{}
497916,funnel_start,2024-02-29T18:59:29,"{""funnel_type"": ""activity""}"
498186,funnel_start,2024-02-29T19:39:13,"{""funnel_type"": ""activity""}"
498186,profile_start,2024-02-29T19:39:28,{}
498186,email_submit,2024-02-29T19:39:48,{}
498264,funnel_start,2024-02-29T19:49:37,"{""funnel_type"": ""fasting""}"
498264,profile_start,2024-02-29T19:49:42,{}
498264,email_submit,2024-02-29T19:50:00,{}
498383,funnel_start,2024-02-29T20:08:05,"{""funnel_type"": ""fasting""}"
498383,profile_start,2024-02-29T20:08:13,{}
498452,funnel_start,2024-02-29T20:17:39,"{""funnel_type"": ""activity""}"
498452,profile_start,2024-02-29T20:17:47,{}
498452,email_submit,2024-02-29T20:19:19,{}
498452,paywall_show,2024-02-29T20:28:01,{}
498694,funnel_start,2024-02-29T20:51:34,"{""funnel_type"": ""fasting""}"
498694,profile_start,2024-02-29T20:51:44,{}
498694,email_submit,2024-02-29T20:52:21,{}
498694,paywall_show,2024-02-29T20:59:08,{}
499228,funnel_start,2024-02-29T21:59:42,"{""funnel_type"": ""fasting""}"
499228,profile_start,2024-02-29T21:59:48,{}
499228,email_submit,2024-02-29T22:00:10,{}
499234,funnel_start,2024-02-29T22:01:11,"{""funnel_type"": ""fasting""}"
499237,funnel_start,2024-02-29T22:01:24,"{""funnel_type"": ""fasting""}"
499234,profile_start,2024-02-29T22:01:29,{}
499237,profile_start,2024-02-29T22:01:30,{}
499237,email_submit,2024-02-29T22:01:43,{}
499228,paywall_show,2024-02-29T22:04:21,{}
499237,paywall_show,2024-02-29T22:14:39,{}
499415,funnel_start,2024-02-29T22:23:20,"{""funnel_type"": ""fasting""}"
499415,profile_start,2024-02-29T22:23:27,{}
499415,email_submit,2024-02-29T22:23:47,{}
499798,funnel_start,2024-02-29T23:07:39,"{""funnel_type"": ""activity""}"
499798,profile_start,2024-02-29T23:07:46,{}
499798,email_submit,2024-02-29T23:07:57,{}
499798,paywall_show,2024-02-29T23:12:58,{}
500046,funnel_start,2024-02-29T23:36:19,"{""funnel_type"": ""fasting""}"
500254,funnel_start,2024-03-01T00:00:23,"{""funnel_type"": ""fasting""}"
500254,profile_start,2024-03-01T00:00:32,{}
500254,email_submit,2024-03-01T00:00:43,{}
500305,funnel_start,2024-03-01T00:07:25,"{""funnel_type"": ""fasting""}"
500305,profile_start,2024-03-01T00:07:35,{}
500305,email_submit,2024-03-01T00:08:47,{}
500305,paywall_show,2024-03-01T00:13:14,{}
500254,paywall_show,2024-03-01T00:19:28,{}
500723,funnel_start,2024-03-01T01:15:46,"{""funnel_type"": ""activity""}"
500723,profile_start,2024-03-01T01:15:57,{}
500723,email_submit,2024-03-01T01:16:17,{}
500891,funnel_start,2024-03-01T01:47:50,"{""funnel_type"": ""activity""}"
501032,funnel_start,2024-03-01T02:14:16,"{""funnel_type"": ""activity""}"
501169,funnel_start,2024-03-01T02:43:15,"{""funnel_type"": ""fasting""}"
501230,funnel_start,2024-03-01T02:58:37,"{""funnel_type"": ""fasting""}"
501230,profile_start,2024-03-01T02:58:45,{}
501230,email_submit,2024-03-01T02:58:58,{}
501230,paywall_show,2024-03-01T03:07:36,{}
501685,funnel_start,2024-03-01T05:08:59,"{""funnel_type"": ""activity""}"
501685,profile_start,2024-03-01T05:09:11,{}
501685,email_submit,2024-03-01T05:09:26,{}
501685,paywall_show,2024-03-01T05:15:31,{}
502187,funnel_start,2024-03-01T07:23:31,"{""funnel_type"": ""activity""}"
502187,profile_start,2024-03-01T07:23:35,{}
502187,email_submit,2024-03-01T07:24:10,{}
502187,paywall_show,2024-03-01T07:29:38,{}
502498,funnel_start,2024-03-01T08:28:45,"{""funnel_type"": ""yoga""}"
502498,profile_start,2024-03-01T08:28:59,{}
502498,paywall_show,2024-03-01T08:37:13,{}
502928,funnel_start,2024-03-01T09:44:51,"{""funnel_type"": ""fasting""}"
502928,profile_start,2024-03-01T09:44:58,{}
503247,funnel_start,2024-03-01T10:39:10,"{""funnel_type"": ""fasting""}"
503247,profile_start,2024-03-01T10:39:26,{}
503247,email_submit,2024-03-01T10:39:50,{}
503446,funnel_start,2024-03-01T11:12:23,"{""funnel_type"": ""activity""}"
503446,profile_start,2024-03-01T11:12:30,{}
503698,funnel_start,2024-03-01T11:55:17,"{""funnel_type"": ""activity""}"
503842,funnel_start,2024-03-01T12:25:17,"{""funnel_type"": ""fasting""}"
503842,profile_start,2024-03-01T12:25:24,{}
503842,email_submit,2024-03-01T12:25:51,{}
503842,paywall_show,2024-03-01T12:35:27,{}
504626,funnel_start,2024-03-01T14:59:49,"{""funnel_type"": ""activity""}"
504626,profile_start,2024-03-01T14:59:56,{}
504626,email_submit,2024-03-01T15:00:04,{}
504626,paywall_show,2024-03-01T15:03:31,{}
505380,funnel_start,2024-03-01T17:03:14,"{""funnel_type"": ""activity""}"
505380,profile_start,2024-03-01T17:03:19,{}
505380,email_submit,2024-03-01T17:03:48,{}
505380,paywall_show,2024-03-01T17:19:15,{}
505602,funnel_start,2024-03-01T17:38:42,"{""funnel_type"": ""fasting""}"
505614,funnel_start,2024-03-01T17:41:33,"{""funnel_type"": ""activity""}"
505823,funnel_start,2024-03-01T18:13:50,"{""funnel_type"": ""activity""}"
505823,profile_start,2024-03-01T18:13:57,{}
505823,email_submit,2024-03-01T18:15:14,{}
505823,paywall_show,2024-03-01T18:23:57,{}
506446,funnel_start,2024-03-01T19:44:52,"{""funnel_type"": ""fasting""}"
506446,profile_start,2024-03-01T19:44:58,{}
506446,email_submit,2024-03-01T19:45:31,{}
506531,funnel_start,2024-03-01T19:58:17,"{""funnel_type"": ""fasting""}"
506446,paywall_show,2024-03-01T20:03:21,{}
506668,funnel_start,2024-03-01T20:19:32,"{""funnel_type"": ""activity""}"
506668,profile_start,2024-03-01T20:19:39,{}
506668,email_submit,2024-03-01T20:20:04,{}
506668,paywall_show,2024-03-01T20:27:03,{}
507014,funnel_start,2024-03-01T21:10:09,"{""funnel_type"": ""fasting""}"
507014,profile_start,2024-03-01T21:10:13,{}
507014,email_submit,2024-03-01T21:11:01,{}
507014,paywall_show,2024-03-01T21:18:09,{}
507442,funnel_start,2024-03-01T22:04:30,"{""funnel_type"": ""fasting""}"
507442,profile_start,2024-03-01T22:04:46,{}
507442,email_submit,2024-03-01T22:05:08,{}
507442,paywall_show,2024-03-01T22:13:24,{}
507950,funnel_start,2024-03-01T23:04:51,"{""funnel_type"": ""fasting""}"
507950,profile_start,2024-03-01T23:05:00,{}
507950,email_submit,2024-03-01T23:05:19,{}
507950,paywall_show,2024-03-01T23:13:40,{}
508348,funnel_start,2024-03-01T23:52:28,"{""funnel_type"": ""fasting""}"
508348,profile_start,2024-03-01T23:52:37,{}
508393,funnel_start,2024-03-01T23:57:50,"{""funnel_type"": ""activity""}"
508510,funnel_start,2024-03-02T00:16:09,"{""funnel_type"": ""activity""}"
508510,profile_start,2024-03-02T00:16:16,{}
508510,email_submit,2024-03-02T00:16:26,{}
508510,paywall_show,2024-03-02T00:21:47,{}
508510,payment_done,2024-03-02T00:24:52,{}
508727,funnel_start,2024-03-02T00:49:20,"{""funnel_type"": ""activity""}"
508727,profile_start,2024-03-02T00:49:24,{}
508727,email_submit,2024-03-02T00:49:41,{}
508727,paywall_show,2024-03-02T00:52:14,{}
508821,funnel_start,2024-03-02T01:03:36,"{""funnel_type"": ""fasting""}"
508821,profile_start,2024-03-02T01:03:48,{}
508821,email_submit,2024-03-02T01:04:14,{}
508821,paywall_show,2024-03-02T01:12:29,{}
508945,funnel_start,2024-03-02T01:23:22,"{""funnel_type"": ""fasting""}"
508945,profile_start,2024-03-02T01:23:33,{}
508945,email_submit,2024-03-02T01:23:51,{}
509245,funnel_start,2024-03-02T02:12:32,"{""funnel_type"": ""activity""}"
509245,profile_start,2024-03-02T02:12:38,{}
509332,funnel_start,2024-03-02T02:31:15,"{""funnel_type"": ""fasting""}"
509332,profile_start,2024-03-02T02:31:22,{}
509340,funnel_start,2024-03-02T02:32:32,"{""funnel_type"": ""fasting""}"
509340,profile_start,2024-03-02T02:32:41,{}
509332,email_submit,2024-03-02T02:32:50,{}
509332,paywall_show,2024-03-02T02:47:44,{}
509623,funnel_start,2024-03-02T03:34:00,"{""funnel_type"": ""fasting""}"
509784,funnel_start,2024-03-02T04:11:30,"{""funnel_type"": ""activity""}"
509784,profile_start,2024-03-02T04:11:36,{}
509784,email_submit,2024-03-02T04:12:08,{}
509784,paywall_show,2024-03-02T04:25:14,{}
510014,funnel_start,2024-03-02T05:25:56,"{""funnel_type"": ""fasting""}"
510014,profile_start,2024-03-02T05:26:05,{}
510014,email_submit,2024-03-02T05:26:31,{}
510044,funnel_start,2024-03-02T05:36:13,"{""funnel_type"": ""fasting""}"
510014,paywall_show,2024-03-02T05:46:43,{}
510305,funnel_start,2024-03-02T06:37:50,"{""funnel_type"": ""fasting""}"
510480,funnel_start,2024-03-02T07:21:20,"{""funnel_type"": ""fasting""}"
510480,profile_start,2024-03-02T07:21:30,{}
510480,email_submit,2024-03-02T07:22:12,{}
510480,paywall_show,2024-03-02T07:28:48,{}
510616,funnel_start,2024-03-02T07:48:03,"{""funnel_type"": ""fasting""}"
510616,profile_start,2024-03-02T07:48:18,{}
510676,funnel_start,2024-03-02T08:01:29,"{""funnel_type"": ""fasting""}"
510702,funnel_start,2024-03-02T08:07:32,"{""funnel_type"": ""fasting""}"
510988,funnel_start,2024-03-02T09:01:09,"{""funnel_type"": ""fasting""}"
510988,profile_start,2024-03-02T09:01:16,{}
510988,email_submit,2024-03-02T09:01:58,{}
510988,paywall_show,2024-03-02T09:12:50,{}
511186,funnel_start,2024-03-02T09:36:29,"{""funnel_type"": ""fasting""}"
511233,funnel_start,2024-03-02T09:44:21,"{""funnel_type"": ""activity""}"
511233,profile_start,2024-03-02T09:44:27,{}
511307,funnel_start,2024-03-02T09:56:55,"{""funnel_type"": ""fasting""}"
511307,profile_start,2024-03-02T09:57:16,{}
511307,email_submit,2024-03-02T09:57:32,{}
511379,funnel_start,2024-03-02T10:06:51,"{""funnel_type"": ""activity""}"
511379,profile_start,2024-03-02T10:07:00,{}
511379,email_submit,2024-03-02T10:07:40,{}
511388,funnel_start,2024-03-02T10:08:41,"{""funnel_type"": ""fasting""}"
511388,profile_start,2024-03-02T10:08:47,{}
511379,paywall_show,2024-03-02T10:19:24,{}
511488,funnel_start,2024-03-02T10:25:57,"{""funnel_type"": ""yoga""}"
511488,profile_start,2024-03-02T10:26:04,{}
511497,funnel_start,2024-03-02T10:26:39,"{""funnel_type"": ""fasting""}"
511497,profile_start,2024-03-02T10:26:46,{}
511497,email_submit,2024-03-02T10:27:23,{}
511526,funnel_start,2024-03-02T10:32:19,"{""funnel_type"": ""fasting""}"
511526,profile_start,2024-03-02T10:32:42,{}
511526,email_submit,2024-03-02T10:33:05,{}
511526,paywall_show,2024-03-02T10:41:10,{}
511985,funnel_start,2024-03-02T11:45:24,"{""funnel_type"": ""yoga""}"
511985,profile_start,2024-03-02T11:45:42,{}
511985,paywall_show,2024-03-02T11:52:46,{}
512405,funnel_start,2024-03-02T12:59:26,"{""funnel_type"": ""fasting""}"
512405,profile_start,2024-03-02T12:59:36,{}
512405,email_submit,2024-03-02T13:00:11,{}
512426,funnel_start,2024-03-02T13:05:03,"{""funnel_type"": ""fasting""}"
512426,profile_start,2024-03-02T13:05:12,{}
512426,email_submit,2024-03-02T13:05:21,{}
512405,paywall_show,2024-03-02T13:06:11,{}
512476,funnel_start,2024-03-02T13:12:10,"{""funnel_type"": ""fasting""}"
512426,paywall_show,2024-03-02T13:15:56,{}
512623,funnel_start,2024-03-02T13:37:32,"{""funnel_type"": ""activity""}"
512623,profile_start,2024-03-02T13:37:49,{}
512623,email_submit,2024-03-02T13:38:33,{}
512623,paywall_show,2024-03-02T13:44:35,{}
513268,funnel_start,2024-03-02T15:33:45,"{""funnel_type"": ""activity""}"
513362,funnel_start,2024-03-02T15:49:01,"{""funnel_type"": ""yoga""}"
513453,funnel_start,2024-03-02T16:05:13,"{""funnel_type"": ""fasting""}"
513453,profile_start,2024-03-02T16:05:27,{}
513453,email_submit,2024-03-02T16:05:48,{}
513453,paywall_show,2024-03-02T16:17:12,{}
513913,funnel_start,2024-03-02T17:25:42,"{""funnel_type"": ""fasting""}"
513913,profile_start,2024-03-02T17:25:54,{}
513913,email_submit,2024-03-02T17:26:07,{}
513924,funnel_start,2024-03-02T17:28:19,"{""funnel_type"": ""yoga""}"
513924,profile_start,2024-03-02T17:28:30,{}
513913,paywall_show,2024-03-02T17:36:53,{}
513913,payment_done,2024-03-02T17:39:56,{}
513924,paywall_show,2024-03-02T17:41:05,{}
513924,payment_done,2024-03-02T17:42:44,{}
513924,email_submit,2024-03-02T17:42:58,{}
514069,funnel_start,2024-03-02T17:52:25,"{""funnel_type"": ""fasting""}"
514259,funnel_start,2024-03-02T18:24:04,"{""funnel_type"": ""fasting""}"
514259,profile_start,2024-03-02T18:24:23,{}
514259,email_submit,2024-03-02T18:24:39,{}
514322,funnel_start,2024-03-02T18:32:54,"{""funnel_type"": ""activity""}"
514322,profile_start,2024-03-02T18:33:02,{}
514322,email_submit,2024-03-02T18:33:29,{}
514340,funnel_start,2024-03-02T18:36:14,"{""funnel_type"": ""yoga""}"
514357,funnel_start,2024-03-02T18:39:10,"{""funnel_type"": ""yoga""}"
514357,profile_start,2024-03-02T18:39:32,{}
514259,paywall_show,2024-03-02T18:40:43,{}
514357,paywall_show,2024-03-02T18:43:40,{}
514449,funnel_start,2024-03-02T18:54:34,"{""funnel_type"": ""fasting""}"
514449,profile_start,2024-03-02T18:54:41,{}
514449,email_submit,2024-03-02T18:55:15,{}
514449,paywall_show,2024-03-02T19:06:12,{}
514523,funnel_start,2024-03-02T19:06:17,"{""funnel_type"": ""activity""}"
514523,profile_start,2024-03-02T19:06:25,{}
514523,email_submit,2024-03-02T19:06:35,{}
514523,paywall_show,2024-03-02T19:08:43,{}
514921,funnel_start,2024-03-02T20:08:58,"{""funnel_type"": ""activity""}"
514954,funnel_start,2024-03-02T20:13:00,"{""funnel_type"": ""activity""}"
514954,profile_start,2024-03-02T20:13:08,{}
514954,email_submit,2024-03-02T20:13:29,{}
514964,funnel_start,2024-03-02T20:14:16,"{""funnel_type"": ""fasting""}"
514964,profile_start,2024-03-02T20:14:29,{}
514964,email_submit,2024-03-02T20:14:54,{}
515015,funnel_start,2024-03-02T20:19:54,"{""funnel_type"": ""fasting""}"
515015,profile_start,2024-03-02T20:20:14,{}
515015,email_submit,2024-03-02T20:20:29,{}
514954,paywall_show,2024-03-02T20:21:00,{}
514964,paywall_show,2024-03-02T20:22:40,{}
515015,paywall_show,2024-03-02T20:25:18,{}
515237,funnel_start,2024-03-02T20:47:09,"{""funnel_type"": ""activity""}"
515396,funnel_start,2024-03-02T21:10:36,"{""funnel_type"": ""activity""}"
515396,profile_start,2024-03-02T21:10:40,{}
515396,email_submit,2024-03-02T21:11:17,{}
515396,paywall_show,2024-03-02T21:19:28,{}
516129,funnel_start,2024-03-02T22:44:47,"{""funnel_type"": ""activity""}"
516192,funnel_start,2024-03-02T22:52:05,"{""funnel_type"": ""yoga""}"
516192,profile_start,2024-03-02T22:52:29,{}
516201,funnel_start,2024-03-02T22:53:05,"{""funnel_type"": ""fasting""}"
516192,paywall_show,2024-03-02T22:59:58,{}
516533,funnel_start,2024-03-02T23:31:18,"{""funnel_type"": ""activity""}"
516533,profile_start,2024-03-02T23:31:30,{}
516533,email_submit,2024-03-02T23:31:56,{}
516606,funnel_start,2024-03-02T23:40:06,"{""funnel_type"": ""activity""}"
516606,profile_start,2024-03-02T23:40:13,{}
516606,email_submit,2024-03-02T23:40:27,{}
516533,paywall_show,2024-03-02T23:42:57,{}
516606,paywall_show,2024-03-02T23:44:30,{}
516705,funnel_start,2024-03-02T23:52:30,"{""funnel_type"": ""fasting""}"
516705,profile_start,2024-03-02T23:52:36,{}
517385,funnel_start,2024-03-03T01:41:57,"{""funnel_type"": ""activity""}"
517431,funnel_start,2024-03-03T01:47:38,"{""funnel_type"": ""fasting""}"
517431,profile_start,2024-03-03T01:47:44,{}
517431,email_submit,2024-03-03T01:48:29,{}
517517,funnel_start,2024-03-03T02:02:02,"{""funnel_type"": ""activity""}"
517517,profile_start,2024-03-03T02:02:09,{}
517517,email_submit,2024-03-03T02:02:43,{}
517517,paywall_show,2024-03-03T02:09:20,{}
517559,funnel_start,2024-03-03T02:09:55,"{""funnel_type"": ""fasting""}"
517559,profile_start,2024-03-03T02:10:04,{}
517559,email_submit,2024-03-03T02:10:17,{}
517431,paywall_show,2024-03-03T02:19:00,{}
517686,funnel_start,2024-03-03T02:37:35,"{""funnel_type"": ""yoga""}"
517686,profile_start,2024-03-03T02:37:58,{}
517686,paywall_show,2024-03-03T02:44:41,{}
517852,funnel_start,2024-03-03T03:16:52,"{""funnel_type"": ""activity""}"
517852,profile_start,2024-03-03T03:17:02,{}
517852,email_submit,2024-03-03T03:17:22,{}
517852,paywall_show,2024-03-03T03:24:05,{}
518049,funnel_start,2024-03-03T04:08:00,"{""funnel_type"": ""yoga""}"
518251,funnel_start,2024-03-03T05:09:17,"{""funnel_type"": ""fasting""}"
518251,profile_start,2024-03-03T05:09:25,{}
518251,email_submit,2024-03-03T05:10:57,{}
518251,paywall_show,2024-03-03T05:22:44,{}
518289,funnel_start,2024-03-03T05:23:29,"{""funnel_type"": ""activity""}"
518289,profile_start,2024-03-03T05:23:36,{}
518361,funnel_start,2024-03-03T05:43:45,"{""funnel_type"": ""fasting""}"
518361,profile_start,2024-03-03T05:43:57,{}
518361,email_submit,2024-03-03T05:44:14,{}
518361,paywall_show,2024-03-03T05:57:07,{}
518553,funnel_start,2024-03-03T06:30:41,"{""funnel_type"": ""fasting""}"
518553,profile_start,2024-03-03T06:30:57,{}
518553,email_submit,2024-03-03T06:31:13,{}
518812,funnel_start,2024-03-03T07:26:02,"{""funnel_type"": ""fasting""}"
518812,profile_start,2024-03-03T07:26:18,{}
518812,email_submit,2024-03-03T07:26:35,{}
518812,paywall_show,2024-03-03T07:38:00,{}
518900,funnel_start,2024-03-03T07:43:22,"{""funnel_type"": ""fasting""}"
518900,profile_start,2024-03-03T07:43:30,{}
518900,email_submit,2024-03-03T07:44:07,{}
518900,paywall_show,2024-03-03T07:56:32,{}
519048,funnel_start,2024-03-03T08:11:06,"{""funnel_type"": ""fasting""}"
519048,profile_start,2024-03-03T08:11:20,{}
519048,email_submit,2024-03-03T08:11:45,{}
519048,paywall_show,2024-03-03T08:17:48,{}
519221,funnel_start,2024-03-03T08:42:45,"{""funnel_type"": ""activity""}"
519221,profile_start,2024-03-03T08:42:55,{}
519221,email_submit,2024-03-03T08:43:50,{}
519221,paywall_show,2024-03-03T08:55:56,{}
519367,funnel_start,2024-03-03T09:06:46,"{""funnel_type"": ""fasting""}"
520064,funnel_start,2024-03-03T11:10:21,"{""funnel_type"": ""fasting""}"
520064,profile_start,2024-03-03T11:10:29,{}
520064,email_submit,2024-03-03T11:11:09,{}
520090,funnel_start,2024-03-03T11:14:54,"{""funnel_type"": ""activity""}"
520090,profile_start,2024-03-03T11:14:58,{}
520090,email_submit,2024-03-03T11:15:13,{}
520064,paywall_show,2024-03-03T11:15:19,{}
520111,funnel_start,2024-03-03T11:17:31,"{""funnel_type"": ""fasting""}"
520111,profile_start,2024-03-03T11:17:48,{}
520111,email_submit,2024-03-03T11:18:43,{}
520090,paywall_show,2024-03-03T11:32:45,{}
520212,funnel_start,2024-03-03T11:34:11,"{""funnel_type"": ""fasting""}"
520212,profile_start,2024-03-03T11:34:35,{}
520212,email_submit,2024-03-03T11:35:09,{}
520212,paywall_show,2024-03-03T11:39:27,{}
520945,funnel_start,2024-03-03T13:53:00,"{""funnel_type"": ""fasting""}"
520945,profile_start,2024-03-03T13:53:06,{}
520945,email_submit,2024-03-03T13:53:26,{}
520945,paywall_show,2024-03-03T13:58:14,{}
521003,funnel_start,2024-03-03T14:03:13,"{""funnel_type"": ""fasting""}"
521074,funnel_start,2024-03-03T14:16:01,"{""funnel_type"": ""fasting""}"
521074,profile_start,2024-03-03T14:16:07,{}
521074,email_submit,2024-03-03T14:16:32,{}
521074,paywall_show,2024-03-03T14:20:55,{}
521180,funnel_start,2024-03-03T14:37:06,"{""funnel_type"": ""fasting""}"
521180,profile_start,2024-03-03T14:37:13,{}
521180,email_submit,2024-03-03T14:37:38,{}
521180,paywall_show,2024-03-03T14:43:30,{}
521264,funnel_start,2024-03-03T14:55:08,"{""funnel_type"": ""fasting""}"
521598,funnel_start,2024-03-03T15:51:44,"{""funnel_type"": ""fasting""}"
521598,profile_start,2024-03-03T15:51:54,{}
521598,email_submit,2024-03-03T15:52:30,{}
521681,funnel_start,2024-03-03T16:06:07,"{""funnel_type"": ""fasting""}"
521681,profile_start,2024-03-03T16:06:16,{}
521681,email_submit,2024-03-03T16:07:20,{}
521681,paywall_show,2024-03-03T16:18:03,{}
521681,payment_done,2024-03-03T16:19:31,{}
522017,funnel_start,2024-03-03T17:02:46,"{""funnel_type"": ""activity""}"
522017,profile_start,2024-03-03T17:02:52,{}
522017,email_submit,2024-03-03T17:03:08,{}
522017,paywall_show,2024-03-03T17:18:21,{}
522624,funnel_start,2024-03-03T18:42:05,"{""funnel_type"": ""fasting""}"
522624,profile_start,2024-03-03T18:42:31,{}
522624,email_submit,2024-03-03T18:42:50,{}
522624,paywall_show,2024-03-03T18:53:58,{}
522840,funnel_start,2024-03-03T19:14:16,"{""funnel_type"": ""activity""}"
523262,funnel_start,2024-03-03T20:14:35,"{""funnel_type"": ""activity""}"
523262,profile_start,2024-03-03T20:14:41,{}
523262,email_submit,2024-03-03T20:15:16,{}
523262,paywall_show,2024-03-03T20:22:43,{}
523438,funnel_start,2024-03-03T20:40:00,"{""funnel_type"": ""activity""}"
523543,funnel_start,2024-03-03T20:56:05,"{""funnel_type"": ""activity""}"
523543,profile_start,2024-03-03T20:56:08,{}
523543,email_submit,2024-03-03T20:56:29,{}
523620,funnel_start,2024-03-03T21:05:23,"{""funnel_type"": ""activity""}"
523620,profile_start,2024-03-03T21:05:28,{}
523543,paywall_show,2024-03-03T21:08:52,{}
524596,funnel_start,2024-03-03T22:59:47,"{""funnel_type"": ""fasting""}"
524596,profile_start,2024-03-03T23:00:05,{}
524596,email_submit,2024-03-03T23:00:14,{}
524596,paywall_show,2024-03-03T23:10:03,{}
524693,funnel_start,2024-03-03T23:12:24,"{""funnel_type"": ""activity""}"
524693,profile_start,2024-03-03T23:12:29,{}
524693,email_submit,2024-03-03T23:12:51,{}
524693,paywall_show,2024-03-03T23:18:02,{}
525060,funnel_start,2024-03-03T23:57:55,"{""funnel_type"": ""yoga""}"
525060,profile_start,2024-03-03T23:58:09,{}
525102,funnel_start,2024-03-04T00:02:02,"{""funnel_type"": ""fasting""}"
525102,profile_start,2024-03-04T00:02:18,{}
525102,email_submit,2024-03-04T00:02:31,{}
525170,funnel_start,2024-03-04T00:13:01,"{""funnel_type"": ""activity""}"
525060,paywall_show,2024-03-04T00:14:25,{}
525260,funnel_start,2024-03-04T00:25:47,"{""funnel_type"": ""activity""}"
525260,profile_start,2024-03-04T00:25:52,{}
525260,email_submit,2024-03-04T00:26:21,{}
525260,paywall_show,2024-03-04T00:39:15,{}
525441,funnel_start,2024-03-04T00:52:40,"{""funnel_type"": ""fasting""}"
525441,profile_start,2024-03-04T00:52:50,{}
525441,email_submit,2024-03-04T00:53:23,{}
525441,paywall_show,2024-03-04T01:01:11,{}
525635,funnel_start,2024-03-04T01:23:37,"{""funnel_type"": ""activity""}"
525635,profile_start,2024-03-04T01:23:46,{}
525635,email_submit,2024-03-04T01:24:04,{}
525635,paywall_show,2024-03-04T01:36:14,{}
525750,funnel_start,2024-03-04T01:41:23,"{""funnel_type"": ""activity""}"
526118,funnel_start,2024-03-04T02:55:36,"{""funnel_type"": ""activity""}"
526150,funnel_start,2024-03-04T03:02:26,"{""funnel_type"": ""fasting""}"
526150,profile_start,2024-03-04T03:02:34,{}
526150,email_submit,2024-03-04T03:02:46,{}
526150,paywall_show,2024-03-04T03:08:14,{}
526380,funnel_start,2024-03-04T04:08:03,"{""funnel_type"": ""fasting""}"
526380,profile_start,2024-03-04T04:08:14,{}
526380,email_submit,2024-03-04T04:08:54,{}
526380,paywall_show,2024-03-04T04:15:36,{}
526407,funnel_start,2024-03-04T04:15:44,"{""funnel_type"": ""fasting""}"
526407,profile_start,2024-03-04T04:15:58,{}
526407,email_submit,2024-03-04T04:16:54,{}
526407,paywall_show,2024-03-04T04:25:23,{}
526546,funnel_start,2024-03-04T04:56:51,"{""funnel_type"": ""fasting""}"
526546,profile_start,2024-03-04T04:57:00,{}
526546,email_submit,2024-03-04T04:57:23,{}
526546,paywall_show,2024-03-04T05:00:52,{}
526677,funnel_start,2024-03-04T05:35:52,"{""funnel_type"": ""yoga""}"
526677,profile_start,2024-03-04T05:36:07,{}
526677,paywall_show,2024-03-04T05:40:27,{}
526704,funnel_start,2024-03-04T05:44:12,"{""funnel_type"": ""activity""}"
526747,funnel_start,2024-03-04T05:57:00,"{""funnel_type"": ""fasting""}"
526747,profile_start,2024-03-04T05:57:06,{}
526747,email_submit,2024-03-04T05:57:18,{}
526747,paywall_show,2024-03-04T06:17:02,{}
526831,funnel_start,2024-03-04T06:19:58,"{""funnel_type"": ""activity""}"
526831,profile_start,2024-03-04T06:20:06,{}
526831,email_submit,2024-03-04T06:20:43,{}
527072,funnel_start,2024-03-04T07:21:48,"{""funnel_type"": ""activity""}"
527072,profile_start,2024-03-04T07:21:55,{}
527072,email_submit,2024-03-04T07:22:27,{}
527072,paywall_show,2024-03-04T07:27:39,{}
527356,funnel_start,2024-03-04T08:18:21,"{""funnel_type"": ""activity""}"
527356,profile_start,2024-03-04T08:18:25,{}
527360,funnel_start,2024-03-04T08:18:38,"{""funnel_type"": ""yoga""}"
527360,profile_start,2024-03-04T08:18:55,{}
527568,funnel_start,2024-03-04T09:01:36,"{""funnel_type"": ""fasting""}"
527568,profile_start,2024-03-04T09:01:40,{}
527568,email_submit,2024-03-04T09:02:19,{}
527568,paywall_show,2024-03-04T09:06:44,{}
527568,payment_done,2024-03-04T09:07:28,{}
527943,funnel_start,2024-03-04T10:12:29,"{""funnel_type"": ""fasting""}"
528003,funnel_start,2024-03-04T10:20:22,"{""funnel_type"": ""fasting""}"
528003,profile_start,2024-03-04T10:20:30,{}
528003,email_submit,2024-03-04T10:21:12,{}
528003,paywall_show,2024-03-04T10:28:19,{}
528245,funnel_start,2024-03-04T11:01:51,"{""funnel_type"": ""activity""}"
528245,profile_start,2024-03-04T11:02:01,{}
528245,email_submit,2024-03-04T11:02:23,{}
528245,paywall_show,2024-03-04T11:06:36,{}
528463,funnel_start,2024-03-04T11:38:52,"{""funnel_type"": ""activity""}"
528532,funnel_start,2024-03-04T11:52:12,"{""funnel_type"": ""fasting""}"
528709,funnel_start,2024-03-04T12:20:44,"{""funnel_type"": ""fasting""}"
528709,profile_start,2024-03-04T12:20:58,{}
528709,email_submit,2024-03-04T12:21:24,{}
528709,paywall_show,2024-03-04T12:24:28,{}
529244,funnel_start,2024-03-04T13:51:52,"{""funnel_type"": ""fasting""}"
529244,profile_start,2024-03-04T13:52:00,{}
529244,email_submit,2024-03-04T13:52:26,{}
529244,paywall_show,2024-03-04T13:59:07,{}
529382,funnel_start,2024-03-04T14:16:17,"{""funnel_type"": ""activity""}"
529382,profile_start,2024-03-04T14:16:32,{}
529382,email_submit,2024-03-04T14:16:51,{}
529402,funnel_start,2024-03-04T14:19:53,"{""funnel_type"": ""yoga""}"
529402,profile_start,2024-03-04T14:20:03,{}
529382,paywall_show,2024-03-04T14:22:36,{}
529402,paywall_show,2024-03-04T14:27:53,{}
529664,funnel_start,2024-03-04T15:03:16,"{""funnel_type"": ""activity""}"
529664,profile_start,2024-03-04T15:03:21,{}
529664,email_submit,2024-03-04T15:03:41,{}
529664,paywall_show,2024-03-04T15:07:11,{}
529664,payment_done,2024-03-04T15:08:56,{}
529828,funnel_start,2024-03-04T15:31:13,"{""funnel_type"": ""activity""}"
529927,funnel_start,2024-03-04T15:46:14,"{""funnel_type"": ""fasting""}"
529971,funnel_start,2024-03-04T15:54:20,"{""funnel_type"": ""activity""}"
529971,profile_start,2024-03-04T15:54:25,{}
529971,email_submit,2024-03-04T15:54:50,{}
529971,paywall_show,2024-03-04T16:10:59,{}
530300,funnel_start,2024-03-04T16:51:49,"{""funnel_type"": ""fasting""}"
530300,profile_start,2024-03-04T16:52:06,{}
530300,email_submit,2024-03-04T16:52:16,{}
530300,paywall_show,2024-03-04T16:59:00,{}
530361,funnel_start,2024-03-04T17:00:27,"{""funnel_type"": ""fasting""}"
530361,profile_start,2024-03-04T17:00:38,{}
530361,email_submit,2024-03-04T17:00:57,{}
530361,paywall_show,2024-03-04T17:14:55,{}
530465,funnel_start,2024-03-04T17:18:10,"{""funnel_type"": ""activity""}"
530465,profile_start,2024-03-04T17:18:21,{}
530465,email_submit,2024-03-04T17:19:04,{}
530465,paywall_show,2024-03-04T17:22:18,{}
530465,payment_done,2024-03-04T17:23:45,{}
530568,funnel_start,2024-03-04T17:34:29,"{""funnel_type"": ""activity""}"
531515,funnel_start,2024-03-04T20:04:26,"{""funnel_type"": ""fasting""}"
531515,profile_start,2024-03-04T20:04:36,{}
531515,email_submit,2024-03-04T20:05:03,{}
531515,paywall_show,2024-03-04T20:13:27,{}
531787,funnel_start,2024-03-04T20:37:56,"{""funnel_type"": ""fasting""}"
531787,profile_start,2024-03-04T20:38:03,{}
531787,email_submit,2024-03-04T20:38:19,{}
531838,funnel_start,2024-03-04T20:44:24,"{""funnel_type"": ""yoga""}"
531838,profile_start,2024-03-04T20:44:36,{}
531860,funnel_start,2024-03-04T20:46:55,"{""funnel_type"": ""fasting""}"
531860,profile_start,2024-03-04T20:47:06,{}
531787,paywall_show,2024-03-04T20:48:22,{}
531891,funnel_start,2024-03-04T20:50:48,"{""funnel_type"": ""fasting""}"
531891,profile_start,2024-03-04T20:51:02,{}
531891,email_submit,2024-03-04T20:51:27,{}
531838,paywall_show,2024-03-04T20:53:07,{}
531838,payment_done,2024-03-04T20:55:05,{}
531838,email_submit,2024-03-04T20:55:17,{}
531891,paywall_show,2024-03-04T20:56:19,{}
532186,funnel_start,2024-03-04T21:26:45,"{""funnel_type"": ""yoga""}"
532186,profile_start,2024-03-04T21:27:14,{}
532186,paywall_show,2024-03-04T21:32:37,{}
532310,funnel_start,2024-03-04T21:44:23,"{""funnel_type"": ""fasting""}"
532310,profile_start,2024-03-04T21:44:29,{}
532310,email_submit,2024-03-04T21:44:44,{}
532603,funnel_start,2024-03-04T22:20:27,"{""funnel_type"": ""fasting""}"
532603,profile_start,2024-03-04T22:20:33,{}
532603,email_submit,2024-03-04T22:20:57,{}
533028,funnel_start,2024-03-04T23:11:11,"{""funnel_type"": ""activity""}"
533028,profile_start,2024-03-04T23:11:18,{}
533028,email_submit,2024-03-04T23:11:36,{}
533028,paywall_show,2024-03-04T23:24:37,{}
533191,funnel_start,2024-03-04T23:30:40,"{""funnel_type"": ""activity""}"
533191,profile_start,2024-03-04T23:30:53,{}
533191,email_submit,2024-03-04T23:31:19,{}
533225,funnel_start,2024-03-04T23:35:42,"{""funnel_type"": ""fasting""}"
533225,profile_start,2024-03-04T23:35:51,{}
533225,email_submit,2024-03-04T23:36:08,{}
533191,paywall_show,2024-03-04T23:36:47,{}
533225,paywall_show,2024-03-04T23:46:22,{}
533225,payment_done,2024-03-04T23:48:31,{}
533516,funnel_start,2024-03-05T00:19:01,"{""funnel_type"": ""yoga""}"
533516,profile_start,2024-03-05T00:19:08,{}
533645,funnel_start,2024-03-05T00:37:06,"{""funnel_type"": ""yoga""}"
533645,profile_start,2024-03-05T00:37:28,{}
533645,paywall_show,2024-03-05T00:48:55,{}
533844,funnel_start,2024-03-05T01:07:16,"{""funnel_type"": ""fasting""}"
533844,profile_start,2024-03-05T01:07:25,{}
533844,email_submit,2024-03-05T01:08:05,{}
533854,funnel_start,2024-03-05T01:09:03,"{""funnel_type"": ""activity""}"
533854,profile_start,2024-03-05T01:09:06,{}
533854,email_submit,2024-03-05T01:09:31,{}
533854,paywall_show,2024-03-05T01:13:49,{}
534700,funnel_start,2024-03-05T03:59:38,"{""funnel_type"": ""fasting""}"
534700,profile_start,2024-03-05T03:59:47,{}
534700,email_submit,2024-03-05T04:00:00,{}
534700,paywall_show,2024-03-05T04:13:15,{}
534700,payment_done,2024-03-05T04:17:35,{}
535513,funnel_start,2024-03-05T07:50:46,"{""funnel_type"": ""yoga""}"
535513,profile_start,2024-03-05T07:51:08,{}
535513,paywall_show,2024-03-05T08:08:45,{}
535709,funnel_start,2024-03-05T08:28:30,"{""funnel_type"": ""fasting""}"
535709,profile_start,2024-03-05T08:28:44,{}
535944,funnel_start,2024-03-05T09:10:08,"{""funnel_type"": ""fasting""}"
535944,profile_start,2024-03-05T09:10:27,{}
535944,email_submit,2024-03-05T09:10:48,{}
535944,paywall_show,2024-03-05T09:19:09,{}
536310,funnel_start,2024-03-05T10:21:32,"{""funnel_type"": ""activity""}"
536310,profile_start,2024-03-05T10:21:37,{}
536310,email_submit,2024-03-05T10:22:44,{}
536489,funnel_start,2024-03-05T10:53:33,"{""funnel_type"": ""yoga""}"
536489,profile_start,2024-03-05T10:53:46,{}
536703,funnel_start,2024-03-05T11:29:26,"{""funnel_type"": ""fasting""}"
536703,profile_start,2024-03-05T11:30:06,{}
536703,email_submit,2024-03-05T11:30:50,{}
536703,paywall_show,2024-03-05T11:37:39,{}
536877,funnel_start,2024-03-05T11:55:59,"{""funnel_type"": ""yoga""}"
536877,profile_start,2024-03-05T11:56:24,{}
536877,paywall_show,2024-03-05T12:11:25,{}
536998,funnel_start,2024-03-05T12:17:00,"{""funnel_type"": ""activity""}"
536998,profile_start,2024-03-05T12:17:14,{}
536998,email_submit,2024-03-05T12:17:41,{}
537012,funnel_start,2024-03-05T12:19:24,"{""funnel_type"": ""fasting""}"
537012,profile_start,2024-03-05T12:19:32,{}
537012,email_submit,2024-03-05T12:20:12,{}
536998,experiment_exposure,2024-03-05T12:21:04,"{""experiment_name"": ""exp_0"", ""experiment_group"": ""control""}"
536998,paywall_show,2024-03-05T12:21:04,{}
537012,paywall_show,2024-03-05T12:30:39,{}
537217,funnel_start,2024-03-05T12:51:52,"{""funnel_type"": ""fasting""}"
537217,profile_start,2024-03-05T12:52:01,{}
537217,email_submit,2024-03-05T12:52:19,{}
537555,funnel_start,2024-03-05T13:50:05,"{""funnel_type"": ""fasting""}"
537555,profile_start,2024-03-05T13:50:18,{}
537555,email_submit,2024-03-05T13:50:37,{}
537555,paywall_show,2024-03-05T13:56:56,{}
537600,funnel_start,2024-03-05T13:59:14,"{""funnel_type"": ""activity""}"
537600,profile_start,2024-03-05T13:59:22,{}
537600,email_submit,2024-03-05T13:59:46,{}
537600,paywall_show,2024-03-05T14:05:10,{}
537656,funnel_start,2024-03-05T14:08:07,"{""funnel_type"": ""fasting""}"
537656,profile_start,2024-03-05T14:08:15,{}
537656,email_submit,2024-03-05T14:08:55,{}
537656,paywall_show,2024-03-05T14:18:23,{}
537656,experiment_exposure,2024-03-05T14:18:23,"{""experiment_name"": ""exp_0"", ""experiment_group"": ""control""}"
538168,funnel_start,2024-03-05T15:40:45,"{""funnel_type"": ""fasting""}"
538356,funnel_start,2024-03-05T16:11:30,"{""funnel_type"": ""fasting""}"
538453,funnel_start,2024-03-05T16:26:47,"{""funnel_type"": ""activity""}"
538453,profile_start,2024-03-05T16:26:56,{}
538596,funnel_start,2024-03-05T16:50:17,"{""funnel_type"": ""fasting""}"
538596,profile_start,2024-03-05T16:50:31,{}
538596,email_submit,2024-03-05T16:50:56,{}
538596,paywall_show,2024-03-05T16:57:35,{}
538778,funnel_start,2024-03-05T17:20:45,"{""funnel_type"": ""fasting""}"
538778,profile_start,2024-03-05T17:20:59,{}
538778,email_submit,2024-03-05T17:21:23,{}
539604,funnel_start,2024-03-05T19:29:32,"{""funnel_type"": ""activity""}"
539604,profile_start,2024-03-05T19:29:36,{}
539953,funnel_start,2024-03-05T20:18:26,"{""funnel_type"": ""fasting""}"
539953,profile_start,2024-03-05T20:18:32,{}
539953,email_submit,2024-03-05T20:18:53,{}
539953,experiment_exposure,2024-03-05T20:27:54,"{""experiment_name"": ""exp_0"", ""experiment_group"": ""control""}"
539953,paywall_show,2024-03-05T20:27:54,{}
540256,funnel_start,2024-03-05T21:01:31,"{""funnel_type"": ""activity""}"
540256,profile_start,2024-03-05T21:01:38,{}
540256,email_submit,2024-03-05T21:02:02,{}
540256,paywall_show,2024-03-05T21:08:54,{}
540478,funnel_start,2024-03-05T21:29:35,"{""funnel_type"": ""fasting""}"
540625,funnel_start,2024-03-05T21:49:44,"{""funnel_type"": ""yoga""}"
540628,funnel_start,2024-03-05T21:49:52,"{""funnel_type"": ""fasting""}"
540628,profile_start,2024-03-05T21:50:01,{}
540625,profile_start,2024-03-05T21:50:05,{}
540628,email_submit,2024-03-05T21:50:25,{}
540691,funnel_start,2024-03-05T21:57:30,"{""funnel_type"": ""activity""}"
540628,paywall_show,2024-03-05T22:06:25,{}
540625,paywall_show,2024-03-05T22:06:26,{}
540625,experiment_exposure,2024-03-05T22:06:26,"{""experiment_name"": ""exp_0"", ""experiment_group"": ""control""}"
540938,funnel_start,2024-03-05T22:27:48,"{""funnel_type"": ""fasting""}"
540938,profile_start,2024-03-05T22:27:55,{}
540938,email_submit,2024-03-05T22:28:23,{}
540938,experiment_exposure,2024-03-05T22:32:18,"{""experiment_name"": ""exp_0"", ""experiment_group"": ""control""}"
540938,paywall_show,2024-03-05T22:32:18,{}
541130,funnel_start,2024-03-05T22:50:31,"{""funnel_type"": ""fasting""}"
541444,funnel_start,2024-03-05T23:33:34,"{""funnel_type"": ""activity""}"
541444,profile_start,2024-03-05T23:33:40,{}
541444,email_submit,2024-03-05T23:34:00,{}
541444,paywall_show,2024-03-05T23:41:09,{}
541542,funnel_start,2024-03-05T23:46:10,"{""funnel_type"": ""activity""}"
541542,profile_start,2024-03-05T23:46:16,{}
541542,email_submit,2024-03-05T23:46:50,{}
541877,funnel_start,2024-03-06T00:29:57,"{""funnel_type"": ""activity""}"
541877,profile_start,2024-03-06T00:30:01,{}
541877,email_submit,2024-03-06T00:30:23,{}
541877,paywall_show,2024-03-06T00:34:55,{}
542038,funnel_start,2024-03-06T00:54:08,"{""funnel_type"": ""fasting""}"
542038,profile_start,2024-03-06T00:54:16,{}
542038,email_submit,2024-03-06T00:54:25,{}
542058,funnel_start,2024-03-06T00:57:55,"{""funnel_type"": ""yoga""}"
542058,profile_start,2024-03-06T00:58:14,{}
542038,experiment_exposure,2024-03-06T01:06:16,"{""experiment_name"": ""exp_0"", ""experiment_group"": ""test""}"
542038,paywall_show,2024-03-06T01:06:16,{}
542058,paywall_show,2024-03-06T01:09:54,{}
542145,funnel_start,2024-03-06T01:10:19,"{""funnel_type"": ""fasting""}"
542145,profile_start,2024-03-06T01:10:32,{}
542145,email_submit,2024-03-06T01:11:06,{}
542058,payment_done,2024-03-06T01:11:23,{}
542058,email_submit,2024-03-06T01:11:44,{}
542972,funnel_start,2024-03-06T03:56:58,"{""funnel_type"": ""fasting""}"
542972,profile_start,2024-03-06T03:57:07,{}
542972,email_submit,2024-03-06T03:57:53,{}
542972,paywall_show,2024-03-06T04:02:27,{}
542997,funnel_start,2024-03-06T04:05:04,"{""funnel_type"": ""activity""}"
542997,profile_start,2024-03-06T04:05:08,{}
542997,email_submit,2024-03-06T04:05:30,{}
542997,paywall_show,2024-03-06T04:10:14,{}
542997,payment_done,2024-03-06T04:13:51,{}
543082,funnel_start,2024-03-06T04:29:20,"{""funnel_type"": ""fasting""}"
543285,funnel_start,2024-03-06T05:37:54,"{""funnel_type"": ""activity""}"
543285,profile_start,2024-03-06T05:37:59,{}
543285,email_submit,2024-03-06T05:38:37,{}
543285,experiment_exposure,2024-03-06T05:48:48,"{""experiment_name"": ""exp_0"", ""experiment_group"": ""test""}"
543285,paywall_show,2024-03-06T05:48:48,{}
543372,funnel_start,2024-03-06T06:02:52,"{""funnel_type"": ""fasting""}"
543372,profile_start,2024-03-06T06:03:02,{}
543429,funnel_start,2024-03-06T06:16:40,"{""funnel_type"": ""fasting""}"
543429,profile_start,2024-03-06T06:16:49,{}
543429,email_submit,2024-03-06T06:17:17,{}
543429,paywall_show,2024-03-06T06:41:57,{}
543681,funnel_start,2024-03-06T07:20:48,"{""funnel_type"": ""fasting""}"
543681,profile_start,2024-03-06T07:20:53,{}
543681,email_submit,2024-03-06T07:21:27,{}
543681,paywall_show,2024-03-06T07:31:25,{}
544054,funnel_start,2024-03-06T08:32:32,"{""funnel_type"": ""activity""}"
544054,profile_start,2024-03-06T08:32:43,{}
544054,email_submit,2024-03-06T08:33:14,{}
544054,paywall_show,2024-03-06T08:41:46,{}
544150,funnel_start,2024-03-06T08:52:29,"{""funnel_type"": ""yoga""}"
544150,profile_start,2024-03-06T08:52:51,{}
544150,paywall_show,2024-03-06T09:04:31,{}
544150,experiment_exposure,2024-03-06T09:04:31,"{""experiment_name"": ""exp_0"", ""experiment_group"": ""control""}"
544379,funnel_start,2024-03-06T09:32:11,"{""funnel_type"": ""fasting""}"
544742,funnel_start,2024-03-06T10:35:05,"{""funnel_type"": ""yoga""}"
544742,profile_start,2024-03-06T10:35:11,{}
544742,paywall_show,2024-03-06T10:41:31,{}
544847,funnel_start,2024-03-06T10:55:08,"{""funnel_type"": ""fasting""}"
544847,profile_start,2024-03-06T10:55:11,{}
544847,email_submit,2024-03-06T10:55:34,{}
544847,paywall_show,2024-03-06T11:05:15,{}
544960,funnel_start,2024-03-06T11:16:07,"{""funnel_type"": ""fasting""}"
544980,funnel_start,2024-03-06T11:20:48,"{""funnel_type"": ""fasting""}"
544980,profile_start,2024-03-06T11:21:01,{}
544980,email_submit,2024-03-06T11:21:18,{}
545157,funnel_start,2024-03-06T11:44:47,"{""funnel_type"": ""activity""}"
545483,funnel_start,2024-03-06T12:39:23,"{""funnel_type"": ""fasting""}"
545483,profile_start,2024-03-06T12:39:44,{}
545483,email_submit,2024-03-06T12:39:51,{}
545483,paywall_show,2024-03-06T12:43:38,{}
545483,experiment_exposure,2024-03-06T12:43:38,"{""experiment_name"": ""exp_0"", ""experiment_group"": ""test""}"
545543,funnel_start,2024-03-06T12:48:26,"{""funnel_type"": ""fasting""}"
545941,funnel_start,2024-03-06T14:04:51,"{""funnel_type"": ""activity""}"
545941,profile_start,2024-03-06T14:04:58,{}
545941,email_submit,2024-03-06T14:05:15,{}
545941,paywall_show,2024-03-06T14:10:38,{}
546261,funnel_start,2024-03-06T15:03:17,"{""funnel_type"": ""fasting""}"
546261,profile_start,2024-03-06T15:03:23,{}
546261,email_submit,2024-03-06T15:03:48,{}
546261,experiment_exposure,2024-03-06T15:10:36,"{""experiment_name"": ""exp_0"", ""experiment_group"": ""test""}"
546261,paywall_show,2024-03-06T15:10:36,{}
546261,payment_done,2024-03-06T15:12:17,{}
546717,funnel_start,2024-03-06T16:22:18,"{""funnel_type"": ""fasting""}"
546717,profile_start,2024-03-06T16:22:34,{}
546717,email_submit,2024-03-06T16:23:09,{}
546763,funnel_start,2024-03-06T16:29:18,"{""funnel_type"": ""fasting""}"
546763,profile_start,2024-03-06T16:29:26,{}
546763,email_submit,2024-03-06T16:30:19,{}
546815,funnel_start,2024-03-06T16:37:20,"{""funnel_type"": ""fasting""}"
546815,profile_start,2024-03-06T16:37:35,{}
546815,email_submit,2024-03-06T16:37:54,{}
546763,paywall_show,2024-03-06T16:40:17,{}
546717,experiment_exposure,2024-03-06T16:46:41,"{""experiment_name"": ""exp_0"", ""experiment_group"": ""test""}"
546717,paywall_show,2024-03-06T16:46:41,{}
546815,paywall_show,2024-03-06T16:47:01,{}
546941,funnel_start,2024-03-06T16:56:05,"{""funnel_type"": ""activity""}"
546944,funnel_start,2024-03-06T16:57:17,"{""funnel_type"": ""yoga""}"
546944,profile_start,2024-03-06T16:57:48,{}
546944,paywall_show,2024-03-06T17:02:31,{}
547061,funnel_start,2024-03-06T17:19:11,"{""funnel_type"": ""activity""}"
547061,profile_start,2024-03-06T17:19:25,{}
547061,email_submit,2024-03-06T17:19:56,{}
547061,paywall_show,2024-03-06T17:22:55,{}
547458,funnel_start,2024-03-06T18:22:05,"{""funnel_type"": ""activity""}"
547458,profile_start,2024-03-06T18:22:11,{}
547458,email_submit,2024-03-06T18:22:38,{}
547458,experiment_exposure,2024-03-06T18:36:34,"{""experiment_name"": ""exp_0"", ""experiment_group"": ""test""}"
547458,paywall_show,2024-03-06T18:36:34,{}
547584,funnel_start,2024-03-06T18:40:33,"{""funnel_type"": ""fasting""}"
547584,profile_start,2024-03-06T18:40:44,{}
547585,funnel_start,2024-03-06T18:40:57,"{""funnel_type"": ""fasting""}"
547584,email_submit,2024-03-06T18:41:00,{}
547584,paywall_show,2024-03-06T18:49:16,{}
547584,experiment_exposure,2024-03-06T18:49:16,"{""experiment_name"": ""exp_0"", ""experiment_group"": ""control""}"
547703,funnel_start,2024-03-06T18:58:00,"{""funnel_type"": ""yoga""}"
547779,funnel_start,2024-03-06T19:09:15,"{""funnel_type"": ""fasting""}"
547779,profile_start,2024-03-06T19:09:27,{}
547779,email_submit,2024-03-06T19:10:03,{}
547864,funnel_start,2024-03-06T19:22:04,"{""funnel_type"": ""yoga""}"
547864,profile_start,2024-03-06T19:22:15,{}
547779,paywall_show,2024-03-06T19:22:27,{}
547877,funnel_start,2024-03-06T19:24:37,"{""funnel_type"": ""fasting""}"
547877,profile_start,2024-03-06T19:24:46,{}
547877,email_submit,2024-03-06T19:25:19,{}
547877,experiment_exposure,2024-03-06T19:28:18,"{""experiment_name"": ""exp_0"", ""experiment_group"": ""control""}"
547877,paywall_show,2024-03-06T19:28:18,{}
548046,funnel_start,2024-03-06T19:47:58,"{""funnel_type"": ""yoga""}"
548046,profile_start,2024-03-06T19:48:11,{}
548173,funnel_start,2024-03-06T20:05:31,"{""funnel_type"": ""activity""}"
548173,profile_start,2024-03-06T20:05:39,{}
548173,email_submit,2024-03-06T20:07:17,{}
548207,funnel_start,2024-03-06T20:10:10,"{""funnel_type"": ""activity""}"
548213,funnel_start,2024-03-06T20:11:04,"{""funnel_type"": ""fasting""}"
548213,profile_start,2024-03-06T20:11:17,{}
548213,email_submit,2024-03-06T20:11:34,{}
548173,experiment_exposure,2024-03-06T20:15:29,"{""experiment_name"": ""exp_0"", ""experiment_group"": ""test""}"
548173,paywall_show,2024-03-06T20:15:29,{}
548173,payment_done,2024-03-06T20:16:41,{}
548213,paywall_show,2024-03-06T20:17:12,{}
548213,experiment_exposure,2024-03-06T20:17:12,"{""experiment_name"": ""exp_0"", ""experiment_group"": ""control""}"
548424,funnel_start,2024-03-06T20:38:45,"{""funnel_type"": ""activity""}"
548740,funnel_start,2024-03-06T21:19:47,"{""funnel_type"": ""activity""}"
548740,profile_start,2024-03-06T21:19:51,{}
548740,email_submit,2024-03-06T21:20:05,{}
548825,funnel_start,2024-03-06T21:30:17,"{""funnel_type"": ""fasting""}"
548740,paywall_show,2024-03-06T21:31:53,{}
549274,funnel_start,2024-03-06T22:20:58,"{""funnel_type"": ""fasting""}"
549454,funnel_start,2024-03-06T22:43:37,"{""funnel_type"": ""fasting""}"
549454,profile_start,2024-03-06T22:43:44,{}
549454,email_submit,2024-03-06T22:43:59,{}
549563,funnel_start,2024-03-06T22:57:04,"{""funnel_type"": ""fasting""}"
549563,profile_start,2024-03-06T22:57:18,{}
549563,email_submit,2024-03-06T22:57:29,{}
549454,paywall_show,2024-03-06T22:58:05,{}
549454,experiment_exposure,2024-03-06T22:58:05,"{""experiment_name"": ""exp_0"", ""experiment_group"": ""control""}"
549622,funnel_start,2024-03-06T23:03:42,"{""funnel_type"": ""fasting""}"
549622,profile_start,2024-03-06T23:03:57,{}
549622,email_submit,2024-03-06T23:04:19,{}
550032,funnel_start,2024-03-06T23:54:36,"{""funnel_type"": ""activity""}"
550032,profile_start,2024-03-06T23:54:44,{}
550032,email_submit,2024-03-06T23:55:08,{}
550032,paywall_show,2024-03-07T00:04:33,{}
550111,funnel_start,2024-03-07T00:05:57,"{""funnel_type"": ""fasting""}"
550111,profile_start,2024-03-07T00:06:03,{}
550111,email_submit,2024-03-07T00:06:27,{}
550111,paywall_show,2024-03-07T00:27:15,{}
550670,funnel_start,2024-03-07T01:36:04,"{""funnel_type"": ""activity""}"
550670,profile_start,2024-03-07T01:36:20,{}
550670,email_submit,2024-03-07T01:36:32,{}
550670,paywall_show,2024-03-07T01:41:57,{}
550907,funnel_start,2024-03-07T02:17:04,"{""funnel_type"": ""activity""}"
551045,funnel_start,2024-03-07T02:45:38,"{""funnel_type"": ""fasting""}"
551045,profile_start,2024-03-07T02:45:53,{}
551045,email_submit,2024-03-07T02:46:10,{}
551045,paywall_show,2024-03-07T02:50:28,{}
551045,experiment_exposure,2024-03-07T02:50:28,"{""experiment_name"": ""exp_0"", ""experiment_group"": ""control""}"
551082,funnel_start,2024-03-07T02:54:00,"{""funnel_type"": ""fasting""}"
551082,profile_start,2024-03-07T02:54:07,{}
551421,funnel_start,2024-03-07T04:11:04,"{""funnel_type"": ""activity""}"
551421,profile_start,2024-03-07T04:11:11,{}
551421,email_submit,2024-03-07T04:11:27,{}
551421,paywall_show,2024-03-07T04:21:50,{}
551421,payment_done,2024-03-07T04:26:14,{}
551747,funnel_start,2024-03-07T05:45:49,"{""funnel_type"": ""fasting""}"
552023,funnel_start,2024-03-07T07:04:01,"{""funnel_type"": ""fasting""}"
552023,profile_start,2024-03-07T07:04:21,{}
552023,email_submit,2024-03-07T07:05:02,{}
552023,paywall_show,2024-03-07T07:11:25,{}
552547,funnel_start,2024-03-07T08:52:27,"{""funnel_type"": ""activity""}"
552691,funnel_start,2024-03-07T09:16:11,"{""funnel_type"": ""activity""}"
552700,funnel_start,2024-03-07T09:18:14,"{""funnel_type"": ""activity""}"
552700,profile_start,2024-03-07T09:18:20,{}
552700,email_submit,2024-03-07T09:18:37,{}
552726,funnel_start,2024-03-07T09:22:23,"{""funnel_type"": ""fasting""}"
552726,profile_start,2024-03-07T09:22:32,{}
552726,email_submit,2024-03-07T09:22:45,{}
552700,paywall_show,2024-03-07T09:24:29,{}
552700,experiment_exposure,2024-03-07T09:24:29,"{""experiment_name"": ""exp_0"", ""experiment_group"": ""test""}"
553157,funnel_start,2024-03-07T10:34:32,"{""funnel_type"": ""yoga""}"
553157,profile_start,2024-03-07T10:35:01,{}
553191,funnel_start,2024-03-07T10:39:55,"{""funnel_type"": ""fasting""}"
553157,paywall_show,2024-03-07T10:40:00,{}
553191,profile_start,2024-03-07T10:40:06,{}
553191,email_submit,2024-03-07T10:40:19,{}
553496,funnel_start,2024-03-07T11:30:25,"{""funnel_type"": ""fasting""}"
553496,profile_start,2024-03-07T11:30:37,{}
553496,email_submit,2024-03-07T11:31:16,{}
553496,paywall_show,2024-03-07T11:39:18,{}
553662,funnel_start,2024-03-07T11:57:47,"{""funnel_type"": ""fasting""}"
553914,funnel_start,2024-03-07T12:42:05,"{""funnel_type"": ""activity""}"
553914,profile_start,2024-03-07T12:42:11,{}
553914,email_submit,2024-03-07T12:42:57,{}
553914,experiment_exposure,2024-03-07T12:54:10,"{""experiment_name"": ""exp_0"", ""experiment_group"": ""control""}"
553914,paywall_show,2024-03-07T12:54:10,{}
553914,payment_done,2024-03-07T12:54:53,{}
554157,funnel_start,2024-03-07T13:26:44,"{""funnel_type"": ""fasting""}"
554157,profile_start,2024-03-07T13:26:53,{}
554157,email_submit,2024-03-07T13:27:05,{}
554195,funnel_start,2024-03-07T13:32:35,"{""funnel_type"": ""fasting""}"
554195,profile_start,2024-03-07T13:32:56,{}
554157,paywall_show,2024-03-07T13:34:01,{}
554641,funnel_start,2024-03-07T14:56:45,"{""funnel_type"": ""fasting""}"
554641,profile_start,2024-03-07T14:57:14,{}
554641,email_submit,2024-03-07T14:57:50,{}
554641,paywall_show,2024-03-07T15:19:30,{}
554789,funnel_start,2024-03-07T15:20:51,"{""funnel_type"": ""fasting""}"
554789,profile_start,2024-03-07T15:21:05,{}
554789,email_submit,2024-03-07T15:21:14,{}
554789,paywall_show,2024-03-07T15:32:09,{}
554789,experiment_exposure,2024-03-07T15:32:09,"{""experiment_name"": ""exp_1"", ""experiment_group"": ""test""}"
554870,funnel_start,2024-03-07T15:33:27,"{""funnel_type"": ""yoga""}"
554870,profile_start,2024-03-07T15:33:55,{}
554887,funnel_start,2024-03-07T15:35:25,"{""funnel_type"": ""fasting""}"
554887,profile_start,2024-03-07T15:35:41,{}
554870,paywall_show,2024-03-07T15:44:57,{}
556391,funnel_start,2024-03-07T19:40:50,"{""funnel_type"": ""fasting""}"
556391,profile_start,2024-03-07T19:40:56,{}
556391,email_submit,2024-03-07T19:41:15,{}
556418,funnel_start,2024-03-07T19:44:37,"{""funnel_type"": ""yoga""}"
556418,profile_start,2024-03-07T19:44:46,{}
556510,funnel_start,2024-03-07T19:56:20,"{""funnel_type"": ""yoga""}"
556510,profile_start,2024-03-07T19:56:44,{}
556517,funnel_start,2024-03-07T19:56:58,"{""funnel_type"": ""fasting""}"
556517,profile_start,2024-03-07T19:57:03,{}
556517,email_submit,2024-03-07T19:57:12,{}
556555,funnel_start,2024-03-07T20:03:17,"{""funnel_type"": ""fasting""}"
556555,profile_start,2024-03-07T20:03:24,{}
556555,email_submit,2024-03-07T20:03:43,{}
556510,paywall_show,2024-03-07T20:04:41,{}
556555,paywall_show,2024-03-07T20:17:23,{}
556661,funnel_start,2024-03-07T20:17:41,"{""funnel_type"": ""activity""}"
556661,profile_start,2024-03-07T20:17:50,{}
556661,email_submit,2024-03-07T20:18:15,{}
556661,paywall_show,2024-03-07T20:23:28,{}
556849,funnel_start,2024-03-07T20:44:20,"{""funnel_type"": ""fasting""}"
556849,profile_start,2024-03-07T20:44:25,{}
556849,email_submit,2024-03-07T20:44:44,{}
556874,funnel_start,2024-03-07T20:48:01,"{""funnel_type"": ""activity""}"
556874,profile_start,2024-03-07T20:48:10,{}
556874,email_submit,2024-03-07T20:48:26,{}
556874,paywall_show,2024-03-07T20:50:14,{}
556874,experiment_exposure,2024-03-07T20:50:14,"{""experiment_name"": ""exp_0"", ""experiment_group"": ""control""}"
557150,funnel_start,2024-03-07T21:23:01,"{""funnel_type"": ""yoga""}"
557150,profile_start,2024-03-07T21:23:21,{}
557150,paywall_show,2024-03-07T21:25:34,{}
557150,payment_done,2024-03-07T21:26:47,{}
557150,email_submit,2024-03-07T21:27:19,{}
557342,funnel_start,2024-03-07T21:48:21,"{""funnel_type"": ""yoga""}"
557342,profile_start,2024-03-07T21:48:35,{}
557342,paywall_show,2024-03-07T22:01:15,{}
557464,funnel_start,2024-03-07T22:04:17,"{""funnel_type"": ""fasting""}"
557464,profile_start,2024-03-07T22:04:28,{}
557464,email_submit,2024-03-07T22:04:54,{}
558325,funnel_start,2024-03-07T23:57:07,"{""funnel_type"": ""fasting""}"
558325,profile_start,2024-03-07T23:57:14,{}
558325,email_submit,2024-03-07T23:57:37,{}
558325,paywall_show,2024-03-08T00:06:31,{}
558498,funnel_start,2024-03-08T00:22:48,"{""funnel_type"": ""fasting""}"
558498,profile_start,2024-03-08T00:22:57,{}
558498,email_submit,2024-03-08T00:23:15,{}
558498,experiment_exposure,2024-03-08T00:31:28,"{""experiment_name"": ""exp_0"", ""experiment_group"": ""test""}"
558498,paywall_show,2024-03-08T00:31:28,{}
558694,funnel_start,2024-03-08T00:49:28,"{""funnel_type"": ""fasting""}"
558694,profile_start,2024-03-08T00:49:36,{}
558694,email_submit,2024-03-08T00:49:51,{}
558694,paywall_show,2024-03-08T01:00:07,{}
559362,funnel_start,2024-03-08T02:51:04,"{""funnel_type"": ""fasting""}"
559362,profile_start,2024-03-08T02:51:27,{}
559362,email_submit,2024-03-08T02:51:46,{}
559362,paywall_show,2024-03-08T03:02:32,{}
559362,experiment_exposure,2024-03-08T03:02:32,"{""experiment_name"": ""exp_1"", ""experiment_group"": ""control""}"
560029,funnel_start,2024-03-08T05:54:21,"{""funnel_type"": ""activity""}"
560543,funnel_start,2024-03-08T07:55:46,"{""funnel_type"": ""fasting""}"
560543,profile_start,2024-03-08T07:55:55,{}
560543,email_submit,2024-03-08T07:56:27,{}
560543,experiment_exposure,2024-03-08T08:03:14,"{""experiment_name"": ""exp_1"", ""experiment_group"": ""control""}"
560543,paywall_show,2024-03-08T08:03:14,{}
560820,funnel_start,2024-03-08T08:46:05,"{""funnel_type"": ""fasting""}"
560820,profile_start,2024-03-08T08:46:14,{}
560820,email_submit,2024-03-08T08:46:39,{}
560820,paywall_show,2024-03-08T08:55:11,{}
561880,funnel_start,2024-03-08T11:43:06,"{""funnel_type"": ""fasting""}"
561880,profile_start,2024-03-08T11:43:21,{}
561880,email_submit,2024-03-08T11:44:09,{}
561880,paywall_show,2024-03-08T11:50:13,{}
561974,funnel_start,2024-03-08T12:00:08,"{""funnel_type"": ""fasting""}"
561974,profile_start,2024-03-08T12:00:20,{}
561974,email_submit,2024-03-08T12:00:48,{}
561974,paywall_show,2024-03-08T12:04:32,{}
561974,experiment_exposure,2024-03-08T12:04:32,"{""experiment_name"": ""exp_0"", ""experiment_group"": ""control""}"
562096,funnel_start,2024-03-08T12:20:24,"{""funnel_type"": ""fasting""}"
562096,profile_start,2024-03-08T12:20:32,{}
562096,email_submit,2024-03-08T12:20:48,{}
562203,funnel_start,2024-03-08T12:40:27,"{""funnel_type"": ""activity""}"
562203,profile_start,2024-03-08T12:40:36,{}
562329,funnel_start,2024-03-08T13:06:48,"{""funnel_type"": ""fasting""}"
562329,profile_start,2024-03-08T13:07:00,{}
562707,funnel_start,2024-03-08T14:15:06,"{""funnel_type"": ""fasting""}"
563086,funnel_start,2024-03-08T15:24:58,"{""funnel_type"": ""activity""}"
563259,funnel_start,2024-03-08T15:54:01,"{""funnel_type"": ""fasting""}"
563259,profile_start,2024-03-08T15:54:11,{}
563259,email_submit,2024-03-08T15:54:27,{}
563259,experiment_exposure,2024-03-08T16:12:20,"{""experiment_name"": ""exp_0"", ""experiment_group"": ""test""}"
563259,paywall_show,2024-03-08T16:12:20,{}
563588,funnel_start,2024-03-08T16:51:00,"{""funnel_type"": ""activity""}"
563588,profile_start,2024-03-08T16:51:04,{}
563588,email_submit,2024-03-08T16:51:36,{}
563627,funnel_start,2024-03-08T16:57:01,"{""funnel_type"": ""activity""}"
563627,profile_start,2024-03-08T16:57:11,{}
563627,email_submit,2024-03-08T16:57:29,{}
563627,experiment_exposure,2024-03-08T17:03:24,"{""experiment_name"": ""exp_0"", ""experiment_group"": ""control""}"
563627,paywall_show,2024-03-08T17:03:24,{}
563677,funnel_start,2024-03-08T17:06:27,"{""funnel_type"": ""fasting""}"
563994,funnel_start,2024-03-08T17:59:15,"{""funnel_type"": ""activity""}"
563994,profile_start,2024-03-08T17:59:20,{}
563994,email_submit,2024-03-08T17:59:36,{}
563999,funnel_start,2024-03-08T17:59:57,"{""funnel_type"": ""fasting""}"
563999,profile_start,2024-03-08T18:00:19,{}
563999,email_submit,2024-03-08T18:00:51,{}
563994,paywall_show,2024-03-08T18:03:45,{}
563994,experiment_exposure,2024-03-08T18:03:45,"{""experiment_name"": ""exp_0"", ""experiment_group"": ""test""}"
563999,experiment_exposure,2024-03-08T18:05:37,"{""experiment_name"": ""exp_0"", ""experiment_group"": ""control""}"
563999,paywall_show,2024-03-08T18:05:37,{}
564599,funnel_start,2024-03-08T19:30:17,"{""funnel_type"": ""fasting""}"
564599,profile_start,2024-03-08T19:30:28,{}
564599,email_submit,2024-03-08T19:30:54,{}
564599,experiment_exposure,2024-03-08T19:37:50,"{""experiment_name"": ""exp_0"", ""experiment_group"": ""control""}"
564599,paywall_show,2024-03-08T19:37:50,{}
564961,funnel_start,2024-03-08T20:26:23,"{""funnel_type"": ""activity""}"
564961,profile_start,2024-03-08T20:26:34,{}
564961,email_submit,2024-03-08T20:27:09,{}
564961,experiment_exposure,2024-03-08T20:35:06,"{""experiment_name"": ""exp_0"", ""experiment_group"": ""control""}"
564961,paywall_show,2024-03-08T20:35:06,{}
565135,funnel_start,2024-03-08T20:48:31,"{""funnel_type"": ""fasting""}"
565135,profile_start,2024-03-08T20:48:40,{}
565403,funnel_start,2024-03-08T21:24:38,"{""funnel_type"": ""fasting""}"
565403,profile_start,2024-03-08T21:24:48,{}
565403,email_submit,2024-03-08T21:25:06,{}
565422,funnel_start,2024-03-08T21:27:01,"{""funnel_type"": ""fasting""}"
565422,profile_start,2024-03-08T21:27:09,{}
565422,email_submit,2024-03-08T21:27:30,{}
565403,paywall_show,2024-03-08T21:31:43,{}
565403,experiment_exposure,2024-03-08T21:31:43,"{""experiment_name"": ""exp_1"", ""experiment_group"": ""control""}"
565510,funnel_start,2024-03-08T21:37:31,"{""funnel_type"": ""fasting""}"
565510,profile_start,2024-03-08T21:37:41,{}
565510,email_submit,2024-03-08T21:37:58,{}
565422,experiment_exposure,2024-03-08T21:41:24,"{""experiment_name"": ""exp_0"", ""experiment_group"": ""test""}"
565422,paywall_show,2024-03-08T21:41:24,{}
565742,funnel_start,2024-03-08T22:06:44,"{""funnel_type"": ""fasting""}"
565742,profile_start,2024-03-08T22:06:58,{}
565816,funnel_start,2024-03-08T22:15:21,"{""funnel_type"": ""yoga""}"
565816,profile_start,2024-03-08T22:15:34,{}
565931,funnel_start,2024-03-08T22:30:56,"{""funnel_type"": ""activity""}"
565931,profile_start,2024-03-08T22:31:03,{}
565931,email_submit,2024-03-08T22:31:24,{}
565931,paywall_show,2024-03-08T22:36:13,{}
566021,funnel_start,2024-03-08T22:42:03,"{""funnel_type"": ""activity""}"
566021,profile_start,2024-03-08T22:42:09,{}
566021,email_submit,2024-03-08T22:42:26,{}
566021,experiment_exposure,2024-03-08T22:45:10,"{""experiment_name"": ""exp_1"", ""experiment_group"": ""control""}"
566021,paywall_show,2024-03-08T22:45:10,{}
566078,funnel_start,2024-03-08T22:47:56,"{""funnel_type"": ""activity""}"
566363,funnel_start,2024-03-08T23:21:45,"{""funnel_type"": ""activity""}"
566363,profile_start,2024-03-08T23:21:58,{}
566363,email_submit,2024-03-08T23:22:18,{}
566363,experiment_exposure,2024-03-08T23:43:56,"{""experiment_name"": ""exp_0"", ""experiment_group"": ""control""}"
566363,paywall_show,2024-03-08T23:43:56,{}
566683,funnel_start,2024-03-09T00:06:40,"{""funnel_type"": ""fasting""}"
566683,profile_start,2024-03-09T00:06:45,{}
566917,funnel_start,2024-03-09T00:40:52,"{""funnel_type"": ""activity""}"
566917,profile_start,2024-03-09T00:40:56,{}
566917,email_submit,2024-03-09T00:41:13,{}
566929,funnel_start,2024-03-09T00:42:29,"{""funnel_type"": ""fasting""}"
566929,profile_start,2024-03-09T00:42:37,{}
566929,email_submit,2024-03-09T00:42:58,{}
566917,paywall_show,2024-03-09T00:46:20,{}
566929,paywall_show,2024-03-09T00:54:28,{}
567095,funnel_start,2024-03-09T01:10:31,"{""funnel_type"": ""fasting""}"
567095,profile_start,2024-03-09T01:10:41,{}
567095,email_submit,2024-03-09T01:10:53,{}
567095,paywall_show,2024-03-09T01:16:35,{}
567095,experiment_exposure,2024-03-09T01:16:35,"{""experiment_name"": ""exp_0"", ""experiment_group"": ""test""}"
567130,funnel_start,2024-03-09T01:19:44,"{""funnel_type"": ""fasting""}"
567130,profile_start,2024-03-09T01:19:51,{}
567130,email_submit,2024-03-09T01:20:12,{}
567202,funnel_start,2024-03-09T01:33:30,"{""funnel_type"": ""fasting""}"
567202,profile_start,2024-03-09T01:33:40,{}
567202,email_submit,2024-03-09T01:33:53,{}
567130,paywall_show,2024-03-09T01:34:25,{}
567223,funnel_start,2024-03-09T01:38:46,"{""funnel_type"": ""fasting""}"
567223,profile_start,2024-03-09T01:38:55,{}
567223,email_submit,2024-03-09T01:39:19,{}
567238,funnel_start,2024-03-09T01:41:32,"{""funnel_type"": ""activity""}"
567238,profile_start,2024-03-09T01:41:43,{}
567238,email_submit,2024-03-09T01:42:10,{}
567223,paywall_show,2024-03-09T01:48:13,{}
567238,paywall_show,2024-03-09T01:49:51,{}
568228,funnel_start,2024-03-09T05:59:42,"{""funnel_type"": ""fasting""}"
568228,profile_start,2024-03-09T05:59:51,{}
568228,email_submit,2024-03-09T06:00:28,{}
568228,paywall_show,2024-03-09T06:10:07,{}
568228,experiment_exposure,2024-03-09T06:10:07,"{""experiment_name"": ""exp_0"", ""experiment_group"": ""test""}"
568438,funnel_start,2024-03-09T06:50:31,"{""funnel_type"": ""activity""}"
568438,profile_start,2024-03-09T06:50:42,{}
568438,email_submit,2024-03-09T06:51:06,{}
568438,paywall_show,2024-03-09T06:57:44,{}
568438,experiment_exposure,2024-03-09T06:57:44,"{""experiment_name"": ""exp_0"", ""experiment_group"": ""control""}"
568670,funnel_start,2024-03-09T07:43:17,"{""funnel_type"": ""yoga""}"
568670,profile_start,2024-03-09T07:43:32,{}
568760,funnel_start,2024-03-09T08:00:34,"{""funnel_type"": ""fasting""}"
568760,profile_start,2024-03-09T08:00:45,{}
568760,email_submit,2024-03-09T08:01:15,{}
569263,funnel_start,2024-03-09T09:30:45,"{""funnel_type"": ""fasting""}"
569263,profile_start,2024-03-09T09:30:55,{}
569263,email_submit,2024-03-09T09:31:19,{}
569263,paywall_show,2024-03-09T09:35:00,{}
569589,funnel_start,2024-03-09T10:24:37,"{""funnel_type"": ""fasting""}"
569589,profile_start,2024-03-09T10:24:44,{}
569924,funnel_start,2024-03-09T11:13:43,"{""funnel_type"": ""fasting""}"
570266,funnel_start,2024-03-09T12:19:30,"{""funnel_type"": ""activity""}"
570266,profile_start,2024-03-09T12:19:33,{}
570266,email_submit,2024-03-09T12:19:45,{}
570301,funnel_start,2024-03-09T12:25:40,"{""funnel_type"": ""activity""}"
570301,profile_start,2024-03-09T12:25:50,{}
570301,email_submit,2024-03-09T12:26:12,{}
570266,paywall_show,2024-03-09T12:29:09,{}
570266,experiment_exposure,2024-03-09T12:29:09,"{""experiment_name"": ""exp_0"", ""experiment_group"": ""control""}"
570441,funnel_start,2024-03-09T12:52:31,"{""funnel_type"": ""activity""}"
570441,profile_start,2024-03-09T12:52:37,{}
570441,email_submit,2024-03-09T12:53:00,{}
570441,paywall_show,2024-03-09T12:58:03,{}
570575,funnel_start,2024-03-09T13:18:44,"{""funnel_type"": ""fasting""}"
570575,profile_start,2024-03-09T13:18:50,{}
570575,email_submit,2024-03-09T13:19:08,{}
570582,funnel_start,2024-03-09T13:20:17,"{""funnel_type"": ""fasting""}"
570575,experiment_exposure,2024-03-09T13:27:19,"{""experiment_name"": ""exp_1"", ""experiment_group"": ""test""}"
570575,paywall_show,2024-03-09T13:27:19,{}
570642,funnel_start,2024-03-09T13:30:22,"{""funnel_type"": ""activity""}"
570642,profile_start,2024-03-09T13:30:28,{}
570642,email_submit,2024-03-09T13:30:36,{}
570642,paywall_show,2024-03-09T13:34:57,{}
570730,funnel_start,2024-03-09T13:48:25,"{""funnel_type"": ""fasting""}"
570730,profile_start,2024-03-09T13:48:41,{}
570730,email_submit,2024-03-09T13:49:01,{}
571371,funnel_start,2024-03-09T15:41:31,"{""funnel_type"": ""activity""}"
571371,profile_start,2024-03-09T15:41:38,{}
571371,email_submit,2024-03-09T15:41:53,{}
571371,paywall_show,2024-03-09T15:49:15,{}
571749,funnel_start,2024-03-09T16:48:21,"{""funnel_type"": ""fasting""}"
571749,profile_start,2024-03-09T16:48:28,{}
571749,email_submit,2024-03-09T16:48:36,{}
571749,experiment_exposure,2024-03-09T16:53:39,"{""experiment_name"": ""exp_0"", ""experiment_group"": ""control""}"
571749,paywall_show,2024-03-09T16:53:39,{}
571784,funnel_start,2024-03-09T16:56:46,"{""funnel_type"": ""fasting""}"
571784,profile_start,2024-03-09T16:56:55,{}
571784,email_submit,2024-03-09T16:58:05,{}
571986,funnel_start,2024-03-09T17:33:01,"{""funnel_type"": ""fasting""}"
571986,profile_start,2024-03-09T17:33:16,{}
572616,funnel_start,2024-03-09T19:10:12,"{""funnel_type"": ""activity""}"
572616,profile_start,2024-03-09T19:10:17,{}
572616,email_submit,2024-03-09T19:10:44,{}
572616,paywall_show,2024-03-09T19:21:17,{}
572616,experiment_exposure,2024-03-09T19:21:17,"{""experiment_name"": ""exp_0"", ""experiment_group"": ""test""}"
572722,funnel_start,2024-03-09T19:25:42,"{""funnel_type"": ""fasting""}"
572722,profile_start,2024-03-09T19:25:47,{}
572722,email_submit,2024-03-09T19:26:30,{}
572738,funnel_start,2024-03-09T19:27:28,"{""funnel_type"": ""fasting""}"
572738,profile_start,2024-03-09T19:27:37,{}
572738,email_submit,2024-03-09T19:27:59,{}
573357,funnel_start,2024-03-09T20:52:56,"{""funnel_type"": ""fasting""}"
573357,profile_start,2024-03-09T20:53:05,{}
573357,email_submit,2024-03-09T20:53:42,{}
573357,paywall_show,2024-03-09T21:01:32,{}
573557,funnel_start,2024-03-09T21:15:20,"{""funnel_type"": ""activity""}"
573557,profile_start,2024-03-09T21:15:27,{}
573557,email_submit,2024-03-09T21:17:00,{}
573584,funnel_start,2024-03-09T21:19:19,"{""funnel_type"": ""activity""}"
573677,funnel_start,2024-03-09T21:29:56,"{""funnel_type"": ""fasting""}"
573677,profile_start,2024-03-09T21:30:11,{}
573677,email_submit,2024-03-09T21:30:28,{}
573702,funnel_start,2024-03-09T21:33:35,"{""funnel_type"": ""fasting""}"
573702,profile_start,2024-03-09T21:33:45,{}
573702,email_submit,2024-03-09T21:33:54,{}
573702,paywall_show,2024-03-09T21:38:34,{}
573677,paywall_show,2024-03-09T21:41:10,{}
573835,funnel_start,2024-03-09T21:51:50,"{""funnel_type"": ""activity""}"
573835,profile_start,2024-03-09T21:52:01,{}
573835,email_submit,2024-03-09T21:52:18,{}
573835,experiment_exposure,2024-03-09T21:59:22,"{""experiment_name"": ""exp_1"", ""experiment_group"": ""test""}"
573835,paywall_show,2024-03-09T21:59:22,{}
574292,funnel_start,2024-03-09T22:44:29,"{""funnel_type"": ""activity""}"
574292,profile_start,2024-03-09T22:44:36,{}
574292,email_submit,2024-03-09T22:45:27,{}
574292,paywall_show,2024-03-09T22:52:45,{}
574515,funnel_start,2024-03-09T23:12:28,"{""funnel_type"": ""fasting""}"
574515,profile_start,2024-03-09T23:12:38,{}
574515,email_submit,2024-03-09T23:12:59,{}
574698,funnel_start,2024-03-09T23:35:59,"{""funnel_type"": ""fasting""}"
574698,profile_start,2024-03-09T23:36:08,{}
574698,email_submit,2024-03-09T23:36:55,{}
574698,experiment_exposure,2024-03-09T23:45:37,"{""experiment_name"": ""exp_0"", ""experiment_group"": ""test""}"
574698,paywall_show,2024-03-09T23:45:37,{}
574982,funnel_start,2024-03-10T00:12:34,"{""funnel_type"": ""fasting""}"
574982,profile_start,2024-03-10T00:12:42,{}
575274,funnel_start,2024-03-10T00:56:34,"{""funnel_type"": ""fasting""}"
575274,profile_start,2024-03-10T00:56:39,{}
575274,email_submit,2024-03-10T00:57:15,{}
575308,funnel_start,2024-03-10T01:02:15,"{""funnel_type"": ""fasting""}"
575308,profile_start,2024-03-10T01:02:35,{}
575308,email_submit,2024-03-10T01:02:56,{}
575318,funnel_start,2024-03-10T01:04:19,"{""funnel_type"": ""fasting""}"
575318,profile_start,2024-03-10T01:04:30,{}
575318,email_submit,2024-03-10T01:04:43,{}
575318,paywall_show,2024-03-10T01:09:42,{}
575347,funnel_start,2024-03-10T01:10:08,"{""funnel_type"": ""activity""}"
575838,funnel_start,2024-03-10T02:40:21,"{""funnel_type"": ""fasting""}"
575838,profile_start,2024-03-10T02:40:32,{}
575838,email_submit,2024-03-10T02:40:46,{}
575838,paywall_show,2024-03-10T02:46:29,{}
575894,funnel_start,2024-03-10T02:55:03,"{""funnel_type"": ""fasting""}"
575894,profile_start,2024-03-10T02:55:14,{}
575894,email_submit,2024-03-10T02:55:28,{}
575894,paywall_show,2024-03-10T03:03:18,{}
575894,experiment_exposure,2024-03-10T03:03:18,"{""experiment_name"": ""exp_1"", ""experiment_group"": ""test""}"
575894,payment_done,2024-03-10T03:05:03,{}
576143,funnel_start,2024-03-10T03:56:20,"{""funnel_type"": ""activity""}"
576443,funnel_start,2024-03-10T05:20:04,"{""funnel_type"": ""fasting""}"
576443,profile_start,2024-03-10T05:20:15,{}
576443,email_submit,2024-03-10T05:20:30,{}
576443,paywall_show,2024-03-10T05:27:49,{}
576523,funnel_start,2024-03-10T05:42:40,"{""funnel_type"": ""activity""}"
576617,funnel_start,2024-03-10T06:08:09,"{""funnel_type"": ""yoga""}"
576617,profile_start,2024-03-10T06:08:22,{}
576649,funnel_start,2024-03-10T06:16:24,"{""funnel_type"": ""activity""}"
576649,profile_start,2024-03-10T06:16:29,{}
576649,email_submit,2024-03-10T06:17:03,{}
576617,paywall_show,2024-03-10T06:18:14,{}
576649,paywall_show,2024-03-10T06:20:39,{}
576798,funnel_start,2024-03-10T06:50:39,"{""funnel_type"": ""fasting""}"
577141,funnel_start,2024-03-10T08:08:48,"{""funnel_type"": ""yoga""}"
577141,profile_start,2024-03-10T08:09:05,{}
577141,paywall_show,2024-03-10T08:14:12,{}
577141,experiment_exposure,2024-03-10T08:14:12,"{""experiment_name"": ""exp_0"", ""experiment_group"": ""control""}"
577318,funnel_start,2024-03-10T08:42:22,"{""funnel_type"": ""activity""}"
577318,profile_start,2024-03-10T08:42:49,{}
577318,email_submit,2024-03-10T08:43:10,{}
577318,paywall_show,2024-03-10T08:50:12,{}
577318,experiment_exposure,2024-03-10T08:50:12,"{""experiment_name"": ""exp_0"", ""experiment_group"": ""control""}"
577318,payment_done,2024-03-10T08:52:01,{}
577601,funnel_start,2024-03-10T09:36:38,"{""funnel_type"": ""yoga""}"
577601,profile_start,2024-03-10T09:36:54,{}
577745,funnel_start,2024-03-10T09:58:41,"{""funnel_type"": ""yoga""}"
577929,funnel_start,2024-03-10T10:31:07,"{""funnel_type"": ""activity""}"
577929,profile_start,2024-03-10T10:31:14,{}
577955,funnel_start,2024-03-10T10:34:52,"{""funnel_type"": ""yoga""}"
577955,profile_start,2024-03-10T10:35:02,{}
577955,experiment_exposure,2024-03-10T10:42:40,"{""experiment_name"": ""exp_0"", ""experiment_group"": ""test""}"
577955,paywall_show,2024-03-10T10:42:40,{}
578365,funnel_start,2024-03-10T11:46:42,"{""funnel_type"": ""fasting""}"
578367,funnel_start,2024-03-10T11:47:24,"{""funnel_type"": ""fasting""}"
578698,funnel_start,2024-03-10T12:48:27,"{""funnel_type"": ""fasting""}"
578698,profile_start,2024-03-10T12:48:44,{}
578698,email_submit,2024-03-10T12:49:04,{}
578705,funnel_start,2024-03-10T12:49:27,"{""funnel_type"": ""fasting""}"
578705,profile_start,2024-03-10T12:49:34,{}
578698,experiment_exposure,2024-03-10T12:57:58,"{""experiment_name"": ""exp_1"", ""experiment_group"": ""control""}"
578698,paywall_show,2024-03-10T12:57:58,{}
578794,funnel_start,2024-03-10T13:06:53,"{""funnel_type"": ""fasting""}"
578794,profile_start,2024-03-10T13:07:13,{}
578794,email_submit,2024-03-10T13:07:56,{}
578794,paywall_show,2024-03-10T13:21:03,{}
578794,payment_done,2024-03-10T13:23:00,{}
578924,funnel_start,2024-03-10T13:28:34,"{""funnel_type"": ""fasting""}"
578924,profile_start,2024-03-10T13:28:52,{}
578924,email_submit,2024-03-10T13:29:37,{}
579306,funnel_start,2024-03-10T14:39:30,"{""funnel_type"": ""activity""}"
579356,funnel_start,2024-03-10T14:47:28,"{""funnel_type"": ""fasting""}"
579356,profile_start,2024-03-10T14:47:41,{}
579356,email_submit,2024-03-10T14:48:25,{}
579356,paywall_show,2024-03-10T14:53:15,{}
579405,funnel_start,2024-03-10T14:55:23,"{""funnel_type"": ""fasting""}"
579405,profile_start,2024-03-10T14:55:35,{}
579405,email_submit,2024-03-10T14:55:54,{}
579405,paywall_show,2024-03-10T15:00:09,{}
580122,funnel_start,2024-03-10T16:48:23,"{""funnel_type"": ""fasting""}"
580134,funnel_start,2024-03-10T16:51:08,"{""funnel_type"": ""fasting""}"
580134,profile_start,2024-03-10T16:51:16,{}
580134,email_submit,2024-03-10T16:52:08,{}
580134,experiment_exposure,2024-03-10T16:58:55,"{""experiment_name"": ""exp_1"", ""experiment_group"": ""test""}"
580134,paywall_show,2024-03-10T16:58:55,{}
580285,funnel_start,2024-03-10T17:16:47,"{""funnel_type"": ""fasting""}"
580285,profile_start,2024-03-10T17:16:56,{}
580285,email_submit,2024-03-10T17:17:18,{}
580302,funnel_start,2024-03-10T17:19:44,"{""funnel_type"": ""fasting""}"
580302,profile_start,2024-03-10T17:19:54,{}
580302,email_submit,2024-03-10T17:20:20,{}
580285,experiment_exposure,2024-03-10T17:22:36,"{""experiment_name"": ""exp_1"", ""experiment_group"": ""test""}"
580285,paywall_show,2024-03-10T17:22:36,{}
580382,funnel_start,2024-03-10T17:32:14,"{""funnel_type"": ""fasting""}"
580382,profile_start,2024-03-10T17:32:23,{}
580382,email_submit,2024-03-10T17:32:44,{}
580302,paywall_show,2024-03-10T17:34:31,{}
580403,funnel_start,2024-03-10T17:34:55,"{""funnel_type"": ""fasting""}"
580417,funnel_start,2024-03-10T17:38:11,"{""funnel_type"": ""activity""}"
580417,profile_start,2024-03-10T17:38:18,{}
580417,email_submit,2024-03-10T17:39:06,{}
580427,funnel_start,2024-03-10T17:39:21,"{""funnel_type"": ""fasting""}"
580427,profile_start,2024-03-10T17:39:28,{}
580445,funnel_start,2024-03-10T17:41:52,"{""funnel_type"": ""yoga""}"
580445,profile_start,2024-03-10T17:42:00,{}
580445,paywall_show,2024-03-10T17:52:31,{}
580417,experiment_exposure,2024-03-10T17:53:46,"{""experiment_name"": ""exp_0"", ""experiment_group"": ""control""}"
580417,paywall_show,2024-03-10T17:53:46,{}
580868,funnel_start,2024-03-10T18:41:49,"{""funnel_type"": ""activity""}"
580868,profile_start,2024-03-10T18:41:58,{}
580868,email_submit,2024-03-10T18:42:20,{}
580868,paywall_show,2024-03-10T18:47:13,{}
580939,funnel_start,2024-03-10T18:55:31,"{""funnel_type"": ""fasting""}"
580939,profile_start,2024-03-10T18:55:39,{}
580939,email_submit,2024-03-10T18:55:47,{}
580939,paywall_show,2024-03-10T19:02:21,{}
581306,funnel_start,2024-03-10T19:51:53,"{""funnel_type"": ""activity""}"
581477,funnel_start,2024-03-10T20:13:02,"{""funnel_type"": ""fasting""}"
581477,profile_start,2024-03-10T20:13:13,{}
581477,email_submit,2024-03-10T20:13:41,{}
581477,paywall_show,2024-03-10T20:25:19,{}
581619,funnel_start,2024-03-10T20:30:39,"{""funnel_type"": ""activity""}"
581830,funnel_start,2024-03-10T20:58:32,"{""funnel_type"": ""fasting""}"
581830,profile_start,2024-03-10T20:58:44,{}
581836,funnel_start,2024-03-10T20:59:06,"{""funnel_type"": ""activity""}"
581838,funnel_start,2024-03-10T20:59:09,"{""funnel_type"": ""activity""}"
581830,email_submit,2024-03-10T20:59:12,{}
581836,profile_start,2024-03-10T20:59:13,{}
581838,profile_start,2024-03-10T20:59:18,{}
581838,email_submit,2024-03-10T20:59:39,{}
581836,email_submit,2024-03-10T20:59:44,{}
581863,funnel_start,2024-03-10T21:01:37,"{""funnel_type"": ""fasting""}"
581863,profile_start,2024-03-10T21:01:48,{}
581863,email_submit,2024-03-10T21:02:07,{}
581830,experiment_exposure,2024-03-10T21:04:56,"{""experiment_name"": ""exp_1"", ""experiment_group"": ""control""}"
581830,paywall_show,2024-03-10T21:04:56,{}
581863,experiment_exposure,2024-03-10T21:06:44,"{""experiment_name"": ""exp_0"", ""experiment_group"": ""test""}"
581863,paywall_show,2024-03-10T21:06:44,{}
581836,paywall_show,2024-03-10T21:09:00,{}
581836,payment_done,2024-03-10T21:10:37,{}
582766,funnel_start,2024-03-10T22:51:29,"{""funnel_type"": ""activity""}"
582916,funnel_start,2024-03-10T23:07:46,"{""funnel_type"": ""activity""}"
582946,funnel_start,2024-03-10T23:10:35,"{""funnel_type"": ""fasting""}"
582946,profile_start,2024-03-10T23:10:42,{}
583340,funnel_start,2024-03-11T00:03:51,"{""funnel_type"": ""fasting""}"
583340,profile_start,2024-03-11T00:03:56,{}
583340,email_submit,2024-03-11T00:04:13,{}
583369,funnel_start,2024-03-11T00:08:22,"{""funnel_type"": ""yoga""}"
583369,profile_start,2024-03-11T00:08:49,{}
583340,paywall_show,2024-03-11T00:18:31,{}
583340,experiment_exposure,2024-03-11T00:18:31,"{""experiment_name"": ""exp_0"", ""experiment_group"": ""control""}"
583369,paywall_show,2024-03-11T00:18:44,{}
583674,funnel_start,2024-03-11T00:52:12,"{""funnel_type"": ""activity""}"
584242,funnel_start,2024-03-11T02:37:09,"{""funnel_type"": ""yoga""}"
584242,profile_start,2024-03-11T02:37:15,{}
584291,funnel_start,2024-03-11T02:48:59,"{""funnel_type"": ""yoga""}"
584291,profile_start,2024-03-11T02:49:13,{}
584291,experiment_exposure,2024-03-11T03:00:54,"{""experiment_name"": ""exp_1"", ""experiment_group"": ""control""}"
584291,paywall_show,2024-03-11T03:00:54,{}
585351,funnel_start,2024-03-11T07:27:49,"{""funnel_type"": ""fasting""}"
585351,profile_start,2024-03-11T07:28:18,{}
585351,email_submit,2024-03-11T07:28:55,{}
585351,paywall_show,2024-03-11T07:45:09,{}
585731,funnel_start,2024-03-11T08:43:28,"{""funnel_type"": ""fasting""}"
585731,profile_start,2024-03-11T08:43:33,{}
585731,email_submit,2024-03-11T08:44:12,{}
585731,experiment_exposure,2024-03-11T08:49:44,"{""experiment_name"": ""exp_1"", ""experiment_group"": ""test""}"
585731,paywall_show,2024-03-11T08:49:44,{}
585984,funnel_start,2024-03-11T09:24:38,"{""funnel_type"": ""fasting""}"
586828,funnel_start,2024-03-11T11:48:28,"{""funnel_type"": ""activity""}"
586844,funnel_start,2024-03-11T11:51:13,"{""funnel_type"": ""fasting""}"
586844,profile_start,2024-03-11T11:51:21,{}
586844,email_submit,2024-03-11T11:51:40,{}
586844,paywall_show,2024-03-11T11:58:54,{}
586917,funnel_start,2024-03-11T12:04:43,"{""funnel_type"": ""activity""}"
587305,funnel_start,2024-03-11T13:06:49,"{""funnel_type"": ""activity""}"
587305,profile_start,2024-03-11T13:07:00,{}
587305,email_submit,2024-03-11T13:07:24,{}
587305,paywall_show,2024-03-11T13:14:47,{}
587396,funnel_start,2024-03-11T13:23:06,"{""funnel_type"": ""fasting""}"
587396,profile_start,2024-03-11T13:23:13,{}
587396,email_submit,2024-03-11T13:23:47,{}
587408,funnel_start,2024-03-11T13:26:50,"{""funnel_type"": ""activity""}"
587408,experiment_exposure,2024-03-11T13:26:59,"{""experiment_name"": ""exp_4"", ""experiment_group"": ""control""}"
587408,profile_start,2024-03-11T13:26:59,{}
587408,email_submit,2024-03-11T13:27:09,{}
587396,experiment_exposure,2024-03-11T13:28:23,"{""experiment_name"": ""exp_0"", ""experiment_group"": ""control""}"
587396,paywall_show,2024-03-11T13:28:23,{}
587527,funnel_start,2024-03-11T13:52:47,"{""funnel_type"": ""fasting""}"
587547,funnel_start,2024-03-11T13:54:57,"{""funnel_type"": ""activity""}"
587547,experiment_exposure,2024-03-11T13:55:10,"{""experiment_name"": ""exp_4"", ""experiment_group"": ""test""}"
587547,profile_start,2024-03-11T13:55:10,{}
587547,email_submit,2024-03-11T13:55:21,{}
587547,paywall_show,2024-03-11T14:08:46,{}
588207,funnel_start,2024-03-11T15:52:55,"{""funnel_type"": ""activity""}"
588207,profile_start,2024-03-11T15:53:06,{}
588207,email_submit,2024-03-11T15:53:17,{}
588207,paywall_show,2024-03-11T15:58:48,{}
588207,experiment_exposure,2024-03-11T15:58:48,"{""experiment_name"": ""exp_0"", ""experiment_group"": ""test""}"
588932,funnel_start,2024-03-11T17:58:15,"{""funnel_type"": ""fasting""}"
588932,profile_start,2024-03-11T17:58:25,{}
588932,email_submit,2024-03-11T17:58:50,{}
588932,experiment_exposure,2024-03-11T18:06:20,"{""experiment_name"": ""exp_1"", ""experiment_group"": ""test""}"
588932,paywall_show,2024-03-11T18:06:20,{}
589157,funnel_start,2024-03-11T18:33:56,"{""funnel_type"": ""fasting""}"
589550,funnel_start,2024-03-11T19:28:59,"{""funnel_type"": ""fasting""}"
589550,experiment_exposure,2024-03-11T19:29:06,"{""experiment_name"": ""exp_4"", ""experiment_group"": ""control""}"
589550,profile_start,2024-03-11T19:29:06,{}
589550,email_submit,2024-03-11T19:29:26,{}
590241,funnel_start,2024-03-11T21:05:55,"{""funnel_type"": ""fasting""}"
590241,profile_start,2024-03-11T21:06:07,{}
590241,email_submit,2024-03-11T21:06:40,{}
590269,funnel_start,2024-03-11T21:08:54,"{""funnel_type"": ""fasting""}"
590269,profile_start,2024-03-11T21:09:26,{}
590269,email_submit,2024-03-11T21:09:48,{}
590241,experiment_exposure,2024-03-11T21:11:03,"{""experiment_name"": ""exp_1"", ""experiment_group"": ""control""}"
590241,paywall_show,2024-03-11T21:11:03,{}
590299,funnel_start,2024-03-11T21:13:00,"{""funnel_type"": ""fasting""}"
590299,experiment_exposure,2024-03-11T21:13:06,"{""experiment_name"": ""exp_4"", ""experiment_group"": ""control""}"
590299,profile_start,2024-03-11T21:13:06,{}
590299,email_submit,2024-03-11T21:13:15,{}
590269,paywall_show,2024-03-11T21:19:32,{}
590347,funnel_start,2024-03-11T21:19:37,"{""funnel_type"": ""activity""}"
590269,payment_done,2024-03-11T21:21:01,{}
590299,paywall_show,2024-03-11T21:26:16,{}
590713,funnel_start,2024-03-11T22:06:18,"{""funnel_type"": ""fasting""}"
590713,profile_start,2024-03-11T22:06:28,{}
590713,experiment_exposure,2024-03-11T22:06:28,"{""experiment_name"": ""exp_4"", ""experiment_group"": ""control""}"
590713,email_submit,2024-03-11T22:06:59,{}
590725,funnel_start,2024-03-11T22:08:01,"{""funnel_type"": ""fasting""}"
590713,paywall_show,2024-03-11T22:14:07,{}
590887,funnel_start,2024-03-11T22:25:20,"{""funnel_type"": ""activity""}"
590887,profile_start,2024-03-11T22:25:32,{}
590887,email_submit,2024-03-11T22:25:51,{}
590887,experiment_exposure,2024-03-11T22:33:38,"{""experiment_name"": ""exp_0"", ""experiment_group"": ""control""}"
590887,paywall_show,2024-03-11T22:33:38,{}
591222,funnel_start,2024-03-11T23:05:49,"{""funnel_type"": ""activity""}"
591222,profile_start,2024-03-11T23:06:10,{}
591332,funnel_start,2024-03-11T23:21:05,"{""funnel_type"": ""activity""}"
591332,profile_start,2024-03-11T23:21:12,{}
591332,email_submit,2024-03-11T23:21:26,{}
591332,paywall_show,2024-03-11T23:24:54,{}
591398,funnel_start,2024-03-11T23:29:39,"{""funnel_type"": ""yoga""}"
591508,funnel_start,2024-03-11T23:42:19,"{""funnel_type"": ""fasting""}"
591508,experiment_exposure,2024-03-11T23:42:28,"{""experiment_name"": ""exp_4"", ""experiment_group"": ""test""}"
591508,profile_start,2024-03-11T23:42:28,{}
591508,email_submit,2024-03-11T23:42:54,{}
591508,paywall_show,2024-03-11T23:47:20,{}
591864,funnel_start,2024-03-12T00:36:04,"{""funnel_type"": ""fasting""}"
591864,profile_start,2024-03-12T00:36:10,{}
591864,email_submit,2024-03-12T00:36:32,{}
591876,funnel_start,2024-03-12T00:37:50,"{""funnel_type"": ""activity""}"
591876,profile_start,2024-03-12T00:37:57,{}
591876,email_submit,2024-03-12T00:38:11,{}
591864,paywall_show,2024-03-12T00:41:41,{}
591864,experiment_exposure,2024-03-12T00:41:41,"{""experiment_name"": ""exp_1"", ""experiment_group"": ""control""}"
591876,paywall_show,2024-03-12T00:42:25,{}
591876,experiment_exposure,2024-03-12T00:42:25,"{""experiment_name"": ""exp_0"", ""experiment_group"": ""test""}"
592065,funnel_start,2024-03-12T01:10:44,"{""funnel_type"": ""activity""}"
592287,funnel_start,2024-03-12T01:43:43,"{""funnel_type"": ""activity""}"
592354,funnel_start,2024-03-12T01:53:13,"{""funnel_type"": ""activity""}"
592354,profile_start,2024-03-12T01:53:24,{}
592354,email_submit,2024-03-12T01:54:08,{}
592354,paywall_show,2024-03-12T02:05:38,{}
592354,experiment_exposure,2024-03-12T02:05:38,"{""experiment_name"": ""exp_0"", ""experiment_group"": ""control""}"
592502,funnel_start,2024-03-12T02:22:51,"{""funnel_type"": ""fasting""}"
592502,profile_start,2024-03-12T02:23:02,{}
592502,email_submit,2024-03-12T02:23:36,{}
592502,paywall_show,2024-03-12T02:28:22,{}
592502,experiment_exposure,2024-03-12T02:28:22,"{""experiment_name"": ""exp_0"", ""experiment_group"": ""control""}"
592566,funnel_start,2024-03-12T02:39:22,"{""funnel_type"": ""fasting""}"
592566,profile_start,2024-03-12T02:39:35,{}
592566,experiment_exposure,2024-03-12T02:39:35,"{""experiment_name"": ""exp_4"", ""experiment_group"": ""control""}"
592566,email_submit,2024-03-12T02:39:59,{}
592566,paywall_show,2024-03-12T02:47:02,{}
592958,funnel_start,2024-03-12T04:10:48,"{""funnel_type"": ""fasting""}"
592958,profile_start,2024-03-12T04:11:00,{}
592958,email_submit,2024-03-12T04:11:44,{}
593080,funnel_start,2024-03-12T04:50:41,"{""funnel_type"": ""activity""}"
593183,funnel_start,2024-03-12T05:17:13,"{""funnel_type"": ""fasting""}"
593183,profile_start,2024-03-12T05:17:22,{}
593183,email_submit,2024-03-12T05:17:34,{}
593464,funnel_start,2024-03-12T06:36:26,"{""funnel_type"": ""activity""}"
593464,profile_start,2024-03-12T06:36:35,{}
593464,email_submit,2024-03-12T06:37:02,{}
593464,experiment_exposure,2024-03-12T06:46:53,"{""experiment_name"": ""exp_0"", ""experiment_group"": ""test""}"
593464,paywall_show,2024-03-12T06:46:53,{}
593967,funnel_start,2024-03-12T08:15:11,"{""funnel_type"": ""fasting""}"
594021,funnel_start,2024-03-12T08:27:35,"{""funnel_type"": ""fasting""}"
594021,experiment_exposure,2024-03-12T08:27:49,"{""experiment_name"": ""exp_4"", ""experiment_group"": ""test""}"
594021,profile_start,2024-03-12T08:27:49,{}
594021,email_submit,2024-03-12T08:28:14,{}
594065,funnel_start,2024-03-12T08:39:29,"{""funnel_type"": ""fasting""}"
594065,profile_start,2024-03-12T08:39:37,{}
594065,email_submit,2024-03-12T08:40:04,{}
594021,paywall_show,2024-03-12T08:45:08,{}
594065,paywall_show,2024-03-12T08:49:47,{}
594065,experiment_exposure,2024-03-12T08:49:47,"{""experiment_name"": ""exp_0"", ""experiment_group"": ""test""}"
594165,funnel_start,2024-03-12T08:59:27,"{""funnel_type"": ""fasting""}"
594165,profile_start,2024-03-12T08:59:32,{}
594165,email_submit,2024-03-12T08:59:42,{}
594165,experiment_exposure,2024-03-12T09:03:55,"{""experiment_name"": ""exp_0"", ""experiment_group"": ""test""}"
594165,paywall_show,2024-03-12T09:03:55,{}
594438,funnel_start,2024-03-12T09:49:42,"{""funnel_type"": ""activity""}"
594452,funnel_start,2024-03-12T09:50:52,"{""funnel_type"": ""activity""}"
594452,profile_start,2024-03-12T09:51:04,{}
594452,experiment_exposure,2024-03-12T09:51:04,"{""experiment_name"": ""exp_4"", ""experiment_group"": ""control""}"
594452,email_submit,2024-03-12T09:51:21,{}
594452,paywall_show,2024-03-12T09:54:14,{}
594607,funnel_start,2024-03-12T10:15:39,"{""funnel_type"": ""fasting""}"
594607,profile_start,2024-03-12T10:15:50,{}
594607,email_submit,2024-03-12T10:16:12,{}
594607,paywall_show,2024-03-12T10:27:38,{}
594607,payment_done,2024-03-12T10:31:28,{}
595502,funnel_start,2024-03-12T12:59:04,"{""funnel_type"": ""activity""}"
595502,profile_start,2024-03-12T12:59:14,{}
595502,email_submit,2024-03-12T12:59:38,{}
595502,experiment_exposure,2024-03-12T13:05:24,"{""experiment_name"": ""exp_0"", ""experiment_group"": ""test""}"
595502,paywall_show,2024-03-12T13:05:24,{}
595601,funnel_start,2024-03-12T13:16:21,"{""funnel_type"": ""fasting""}"
595601,profile_start,2024-03-12T13:16:30,{}
595601,email_submit,2024-03-12T13:17:01,{}
595601,paywall_show,2024-03-12T13:25:44,{}
596242,funnel_start,2024-03-12T15:16:23,"{""funnel_type"": ""fasting""}"
596242,profile_start,2024-03-12T15:16:30,{}
596242,email_submit,2024-03-12T15:16:44,{}
596242,paywall_show,2024-03-12T15:23:48,{}
596499,funnel_start,2024-03-12T15:56:13,"{""funnel_type"": ""activity""}"
596499,profile_start,2024-03-12T15:56:16,{}
597098,funnel_start,2024-03-12T17:30:47,"{""funnel_type"": ""fasting""}"
597098,profile_start,2024-03-12T17:30:59,{}
597098,email_submit,2024-03-12T17:31:16,{}
597098,paywall_show,2024-03-12T17:33:47,{}
597265,funnel_start,2024-03-12T18:03:01,"{""funnel_type"": ""activity""}"
597279,funnel_start,2024-03-12T18:05:33,"{""funnel_type"": ""fasting""}"
597279,profile_start,2024-03-12T18:05:40,{}
597279,email_submit,2024-03-12T18:06:01,{}
597279,paywall_show,2024-03-12T18:10:18,{}
597279,experiment_exposure,2024-03-12T18:10:18,"{""experiment_name"": ""exp_0"", ""experiment_group"": ""control""}"
597494,funnel_start,2024-03-12T18:39:08,"{""funnel_type"": ""activity""}"
597494,profile_start,2024-03-12T18:39:23,{}
597494,experiment_exposure,2024-03-12T18:39:23,"{""experiment_name"": ""exp_4"", ""experiment_group"": ""control""}"
597494,email_submit,2024-03-12T18:39:37,{}
597501,funnel_start,2024-03-12T18:40:06,"{""funnel_type"": ""fasting""}"
597501,profile_start,2024-03-12T18:40:13,{}
597501,email_submit,2024-03-12T18:40:29,{}
597501,experiment_exposure,2024-03-12T18:43:50,"{""experiment_name"": ""exp_1"", ""experiment_group"": ""control""}"
597501,paywall_show,2024-03-12T18:43:50,{}
597552,funnel_start,2024-03-12T18:47:40,"{""funnel_type"": ""activity""}"
597552,profile_start,2024-03-12T18:47:47,{}
597494,paywall_show,2024-03-12T18:48:00,{}
597552,email_submit,2024-03-12T18:48:01,{}
597585,funnel_start,2024-03-12T18:51:12,"{""funnel_type"": ""fasting""}"
597585,profile_start,2024-03-12T18:51:22,{}
597585,email_submit,2024-03-12T18:51:32,{}
597552,paywall_show,2024-03-12T19:00:25,{}
597552,experiment_exposure,2024-03-12T19:00:25,"{""experiment_name"": ""exp_0"", ""experiment_group"": ""test""}"
597585,paywall_show,2024-03-12T19:00:53,{}
597585,experiment_exposure,2024-03-12T19:00:53,"{""experiment_name"": ""exp_1"", ""experiment_group"": ""test""}"
597898,funnel_start,2024-03-12T19:36:33,"{""funnel_type"": ""fasting""}"
597919,funnel_start,2024-03-12T19:38:57,"{""funnel_type"": ""fasting""}"
597964,funnel_start,2024-03-12T19:44:20,"{""funnel_type"": ""fasting""}"
597964,profile_start,2024-03-12T19:44:28,{}
597964,email_submit,2024-03-12T19:45:09,{}
597964,paywall_show,2024-03-12T19:56:50,{}
598134,funnel_start,2024-03-12T20:08:17,"{""funnel_type"": ""fasting""}"
598134,profile_start,2024-03-12T20:08:29,{}
598134,experiment_exposure,2024-03-12T20:08:29,"{""experiment_name"": ""exp_4"", ""experiment_group"": ""test""}"
598134,email_submit,2024-03-12T20:09:03,{}
598134,paywall_show,2024-03-12T20:20:05,{}
598496,funnel_start,2024-03-12T20:55:41,"{""funnel_type"": ""activity""}"
598496,profile_start,2024-03-12T20:55:47,{}
598496,email_submit,2024-03-12T20:55:58,{}
598496,experiment_exposure,2024-03-12T21:04:24,"{""experiment_name"": ""exp_0"", ""experiment_group"": ""test""}"
598496,paywall_show,2024-03-12T21:04:24,{}
598562,funnel_start,2024-03-12T21:05:58,"{""funnel_type"": ""fasting""}"
598562,profile_start,2024-03-12T21:06:06,{}
598562,email_submit,2024-03-12T21:07:00,{}
598562,paywall_show,2024-03-12T21:17:36,{}
598562,experiment_exposure,2024-03-12T21:17:36,"{""experiment_name"": ""exp_0"", ""experiment_group"": ""test""}"
599094,funnel_start,2024-03-12T22:13:52,"{""funnel_type"": ""fasting""}"
599606,funnel_start,2024-03-12T23:13:27,"{""funnel_type"": ""fasting""}"
599606,profile_start,2024-03-12T23:13:33,{}
599914,funnel_start,2024-03-12T23:51:55,"{""funnel_type"": ""activity""}"
599914,profile_start,2024-03-12T23:51:58,{}
599914,email_submit,2024-03-12T23:52:39,{}
599914,paywall_show,2024-03-12T23:59:08,{}
599914,experiment_exposure,2024-03-12T23:59:08,"{""experiment_name"": ""exp_1"", ""experiment_group"": ""control""}"
600067,funnel_start,2024-03-13T00:11:54,"{""funnel_type"": ""activity""}"
600067,profile_start,2024-03-13T00:12:03,{}
600067,email_submit,2024-03-13T00:12:42,{}
600067,paywall_show,2024-03-13T00:21:36,{}
600193,funnel_start,2024-03-13T00:31:49,"{""funnel_type"": ""activity""}"
600193,profile_start,2024-03-13T00:31:54,{}
600193,email_submit,2024-03-13T00:32:12,{}
600193,experiment_exposure,2024-03-13T00:38:12,"{""experiment_name"": ""exp_0"", ""experiment_group"": ""test""}"
600193,paywall_show,2024-03-13T00:38:12,{}
600193,payment_done,2024-03-13T00:39:05,{}
600548,funnel_start,2024-03-13T01:33:08,"{""funnel_type"": ""activity""}"
600548,profile_start,2024-03-13T01:33:14,{}
600548,email_submit,2024-03-13T01:33:37,{}
600673,funnel_start,2024-03-13T01:52:04,"{""funnel_type"": ""fasting""}"
600673,profile_start,2024-03-13T01:52:15,{}
600673,experiment_exposure,2024-03-13T01:52:15,"{""experiment_name"": ""exp_4"", ""experiment_group"": ""control""}"
600673,email_submit,2024-03-13T01:53:03,{}
600730,funnel_start,2024-03-13T01:58:45,"{""funnel_type"": ""fasting""}"
600673,paywall_show,2024-03-13T02:06:39,{}
600785,funnel_start,2024-03-13T02:09:49,"{""funnel_type"": ""yoga""}"
600785,profile_start,2024-03-13T02:10:20,{}
600785,paywall_show,2024-03-13T02:14:45,{}
600959,funnel_start,2024-03-13T02:46:25,"{""funnel_type"": ""fasting""}"
600969,funnel_start,2024-03-13T02:48:44,"{""funnel_type"": ""fasting""}"
601061,funnel_start,2024-03-13T03:08:15,"{""funnel_type"": ""fasting""}"
601229,funnel_start,2024-03-13T03:52:09,"{""funnel_type"": ""activity""}"
601229,profile_start,2024-03-13T03:52:18,{}
601229,experiment_exposure,2024-03-13T03:52:18,"{""experiment_name"": ""exp_4"", ""experiment_group"": ""control""}"
601229,email_submit,2024-03-13T03:52:46,{}
601237,funnel_start,2024-03-13T03:54:39,"{""funnel_type"": ""fasting""}"
601237,profile_start,2024-03-13T03:54:46,{}
601237,email_submit,2024-03-13T03:55:04,{}
601237,paywall_show,2024-03-13T04:03:08,{}
601237,experiment_exposure,2024-03-13T04:03:08,"{""experiment_name"": ""exp_0"", ""experiment_group"": ""control""}"
601688,funnel_start,2024-03-13T06:12:09,"{""funnel_type"": ""activity""}"
601688,profile_start,2024-03-13T06:12:13,{}
601688,email_submit,2024-03-13T06:12:31,{}
601688,experiment_exposure,2024-03-13T06:16:33,"{""experiment_name"": ""exp_0"", ""experiment_group"": ""control""}"
601688,paywall_show,2024-03-13T06:16:33,{}
601776,funnel_start,2024-03-13T06:39:48,"{""funnel_type"": ""fasting""}"
601776,experiment_exposure,2024-03-13T06:40:01,"{""experiment_name"": ""exp_4"", ""experiment_group"": ""test""}"
601776,profile_start,2024-03-13T06:40:01,{}
601776,email_submit,2024-03-13T06:40:25,{}
601776,paywall_show,2024-03-13T06:44:56,{}
602001,funnel_start,2024-03-13T07:27:39,"{""funnel_type"": ""activity""}"
602004,funnel_start,2024-03-13T07:28:34,"{""funnel_type"": ""fasting""}"
602004,profile_start,2024-03-13T07:28:45,{}
602004,email_submit,2024-03-13T07:29:02,{}
602004,paywall_show,2024-03-13T07:37:52,{}
602004,experiment_exposure,2024-03-13T07:37:52,"{""experiment_name"": ""exp_0"", ""experiment_group"": ""test""}"
602211,funnel_start,2024-03-13T08:13:43,"{""funnel_type"": ""fasting""}"
602211,profile_start,2024-03-13T08:13:51,{}
602211,experiment_exposure,2024-03-13T08:13:51,"{""experiment_name"": ""exp_4"", ""experiment_group"": ""test""}"
602211,email_submit,2024-03-13T08:14:09,{}
602211,paywall_show,2024-03-13T08:22:35,{}
602264,funnel_start,2024-03-13T08:24:41,"{""funnel_type"": ""activity""}"
602264,profile_start,2024-03-13T08:25:14,{}
602264,email_submit,2024-03-13T08:25:36,{}
602264,experiment_exposure,2024-03-13T08:29:19,"{""experiment_name"": ""exp_1"", ""experiment_group"": ""test""}"
602264,paywall_show,2024-03-13T08:29:19,{}
602264,payment_done,2024-03-13T08:31:26,{}
602327,funnel_start,2024-03-13T08:38:49,"{""funnel_type"": ""fasting""}"
602327,profile_start,2024-03-13T08:39:01,{}
602327,email_submit,2024-03-13T08:39:21,{}
602368,funnel_start,2024-03-13T08:45:34,"{""funnel_type"": ""activity""}"
602384,funnel_start,2024-03-13T08:47:10,"{""funnel_type"": ""fasting""}"
602384,profile_start,2024-03-13T08:47:21,{}
602384,email_submit,2024-03-13T08:48:07,{}
602384,paywall_show,2024-03-13T08:50:26,{}
602384,experiment_exposure,2024-03-13T08:50:26,"{""experiment_name"": ""exp_1"", ""experiment_group"": ""control""}"
602327,paywall_show,2024-03-13T08:53:12,{}
602327,experiment_exposure,2024-03-13T08:53:12,"{""experiment_name"": ""exp_1"", ""experiment_group"": ""control""}"
602681,funnel_start,2024-03-13T09:41:23,"{""funnel_type"": ""fasting""}"
602681,profile_start,2024-03-13T09:41:29,{}
602681,experiment_exposure,2024-03-13T09:41:29,"{""experiment_name"": ""exp_4"", ""experiment_group"": ""test""}"
602681,email_submit,2024-03-13T09:42:12,{}
602681,paywall_show,2024-03-13T09:46:27,{}
602844,funnel_start,2024-03-13T10:09:42,"{""funnel_type"": ""fasting""}"
602844,profile_start,2024-03-13T10:09:47,{}
602899,funnel_start,2024-03-13T10:17:43,"{""funnel_type"": ""fasting""}"
602899,profile_start,2024-03-13T10:17:57,{}
602899,email_submit,2024-03-13T10:18:44,{}
602959,funnel_start,2024-03-13T10:26:32,"{""funnel_type"": ""activity""}"
602959,experiment_exposure,2024-03-13T10:26:35,"{""experiment_name"": ""exp_4"", ""experiment_group"": ""control""}"
602959,profile_start,2024-03-13T10:26:35,{}
602899,paywall_show,2024-03-13T10:31:32,{}
603053,funnel_start,2024-03-13T10:42:25,"{""funnel_type"": ""activity""}"
603053,profile_start,2024-03-13T10:42:35,{}
603077,funnel_start,2024-03-13T10:46:55,"{""funnel_type"": ""fasting""}"
603077,experiment_exposure,2024-03-13T10:47:03,"{""experiment_name"": ""exp_4"", ""experiment_group"": ""test""}"
603077,profile_start,2024-03-13T10:47:03,{}
603077,email_submit,2024-03-13T10:47:33,{}
603077,paywall_show,2024-03-13T10:56:27,{}
603649,funnel_start,2024-03-13T12:22:51,"{""funnel_type"": ""fasting""}"
603945,funnel_start,2024-03-13T13:16:03,"{""funnel_type"": ""activity""}"
603945,experiment_exposure,2024-03-13T13:16:08,"{""experiment_name"": ""exp_4"", ""experiment_group"": ""control""}"
603945,profile_start,2024-03-13T13:16:08,{}
603945,email_submit,2024-03-13T13:17:39,{}
603945,paywall_show,2024-03-13T13:26:43,{}
604098,funnel_start,2024-03-13T13:45:00,"{""funnel_type"": ""fasting""}"
604098,profile_start,2024-03-13T13:45:11,{}
604098,email_submit,2024-03-13T13:45:51,{}
604098,paywall_show,2024-03-13T13:52:24,{}
604130,funnel_start,2024-03-13T13:53:18,"{""funnel_type"": ""fasting""}"
604130,profile_start,2024-03-13T13:53:29,{}
604130,email_submit,2024-03-13T13:53:56,{}
604130,experiment_exposure,2024-03-13T14:00:21,"{""experiment_name"": ""exp_0"", ""experiment_group"": ""test""}"
604130,paywall_show,2024-03-13T14:00:21,{}
604609,funnel_start,2024-03-13T15:15:55,"{""funnel_type"": ""activity""}"
604609,profile_start,2024-03-13T15:15:58,{}
604706,funnel_start,2024-03-13T15:29:56,"{""funnel_type"": ""activity""}"
604706,profile_start,2024-03-13T15:30:10,{}
604706,email_submit,2024-03-13T15:30:29,{}
604706,paywall_show,2024-03-13T15:40:51,{}
604824,funnel_start,2024-03-13T15:52:52,"{""funnel_type"": ""activity""}"
604923,funnel_start,2024-03-13T16:07:05,"{""funnel_type"": ""fasting""}"
604923,profile_start,2024-03-13T16:07:10,{}
604923,email_submit,2024-03-13T16:07:43,{}
604923,experiment_exposure,2024-03-13T16:19:07,"{""experiment_name"": ""exp_0"", ""experiment_group"": ""control""}"
604923,paywall_show,2024-03-13T16:19:07,{}
605206,funnel_start,2024-03-13T16:57:36,"{""funnel_type"": ""fasting""}"
605206,profile_start,2024-03-13T16:57:43,{}
605206,email_submit,2024-03-13T16:57:58,{}
605206,paywall_show,2024-03-13T17:06:00,{}
605584,funnel_start,2024-03-13T18:04:10,"{""funnel_type"": ""fasting""}"
605877,funnel_start,2024-03-13T18:48:13,"{""funnel_type"": ""fasting""}"
606023,funnel_start,2024-03-13T19:11:10,"{""funnel_type"": ""activity""}"
606023,profile_start,2024-03-13T19:11:17,{}
606023,email_submit,2024-03-13T19:11:37,{}
606023,paywall_show,2024-03-13T19:25:49,{}
606169,funnel_start,2024-03-13T19:32:11,"{""funnel_type"": ""activity""}"
606169,profile_start,2024-03-13T19:32:18,{}
606335,funnel_start,2024-03-13T19:59:31,"{""funnel_type"": ""fasting""}"
606335,profile_start,2024-03-13T19:59:41,{}
606335,email_submit,2024-03-13T19:59:52,{}
606357,funnel_start,2024-03-13T20:03:18,"{""funnel_type"": ""activity""}"
606357,profile_start,2024-03-13T20:03:26,{}
606357,email_submit,2024-03-13T20:03:38,{}
606372,funnel_start,2024-03-13T20:05:36,"{""funnel_type"": ""fasting""}"
606372,profile_start,2024-03-13T20:05:45,{}
606372,email_submit,2024-03-13T20:05:54,{}
606372,experiment_exposure,2024-03-13T20:16:11,"{""experiment_name"": ""exp_0"", ""experiment_group"": ""control""}"
606372,paywall_show,2024-03-13T20:16:11,{}
606480,funnel_start,2024-03-13T20:18:59,"{""funnel_type"": ""fasting""}"
606480,profile_start,2024-03-13T20:19:10,{}
606480,email_submit,2024-03-13T20:19:44,{}
606480,paywall_show,2024-03-13T20:26:55,{}
606480,experiment_exposure,2024-03-13T20:26:55,"{""experiment_name"": ""exp_0"", ""experiment_group"": ""test""}"
606525,funnel_start,2024-03-13T20:27:59,"{""funnel_type"": ""yoga""}"
606637,funnel_start,2024-03-13T20:41:21,"{""funnel_type"": ""fasting""}"
606637,profile_start,2024-03-13T20:41:29,{}
606637,experiment_exposure,2024-03-13T20:41:29,"{""experiment_name"": ""exp_4"", ""experiment_group"": ""control""}"
606637,email_submit,2024-03-13T20:41:57,{}
606637,paywall_show,2024-03-13T20:47:25,{}
606720,funnel_start,2024-03-13T20:52:58,"{""funnel_type"": ""fasting""}"
606720,profile_start,2024-03-13T20:53:08,{}
607169,funnel_start,2024-03-13T21:51:07,"{""funnel_type"": ""activity""}"
607169,profile_start,2024-03-13T21:51:19,{}
607207,funnel_start,2024-03-13T21:56:01,"{""funnel_type"": ""fasting""}"
607207,profile_start,2024-03-13T21:56:12,{}
607207,email_submit,2024-03-13T21:56:37,{}
607325,funnel_start,2024-03-13T22:11:57,"{""funnel_type"": ""activity""}"
607325,profile_start,2024-03-13T22:12:06,{}
607325,email_submit,2024-03-13T22:12:32,{}
607356,funnel_start,2024-03-13T22:14:10,"{""funnel_type"": ""fasting""}"
607356,profile_start,2024-03-13T22:14:22,{}
607356,email_submit,2024-03-13T22:14:50,{}
607325,experiment_exposure,2024-03-13T22:19:16,"{""experiment_name"": ""exp_0"", ""experiment_group"": ""test""}"
607325,paywall_show,2024-03-13T22:19:16,{}
607356,paywall_show,2024-03-13T22:21:00,{}
607491,funnel_start,2024-03-13T22:30:23,"{""funnel_type"": ""fasting""}"
607491,profile_start,2024-03-13T22:30:36,{}
607491,email_submit,2024-03-13T22:30:51,{}
607627,funnel_start,2024-03-13T22:44:51,"{""funnel_type"": ""activity""}"
607697,funnel_start,2024-03-13T22:53:26,"{""funnel_type"": ""yoga""}"
607740,funnel_start,2024-03-13T22:58:12,"{""funnel_type"": ""activity""}"
607740,profile_start,2024-03-13T22:58:21,{}
607740,email_submit,2024-03-13T22:58:47,{}
607740,paywall_show,2024-03-13T23:04:06,{}
607946,funnel_start,2024-03-13T23:22:32,"{""funnel_type"": ""fasting""}"
607946,profile_start,2024-03-13T23:22:41,{}
607946,email_submit,2024-03-13T23:22:53,{}
607946,paywall_show,2024-03-13T23:31:41,{}
608419,funnel_start,2024-03-14T00:22:08,"{""funnel_type"": ""activity""}"
608419,profile_start,2024-03-14T00:22:18,{}
608419,experiment_exposure,2024-03-14T00:22:18,"{""experiment_name"": ""exp_4"", ""experiment_group"": ""control""}"
608419,email_submit,2024-03-14T00:23:10,{}
608511,funnel_start,2024-03-14T00:36:11,"{""funnel_type"": ""fasting""}"
608511,experiment_exposure,2024-03-14T00:36:18,"{""experiment_name"": ""exp_4"", ""experiment_group"": ""test""}"
608511,profile_start,2024-03-14T00:36:18,{}
608511,email_submit,2024-03-14T00:36:45,{}
608511,paywall_show,2024-03-14T00:45:14,{}
608511,payment_done,2024-03-14T00:49:38,{}
609125,funnel_start,2024-03-14T02:24:19,"{""funnel_type"": ""activity""}"
609125,profile_start,2024-03-14T02:24:26,{}
609125,email_submit,2024-03-14T02:24:44,{}
609125,paywall_show,2024-03-14T02:27:39,{}
609461,funnel_start,2024-03-14T03:37:06,"{""funnel_type"": ""fasting""}"
609801,funnel_start,2024-03-14T05:07:45,"{""funnel_type"": ""fasting""}"
609801,experiment_exposure,2024-03-14T05:07:52,"{""experiment_name"": ""exp_4"", ""experiment_group"": ""control""}"
609801,profile_start,2024-03-14T05:07:52,{}
609801,email_submit,2024-03-14T05:08:08,{}
609901,funnel_start,2024-03-14T05:39:45,"{""funnel_type"": ""activity""}"
609901,profile_start,2024-03-14T05:39:56,{}
609901,email_submit,2024-03-14T05:40:22,{}
609998,funnel_start,2024-03-14T06:05:26,"{""funnel_type"": ""fasting""}"
609998,profile_start,2024-03-14T06:05:33,{}
610094,funnel_start,2024-03-14T06:31:18,"{""funnel_type"": ""yoga""}"
610094,profile_start,2024-03-14T06:31:29,{}
610094,paywall_show,2024-03-14T06:37:53,{}
610094,experiment_exposure,2024-03-14T06:37:53,"{""experiment_name"": ""exp_0"", ""experiment_group"": ""control""}"
610458,funnel_start,2024-03-14T07:49:06,"{""funnel_type"": ""activity""}"
610458,profile_start,2024-03-14T07:49:16,{}
610458,email_submit,2024-03-14T07:49:31,{}
610458,experiment_exposure,2024-03-14T07:54:16,"{""experiment_name"": ""exp_0"", ""experiment_group"": ""test""}"
610458,paywall_show,2024-03-14T07:54:16,{}
610574,funnel_start,2024-03-14T08:13:55,"{""funnel_type"": ""fasting""}"
610574,profile_start,2024-03-14T08:14:05,{}
610574,email_submit,2024-03-14T08:14:30,{}
610574,paywall_show,2024-03-14T08:18:39,{}
610634,funnel_start,2024-03-14T08:23:19,"{""funnel_type"": ""fasting""}"
610634,profile_start,2024-03-14T08:23:30,{}
610634,email_submit,2024-03-14T08:23:57,{}
610634,paywall_show,2024-03-14T08:28:51,{}
611313,funnel_start,2024-03-14T10:25:53,"{""funnel_type"": ""activity""}"
611313,profile_start,2024-03-14T10:25:57,{}
611313,email_submit,2024-03-14T10:26:02,{}
611313,paywall_show,2024-03-14T10:31:24,{}
611313,experiment_exposure,2024-03-14T10:31:24,"{""experiment_name"": ""exp_0"", ""experiment_group"": ""test""}"
611744,funnel_start,2024-03-14T11:39:40,"{""funnel_type"": ""fasting""}"
611744,profile_start,2024-03-14T11:39:50,{}
611744,email_submit,2024-03-14T11:40:03,{}
611744,experiment_exposure,2024-03-14T11:44:29,"{""experiment_name"": ""exp_0"", ""experiment_group"": ""control""}"
611744,paywall_show,2024-03-14T11:44:29,{}
612378,funnel_start,2024-03-14T13:30:40,"{""funnel_type"": ""activity""}"
612378,experiment_exposure,2024-03-14T13:30:46,"{""experiment_name"": ""exp_4"", ""experiment_group"": ""control""}"
612378,profile_start,2024-03-14T13:30:46,{}
612378,email_submit,2024-03-14T13:31:04,{}
612378,paywall_show,2024-03-14T13:33:39,{}
612519,funnel_start,2024-03-14T13:52:57,"{""funnel_type"": ""activity""}"
612519,profile_start,2024-03-14T13:53:03,{}
612519,email_submit,2024-03-14T13:53:17,{}
612519,paywall_show,2024-03-14T13:58:11,{}
612789,funnel_start,2024-03-14T14:41:37,"{""funnel_type"": ""fasting""}"
612789,profile_start,2024-03-14T14:41:54,{}
612789,email_submit,2024-03-14T14:42:13,{}
612789,experiment_exposure,2024-03-14T14:49:30,"{""experiment_name"": ""exp_0"", ""experiment_group"": ""test""}"
612789,paywall_show,2024-03-14T14:49:30,{}
612841,funnel_start,2024-03-14T14:54:04,"{""funnel_type"": ""fasting""}"
612841,profile_start,2024-03-14T14:54:15,{}
612841,email_submit,2024-03-14T14:54:45,{}
612841,experiment_exposure,2024-03-14T15:00:49,"{""experiment_name"": ""exp_1"", ""experiment_group"": ""control""}"
612841,paywall_show,2024-03-14T15:00:49,{}
613138,funnel_start,2024-03-14T15:43:39,"{""funnel_type"": ""activity""}"
613138,profile_start,2024-03-14T15:43:44,{}
613139,funnel_start,2024-03-14T15:43:50,"{""funnel_type"": ""fasting""}"
613138,email_submit,2024-03-14T15:44:01,{}
613138,paywall_show,2024-03-14T15:55:53,{}
613293,funnel_start,2024-03-14T16:08:11,"{""funnel_type"": ""fasting""}"
613449,funnel_start,2024-03-14T16:35:15,"{""funnel_type"": ""yoga""}"
613449,profile_start,2024-03-14T16:35:28,{}
614035,funnel_start,2024-03-14T18:09:59,"{""funnel_type"": ""fasting""}"
614035,profile_start,2024-03-14T18:10:11,{}
614035,email_submit,2024-03-14T18:10:30,{}
614041,funnel_start,2024-03-14T18:11:06,"{""funnel_type"": ""activity""}"
614041,profile_start,2024-03-14T18:11:13,{}
614041,email_submit,2024-03-14T18:11:34,{}
614041,paywall_show,2024-03-14T18:19:16,{}
614035,paywall_show,2024-03-14T18:21:58,{}
614887,funnel_start,2024-03-14T20:13:05,"{""funnel_type"": ""fasting""}"
615076,funnel_start,2024-03-14T20:35:42,"{""funnel_type"": ""fasting""}"
615076,profile_start,2024-03-14T20:35:49,{}
615314,funnel_start,2024-03-14T21:06:42,"{""funnel_type"": ""fasting""}"
615314,profile_start,2024-03-14T21:06:47,{}
615314,email_submit,2024-03-14T21:07:03,{}
615339,funnel_start,2024-03-14T21:10:11,"{""funnel_type"": ""fasting""}"
615339,profile_start,2024-03-14T21:10:28,{}
615339,email_submit,2024-03-14T21:10:54,{}
615314,paywall_show,2024-03-14T21:14:15,{}
615314,payment_done,2024-03-14T21:15:29,{}
615424,funnel_start,2024-03-14T21:21:12,"{""funnel_type"": ""fasting""}"
615424,profile_start,2024-03-14T21:21:20,{}
615424,email_submit,2024-03-14T21:21:33,{}
615427,funnel_start,2024-03-14T21:21:44,"{""funnel_type"": ""yoga""}"
615427,profile_start,2024-03-14T21:21:53,{}
615339,paywall_show,2024-03-14T21:22:02,{}
615339,experiment_exposure,2024-03-14T21:22:02,"{""experiment_name"": ""exp_1"", ""experiment_group"": ""test""}"
615427,paywall_show,2024-03-14T21:26:59,{}
615427,experiment_exposure,2024-03-14T21:26:59,"{""experiment_name"": ""exp_0"", ""experiment_group"": ""control""}"
615424,paywall_show,2024-03-14T21:32:50,{}
615581,funnel_start,2024-03-14T21:39:57,"{""funnel_type"": ""fasting""}"
615581,profile_start,2024-03-14T21:40:10,{}
615581,email_submit,2024-03-14T21:40:17,{}
615581,experiment_exposure,2024-03-14T21:48:40,"{""experiment_name"": ""exp_0"", ""experiment_group"": ""test""}"
615581,paywall_show,2024-03-14T21:48:40,{}
615830,funnel_start,2024-03-14T22:13:19,"{""funnel_type"": ""fasting""}"
615830,profile_start,2024-03-14T22:13:25,{}
616220,funnel_start,2024-03-14T22:59:10,"{""funnel_type"": ""fasting""}"
616321,funnel_start,2024-03-14T23:12:59,"{""funnel_type"": ""fasting""}"
616321,profile_start,2024-03-14T23:13:03,{}
616396,funnel_start,2024-03-14T23:19:23,"{""funnel_type"": ""yoga""}"
616459,funnel_start,2024-03-14T23:27:46,"{""funnel_type"": ""fasting""}"
616459,experiment_exposure,2024-03-14T23:27:56,"{""experiment_name"": ""exp_4"", ""experiment_group"": ""test""}"
616459,profile_start,2024-03-14T23:27:56,{}
616666,funnel_start,2024-03-14T23:55:39,"{""funnel_type"": ""yoga""}"
616821,funnel_start,2024-03-15T00:18:08,"{""funnel_type"": ""fasting""}"
616821,profile_start,2024-03-15T00:18:20,{}
616821,email_submit,2024-03-15T00:19:08,{}
616821,paywall_show,2024-03-15T00:28:00,{}
616821,experiment_exposure,2024-03-15T00:28:00,"{""experiment_name"": ""exp_1"", ""experiment_group"": ""test""}"
617717,funnel_start,2024-03-15T02:41:05,"{""funnel_type"": ""activity""}"
617869,funnel_start,2024-03-15T03:16:14,"{""funnel_type"": ""fasting""}"
617869,profile_start,2024-03-15T03:16:28,{}
618037,funnel_start,2024-03-15T04:05:00,"{""funnel_type"": ""activity""}"
618375,funnel_start,2024-03-15T05:53:46,"{""funnel_type"": ""activity""}"
618375,profile_start,2024-03-15T05:53:50,{}
618375,email_submit,2024-03-15T05:54:00,{}
618427,funnel_start,2024-03-15T06:05:19,"{""funnel_type"": ""activity""}"
618427,profile_start,2024-03-15T06:05:25,{}
618427,email_submit,2024-03-15T06:05:42,{}
618427,paywall_show,2024-03-15T06:08:47,{}
618505,funnel_start,2024-03-15T06:25:10,"{""funnel_type"": ""activity""}"
618505,profile_start,2024-03-15T06:25:14,{}
618505,email_submit,2024-03-15T06:25:23,{}
618505,experiment_exposure,2024-03-15T06:32:21,"{""experiment_name"": ""exp_0"", ""experiment_group"": ""test""}"
618505,paywall_show,2024-03-15T06:32:21,{}
618505,payment_done,2024-03-15T06:33:34,{}
618547,funnel_start,2024-03-15T06:40:56,"{""funnel_type"": ""fasting""}"
618547,profile_start,2024-03-15T06:41:07,{}
618547,experiment_exposure,2024-03-15T06:41:07,"{""experiment_name"": ""exp_4"", ""experiment_group"": ""control""}"
618547,email_submit,2024-03-15T06:41:37,{}
618569,funnel_start,2024-03-15T06:45:05,"{""funnel_type"": ""fasting""}"
618569,profile_start,2024-03-15T06:45:13,{}
618569,email_submit,2024-03-15T06:45:46,{}
618547,paywall_show,2024-03-15T06:47:56,{}
618812,funnel_start,2024-03-15T07:42:27,"{""funnel_type"": ""activity""}"
618812,profile_start,2024-03-15T07:42:35,{}
619037,funnel_start,2024-03-15T08:21:58,"{""funnel_type"": ""fasting""}"
619135,funnel_start,2024-03-15T08:42:17,"{""funnel_type"": ""activity""}"
620175,funnel_start,2024-03-15T11:37:10,"{""funnel_type"": ""activity""}"
620175,profile_start,2024-03-15T11:37:17,{}
620175,experiment_exposure,2024-03-15T11:37:17,"{""experiment_name"": ""exp_4"", ""experiment_group"": ""control""}"
620175,email_submit,2024-03-15T11:37:44,{}
620175,paywall_show,2024-03-15T11:46:39,{}
620298,funnel_start,2024-03-15T11:59:03,"{""funnel_type"": ""activity""}"
620991,funnel_start,2024-03-15T14:05:44,"{""funnel_type"": ""activity""}"
620991,profile_start,2024-03-15T14:05:54,{}
620991,email_submit,2024-03-15T14:06:20,{}
620991,paywall_show,2024-03-15T14:11:17,{}
622142,funnel_start,2024-03-15T17:27:42,"{""funnel_type"": ""fasting""}"
622142,profile_start,2024-03-15T17:27:48,{}
622142,email_submit,2024-03-15T17:28:00,{}
622142,experiment_exposure,2024-03-15T17:40:55,"{""experiment_name"": ""exp_1"", ""experiment_group"": ""control""}"
622142,paywall_show,2024-03-15T17:40:55,{}
622371,funnel_start,2024-03-15T18:03:25,"{""funnel_type"": ""fasting""}"
622549,funnel_start,2024-03-15T18:26:17,"{""funnel_type"": ""fasting""}"
622549,profile_start,2024-03-15T18:26:33,{}
622549,experiment_exposure,2024-03-15T18:26:33,"{""experiment_name"": ""exp_4"", ""experiment_group"": ""test""}"
622549,email_submit,2024-03-15T18:27:05,{}
622598,funnel_start,2024-03-15T18:33:22,"{""funnel_type"": ""activity""}"
622549,paywall_show,2024-03-15T18:41:03,{}
622549,payment_done,2024-03-15T18:43:39,{}
623328,funnel_start,2024-03-15T20:27:55,"{""funnel_type"": ""fasting""}"
623328,experiment_exposure,2024-03-15T20:28:03,"{""experiment_name"": ""exp_4"", ""experiment_group"": ""test""}"
623328,profile_start,2024-03-15T20:28:03,{}
623328,email_submit,2024-03-15T20:28:25,{}
623328,paywall_show,2024-03-15T20:33:02,{}
623383,funnel_start,2024-03-15T20:34:58,"{""funnel_type"": ""fasting""}"
623383,profile_start,2024-03-15T20:35:02,{}
623383,email_submit,2024-03-15T20:35:14,{}
623394,funnel_start,2024-03-15T20:35:56,"{""funnel_type"": ""activity""}"
623394,experiment_exposure,2024-03-15T20:36:07,"{""experiment_name"": ""exp_4"", ""experiment_group"": ""control""}"
623394,profile_start,2024-03-15T20:36:07,{}
623394,email_submit,2024-03-15T20:36:37,{}
623383,experiment_exposure,2024-03-15T20:40:55,"{""experiment_name"": ""exp_0"", ""experiment_group"": ""test""}"
623383,paywall_show,2024-03-15T20:40:55,{}
623504,funnel_start,2024-03-15T20:52:28,"{""funnel_type"": ""yoga""}"
623753,funnel_start,2024-03-15T21:27:48,"{""funnel_type"": ""fasting""}"
623753,profile_start,2024-03-15T21:27:53,{}
623753,email_submit,2024-03-15T21:28:29,{}
623753,experiment_exposure,2024-03-15T21:45:10,"{""experiment_name"": ""exp_1"", ""experiment_group"": ""test""}"
623753,paywall_show,2024-03-15T21:45:10,{}
623888,funnel_start,2024-03-15T21:46:10,"{""funnel_type"": ""activity""}"
623888,profile_start,2024-03-15T21:46:20,{}
623888,email_submit,2024-03-15T21:46:56,{}
623985,funnel_start,2024-03-15T21:56:21,"{""funnel_type"": ""fasting""}"
623985,profile_start,2024-03-15T21:56:33,{}
623985,experiment_exposure,2024-03-15T21:56:33,"{""experiment_name"": ""exp_4"", ""experiment_group"": ""control""}"
623985,email_submit,2024-03-15T21:56:43,{}
623985,paywall_show,2024-03-15T22:06:13,{}
624182,funnel_start,2024-03-15T22:19:20,"{""funnel_type"": ""fasting""}"
624182,experiment_exposure,2024-03-15T22:19:30,"{""experiment_name"": ""exp_4"", ""experiment_group"": ""control""}"
624182,profile_start,2024-03-15T22:19:30,{}
624256,funnel_start,2024-03-15T22:27:15,"{""funnel_type"": ""yoga""}"
624256,profile_start,2024-03-15T22:27:29,{}
624256,experiment_exposure,2024-03-15T22:36:51,"{""experiment_name"": ""exp_1"", ""experiment_group"": ""control""}"
624256,paywall_show,2024-03-15T22:36:51,{}
624451,funnel_start,2024-03-15T22:52:48,"{""funnel_type"": ""fasting""}"
624451,experiment_exposure,2024-03-15T22:53:02,"{""experiment_name"": ""exp_4"", ""experiment_group"": ""control""}"
624451,profile_start,2024-03-15T22:53:02,{}
624451,email_submit,2024-03-15T22:53:26,{}
624451,paywall_show,2024-03-15T23:03:57,{}
624738,funnel_start,2024-03-15T23:28:43,"{""funnel_type"": ""fasting""}"
624738,profile_start,2024-03-15T23:29:00,{}
624759,funnel_start,2024-03-15T23:32:01,"{""funnel_type"": ""activity""}"
624759,profile_start,2024-03-15T23:32:07,{}
624759,email_submit,2024-03-15T23:32:16,{}
624759,paywall_show,2024-03-15T23:39:17,{}
624989,funnel_start,2024-03-16T00:01:19,"{""funnel_type"": ""fasting""}"
624989,profile_start,2024-03-16T00:01:35,{}
624989,email_submit,2024-03-16T00:01:44,{}
624989,paywall_show,2024-03-16T00:11:28,{}
625358,funnel_start,2024-03-16T00:48:40,"{""funnel_type"": ""fasting""}"
625358,profile_start,2024-03-16T00:48:49,{}
625358,experiment_exposure,2024-03-16T00:48:49,"{""experiment_name"": ""exp_4"", ""experiment_group"": ""test""}"
625358,email_submit,2024-03-16T00:49:14,{}
625401,funnel_start,2024-03-16T00:54:15,"{""funnel_type"": ""activity""}"
625401,profile_start,2024-03-16T00:54:23,{}
625402,funnel_start,2024-03-16T00:54:26,"{""funnel_type"": ""activity""}"
625402,profile_start,2024-03-16T00:54:34,{}
625401,email_submit,2024-03-16T00:55:17,{}
625402,email_submit,2024-03-16T00:55:17,{}
625415,funnel_start,2024-03-16T00:55:56,"{""funnel_type"": ""yoga""}"
625415,profile_start,2024-03-16T00:56:05,{}
625401,paywall_show,2024-03-16T00:59:25,{}
625401,experiment_exposure,2024-03-16T00:59:25,"{""experiment_name"": ""exp_1"", ""experiment_group"": ""control""}"
625445,funnel_start,2024-03-16T00:59:50,"{""funnel_type"": ""yoga""}"
625445,profile_start,2024-03-16T01:00:05,{}
625415,paywall_show,2024-03-16T01:04:03,{}
625492,funnel_start,2024-03-16T01:07:48,"{""funnel_type"": ""fasting""}"
625445,experiment_exposure,2024-03-16T01:17:58,"{""experiment_name"": ""exp_0"", ""experiment_group"": ""control""}"
625445,paywall_show,2024-03-16T01:17:58,{}
625674,funnel_start,2024-03-16T01:37:10,"{""funnel_type"": ""activity""}"
625691,funnel_start,2024-03-16T01:40:14,"{""funnel_type"": ""fasting""}"
625691,profile_start,2024-03-16T01:40:22,{}
625691,email_submit,2024-03-16T01:40:32,{}
625731,funnel_start,2024-03-16T01:45:43,"{""funnel_type"": ""fasting""}"
625731,profile_start,2024-03-16T01:46:09,{}
625731,email_submit,2024-03-16T01:46:21,{}
625691,paywall_show,2024-03-16T01:50:28,{}
625908,funnel_start,2024-03-16T02:16:18,"{""funnel_type"": ""activity""}"
625908,profile_start,2024-03-16T02:16:25,{}
625908,experiment_exposure,2024-03-16T02:16:25,"{""experiment_name"": ""exp_4"", ""experiment_group"": ""control""}"
625908,email_submit,2024-03-16T02:16:54,{}
625908,paywall_show,2024-03-16T02:26:34,{}
626015,funnel_start,2024-03-16T02:44:23,"{""funnel_type"": ""activity""}"
626015,profile_start,2024-03-16T02:44:32,{}
626015,email_submit,2024-03-16T02:44:51,{}
626015,paywall_show,2024-03-16T02:51:17,{}
626103,funnel_start,2024-03-16T03:07:20,"{""funnel_type"": ""activity""}"
626103,experiment_exposure,2024-03-16T03:07:23,"{""experiment_name"": ""exp_4"", ""experiment_group"": ""control""}"
626103,profile_start,2024-03-16T03:07:23,{}
626103,email_submit,2024-03-16T03:07:54,{}
626103,paywall_show,2024-03-16T03:27:39,{}
626370,funnel_start,2024-03-16T04:15:11,"{""funnel_type"": ""activity""}"
626412,funnel_start,2024-03-16T04:26:44,"{""funnel_type"": ""fasting""}"
626412,profile_start,2024-03-16T04:26:51,{}
626412,experiment_exposure,2024-03-16T04:26:51,"{""experiment_name"": ""exp_4"", ""experiment_group"": ""test""}"
626412,email_submit,2024-03-16T04:27:17,{}
626421,funnel_start,2024-03-16T04:31:03,"{""funnel_type"": ""fasting""}"
626421,profile_start,2024-03-16T04:31:10,{}
626421,email_submit,2024-03-16T04:31:47,{}
626412,paywall_show,2024-03-16T04:39:06,{}
626421,paywall_show,2024-03-16T05:00:51,{}
626421,experiment_exposure,2024-03-16T05:00:51,"{""experiment_name"": ""exp_0"", ""experiment_group"": ""control""}"
626955,funnel_start,2024-03-16T06:50:09,"{""funnel_type"": ""fasting""}"
626955,profile_start,2024-03-16T06:50:19,{}
627063,funnel_start,2024-03-16T07:19:19,"{""funnel_type"": ""fasting""}"
627063,profile_start,2024-03-16T07:19:32,{}
627063,email_submit,2024-03-16T07:19:46,{}
627063,experiment_exposure,2024-03-16T07:26:08,"{""experiment_name"": ""exp_0"", ""experiment_group"": ""test""}"
627063,paywall_show,2024-03-16T07:26:08,{}
627104,funnel_start,2024-03-16T07:26:59,"{""funnel_type"": ""fasting""}"
627289,funnel_start,2024-03-16T08:07:20,"{""funnel_type"": ""activity""}"
627557,funnel_start,2024-03-16T08:58:05,"{""funnel_type"": ""activity""}"
627557,profile_start,2024-03-16T08:58:10,{}
627557,experiment_exposure,2024-03-16T08:58:10,"{""experiment_name"": ""exp_4"", ""experiment_group"": ""control""}"
627557,email_submit,2024-03-16T08:58:17,{}
627557,paywall_show,2024-03-16T09:02:17,{}
627826,funnel_start,2024-03-16T09:47:01,"{""funnel_type"": ""fasting""}"
627870,funnel_start,2024-03-16T09:54:48,"{""funnel_type"": ""activity""}"
627980,funnel_start,2024-03-16T10:12:05,"{""funnel_type"": ""activity""}"
627980,profile_start,2024-03-16T10:12:15,{}
627980,email_submit,2024-03-16T10:12:58,{}
627980,paywall_show,2024-03-16T10:21:31,{}
627980,experiment_exposure,2024-03-16T10:21:31,"{""experiment_name"": ""exp_0"", ""experiment_group"": ""test""}"
628330,funnel_start,2024-03-16T11:03:55,"{""funnel_type"": ""fasting""}"
628330,profile_start,2024-03-16T11:04:15,{}
628330,email_submit,2024-03-16T11:04:41,{}
628346,funnel_start,2024-03-16T11:07:13,"{""funnel_type"": ""activity""}"
628330,paywall_show,2024-03-16T11:21:34,{}
628463,funnel_start,2024-03-16T11:28:23,"{""funnel_type"": ""activity""}"
628517,funnel_start,2024-03-16T11:34:52,"{""funnel_type"": ""activity""}"
628517,profile_start,2024-03-16T11:35:01,{}
628517,experiment_exposure,2024-03-16T11:35:01,"{""experiment_name"": ""exp_4"", ""experiment_group"": ""test""}"
628517,email_submit,2024-03-16T11:35:37,{}
628517,paywall_show,2024-03-16T11:40:09,{}
628642,funnel_start,2024-03-16T11:58:20,"{""funnel_type"": ""fasting""}"
628642,profile_start,2024-03-16T11:58:32,{}
628642,email_submit,2024-03-16T11:58:54,{}
628642,experiment_exposure,2024-03-16T12:07:24,"{""experiment_name"": ""exp_1"", ""experiment_group"": ""control""}"
628642,paywall_show,2024-03-16T12:07:24,{}
628723,funnel_start,2024-03-16T12:14:37,"{""funnel_type"": ""fasting""}"
628723,profile_start,2024-03-16T12:14:43,{}
628723,email_submit,2024-03-16T12:15:05,{}
628723,paywall_show,2024-03-16T12:20:29,{}
628723,experiment_exposure,2024-03-16T12:20:29,"{""experiment_name"": ""exp_0"", ""experiment_group"": ""test""}"
628847,funnel_start,2024-03-16T12:37:49,"{""funnel_type"": ""activity""}"
628854,funnel_start,2024-03-16T12:39:01,"{""funnel_type"": ""fasting""}"
628854,profile_start,2024-03-16T12:39:04,{}
628854,email_submit,2024-03-16T12:39:13,{}
628874,funnel_start,2024-03-16T12:42:27,"{""funnel_type"": ""activity""}"
628874,profile_start,2024-03-16T12:42:41,{}
629134,funnel_start,2024-03-16T13:31:30,"{""funnel_type"": ""fasting""}"
629134,profile_start,2024-03-16T13:31:38,{}
629134,email_submit,2024-03-16T13:31:58,{}
629197,funnel_start,2024-03-16T13:43:07,"{""funnel_type"": ""activity""}"
629197,profile_start,2024-03-16T13:43:20,{}
629197,email_submit,2024-03-16T13:43:46,{}
629197,experiment_exposure,2024-03-16T13:52:36,"{""experiment_name"": ""exp_0"", ""experiment_group"": ""test""}"
629197,paywall_show,2024-03-16T13:52:36,{}
629264,funnel_start,2024-03-16T13:57:21,"{""funnel_type"": ""yoga""}"
629280,funnel_start,2024-03-16T14:01:19,"{""funnel_type"": ""activity""}"
629568,funnel_start,2024-03-16T14:50:28,"{""funnel_type"": ""fasting""}"
629568,profile_start,2024-03-16T14:50:44,{}
629568,email_submit,2024-03-16T14:51:00,{}
630091,funnel_start,2024-03-16T16:18:25,"{""funnel_type"": ""fasting""}"
630091,profile_start,2024-03-16T16:18:37,{}
630091,experiment_exposure,2024-03-16T16:18:37,"{""experiment_name"": ""exp_4"", ""experiment_group"": ""test""}"
630091,email_submit,2024-03-16T16:19:13,{}
630091,paywall_show,2024-03-16T16:23:26,{}
630161,funnel_start,2024-03-16T16:30:17,"{""funnel_type"": ""activity""}"
630161,profile_start,2024-03-16T16:30:23,{}
630161,email_submit,2024-03-16T16:30:31,{}
630213,funnel_start,2024-03-16T16:39:17,"{""funnel_type"": ""fasting""}"
630213,profile_start,2024-03-16T16:39:25,{}
630213,email_submit,2024-03-16T16:39:45,{}
630161,paywall_show,2024-03-16T16:40:17,{}
630213,experiment_exposure,2024-03-16T16:44:44,"{""experiment_name"": ""exp_0"", ""experiment_group"": ""control""}"
630213,paywall_show,2024-03-16T16:44:44,{}
630599,funnel_start,2024-03-16T17:43:22,"{""funnel_type"": ""activity""}"
630599,profile_start,2024-03-16T17:43:33,{}
630599,email_submit,2024-03-16T17:44:01,{}
630599,paywall_show,2024-03-16T17:54:50,{}
630599,experiment_exposure,2024-03-16T17:54:50,"{""experiment_name"": ""exp_0"", ""experiment_group"": ""test""}"
630681,funnel_start,2024-03-16T17:57:30,"{""funnel_type"": ""activity""}"
630824,funnel_start,2024-03-16T18:18:22,"{""funnel_type"": ""fasting""}"
630824,profile_start,2024-03-16T18:18:33,{}
630824,email_submit,2024-03-16T18:19:09,{}
630824,paywall_show,2024-03-16T18:24:37,{}
631012,funnel_start,2024-03-16T18:46:16,"{""funnel_type"": ""fasting""}"
631012,profile_start,2024-03-16T18:46:22,{}
631012,experiment_exposure,2024-03-16T18:46:22,"{""experiment_name"": ""exp_4"", ""experiment_group"": ""control""}"
631012,email_submit,2024-03-16T18:46:43,{}
631012,paywall_show,2024-03-16T18:51:05,{}
631184,funnel_start,2024-03-16T19:08:45,"{""funnel_type"": ""fasting""}"
631325,funnel_start,2024-03-16T19:31:16,"{""funnel_type"": ""activity""}"
631325,profile_start,2024-03-16T19:31:30,{}
631325,email_submit,2024-03-16T19:31:48,{}
631381,funnel_start,2024-03-16T19:38:11,"{""funnel_type"": ""fasting""}"
631381,profile_start,2024-03-16T19:38:24,{}
631381,experiment_exposure,2024-03-16T19:38:24,"{""experiment_name"": ""exp_4"", ""experiment_group"": ""control""}"
631381,email_submit,2024-03-16T19:38:46,{}
631325,paywall_show,2024-03-16T19:39:17,{}
631381,paywall_show,2024-03-16T19:40:54,{}
631405,funnel_start,2024-03-16T19:41:49,"{""funnel_type"": ""yoga""}"
631325,payment_done,2024-03-16T19:42:04,{}
631405,profile_start,2024-03-16T19:42:15,{}
631405,experiment_exposure,2024-03-16T19:51:19,"{""experiment_name"": ""exp_1"", ""experiment_group"": ""test""}"
631405,paywall_show,2024-03-16T19:51:19,{}
631541,funnel_start,2024-03-16T20:02:52,"{""funnel_type"": ""yoga""}"
631638,funnel_start,2024-03-16T20:15:43,"{""funnel_type"": ""activity""}"
631638,profile_start,2024-03-16T20:15:48,{}
631638,email_submit,2024-03-16T20:16:09,{}
631652,funnel_start,2024-03-16T20:18:05,"{""funnel_type"": ""fasting""}"
631638,paywall_show,2024-03-16T20:20:40,{}
631638,payment_done,2024-03-16T20:21:44,{}
631765,funnel_start,2024-03-16T20:33:33,"{""funnel_type"": ""fasting""}"
631765,profile_start,2024-03-16T20:33:50,{}
631765,email_submit,2024-03-16T20:34:00,{}
631829,funnel_start,2024-03-16T20:42:35,"{""funnel_type"": ""activity""}"
631829,profile_start,2024-03-16T20:42:40,{}
631829,email_submit,2024-03-16T20:43:04,{}
631765,paywall_show,2024-03-16T20:43:58,{}
631765,experiment_exposure,2024-03-16T20:43:58,"{""experiment_name"": ""exp_0"", ""experiment_group"": ""control""}"
631829,paywall_show,2024-03-16T20:46:52,{}
631829,experiment_exposure,2024-03-16T20:46:52,"{""experiment_name"": ""exp_1"", ""experiment_group"": ""test""}"
631989,funnel_start,2024-03-16T21:03:55,"{""funnel_type"": ""yoga""}"
632151,funnel_start,2024-03-16T21:21:59,"{""funnel_type"": ""activity""}"
632151,profile_start,2024-03-16T21:22:09,{}
632151,email_submit,2024-03-16T21:22:27,{}
632151,paywall_show,2024-03-16T21:27:09,{}
632289,funnel_start,2024-03-16T21:40:20,"{""funnel_type"": ""yoga""}"
632289,profile_start,2024-03-16T21:40:56,{}
632303,funnel_start,2024-03-16T21:41:57,"{""funnel_type"": ""fasting""}"
632303,profile_start,2024-03-16T21:42:07,{}
632289,paywall_show,2024-03-16T21:48:23,{}
632289,experiment_exposure,2024-03-16T21:48:23,"{""experiment_name"": ""exp_0"", ""experiment_group"": ""test""}"
632576,funnel_start,2024-03-16T22:15:19,"{""funnel_type"": ""fasting""}"
632682,funnel_start,2024-03-16T22:27:03,"{""funnel_type"": ""activity""}"
632719,funnel_start,2024-03-16T22:32:37,"{""funnel_type"": ""activity""}"
633440,funnel_start,2024-03-16T23:56:04,"{""funnel_type"": ""fasting""}"
633440,profile_start,2024-03-16T23:56:10,{}
633440,email_submit,2024-03-16T23:56:27,{}
633446,funnel_start,2024-03-16T23:57:14,"{""funnel_type"": ""fasting""}"
633446,experiment_exposure,2024-03-16T23:57:19,"{""experiment_name"": ""exp_4"", ""experiment_group"": ""test""}"
633446,profile_start,2024-03-16T23:57:19,{}
633446,email_submit,2024-03-16T23:57:46,{}
633440,experiment_exposure,2024-03-17T00:02:41,"{""experiment_name"": ""exp_0"", ""experiment_group"": ""test""}"
633440,paywall_show,2024-03-17T00:02:41,{}
633446,paywall_show,2024-03-17T00:03:18,{}
633627,funnel_start,2024-03-17T00:21:56,"{""funnel_type"": ""activity""}"
633627,experiment_exposure,2024-03-17T00:22:02,"{""experiment_name"": ""exp_4"", ""experiment_group"": ""test""}"
633627,profile_start,2024-03-17T00:22:02,{}
633627,email_submit,2024-03-17T00:22:17,{}
633627,paywall_show,2024-03-17T00:32:10,{}
633745,funnel_start,2024-03-17T00:39:36,"{""funnel_type"": ""fasting""}"
633745,profile_start,2024-03-17T00:39:44,{}
633745,experiment_exposure,2024-03-17T00:39:44,"{""experiment_name"": ""exp_4"", ""experiment_group"": ""control""}"
633745,email_submit,2024-03-17T00:40:08,{}
633745,paywall_show,2024-03-17T00:42:52,{}
633777,funnel_start,2024-03-17T00:43:59,"{""funnel_type"": ""yoga""}"
633777,profile_start,2024-03-17T00:44:06,{}
633777,experiment_exposure,2024-03-17T00:56:04,"{""experiment_name"": ""exp_1"", ""experiment_group"": ""test""}"
633777,paywall_show,2024-03-17T00:56:04,{}
633997,funnel_start,2024-03-17T01:20:39,"{""funnel_type"": ""fasting""}"
634209,funnel_start,2024-03-17T01:55:11,"{""funnel_type"": ""activity""}"
634209,profile_start,2024-03-17T01:55:18,{}
634209,email_submit,2024-03-17T01:55:40,{}
634209,paywall_show,2024-03-17T02:05:34,{}
634209,experiment_exposure,2024-03-17T02:05:34,"{""experiment_name"": ""exp_0"", ""experiment_group"": ""test""}"
634536,funnel_start,2024-03-17T03:04:46,"{""funnel_type"": ""fasting""}"
634536,profile_start,2024-03-17T03:04:51,{}
634536,email_submit,2024-03-17T03:05:10,{}
634536,paywall_show,2024-03-17T03:17:34,{}
634745,funnel_start,2024-03-17T03:56:04,"{""funnel_type"": ""activity""}"
634745,profile_start,2024-03-17T03:56:14,{}
634745,email_submit,2024-03-17T03:56:27,{}
634745,paywall_show,2024-03-17T04:00:24,{}
634832,funnel_start,2024-03-17T04:23:08,"{""funnel_type"": ""activity""}"
634832,profile_start,2024-03-17T04:23:16,{}
634832,email_submit,2024-03-17T04:23:41,{}
634832,paywall_show,2024-03-17T04:39:56,{}
635239,funnel_start,2024-03-17T06:22:02,"{""funnel_type"": ""activity""}"
635239,profile_start,2024-03-17T06:22:07,{}
635239,experiment_exposure,2024-03-17T06:22:07,"{""experiment_name"": ""exp_4"", ""experiment_group"": ""test""}"
635239,email_submit,2024-03-17T06:22:27,{}
635239,paywall_show,2024-03-17T06:30:59,{}
635278,funnel_start,2024-03-17T06:33:46,"{""funnel_type"": ""activity""}"
635278,profile_start,2024-03-17T06:33:58,{}
635396,funnel_start,2024-03-17T07:03:18,"{""funnel_type"": ""yoga""}"
635396,profile_start,2024-03-17T07:03:30,{}
635403,funnel_start,2024-03-17T07:05:09,"{""funnel_type"": ""activity""}"
635403,profile_start,2024-03-17T07:05:17,{}
635403,email_submit,2024-03-17T07:05:36,{}
635396,experiment_exposure,2024-03-17T07:11:45,"{""experiment_name"": ""exp_0"", ""experiment_group"": ""control""}"
635396,paywall_show,2024-03-17T07:11:45,{}
635403,paywall_show,2024-03-17T07:13:52,{}
635599,funnel_start,2024-03-17T07:47:53,"{""funnel_type"": ""fasting""}"
635599,profile_start,2024-03-17T07:48:00,{}
635599,email_submit,2024-03-17T07:48:27,{}
635599,paywall_show,2024-03-17T07:59:24,{}
635700,funnel_start,2024-03-17T08:09:11,"{""funnel_type"": ""activity""}"
635700,experiment_exposure,2024-03-17T08:09:16,"{""experiment_name"": ""exp_4"", ""experiment_group"": ""control""}"
635700,profile_start,2024-03-17T08:09:16,{}
635700,email_submit,2024-03-17T08:09:42,{}
635700,paywall_show,2024-03-17T08:16:19,{}
635807,funnel_start,2024-03-17T08:31:00,"{""funnel_type"": ""fasting""}"
635807,profile_start,2024-03-17T08:31:09,{}
635807,email_submit,2024-03-17T08:31:31,{}
635807,paywall_show,2024-03-17T08:39:04,{}
635807,payment_done,2024-03-17T08:40:47,{}
635970,funnel_start,2024-03-17T09:02:16,"{""funnel_type"": ""fasting""}"
635970,profile_start,2024-03-17T09:02:22,{}
635970,email_submit,2024-03-17T09:02:49,{}
635970,experiment_exposure,2024-03-17T09:10:23,"{""experiment_name"": ""exp_0"", ""experiment_group"": ""test""}"
635970,paywall_show,2024-03-17T09:10:23,{}
636345,funnel_start,2024-03-17T10:02:53,"{""funnel_type"": ""activity""}"
636345,experiment_exposure,2024-03-17T10:02:58,"{""experiment_name"": ""exp_4"", ""experiment_group"": ""test""}"
636345,profile_start,2024-03-17T10:02:58,{}
636345,email_submit,2024-03-17T10:03:16,{}
636345,paywall_show,2024-03-17T10:07:20,{}
636640,funnel_start,2024-03-17T10:56:29,"{""funnel_type"": ""activity""}"
636690,funnel_start,2024-03-17T11:04:39,"{""funnel_type"": ""activity""}"
636690,profile_start,2024-03-17T11:04:49,{}
636690,experiment_exposure,2024-03-17T11:04:49,"{""experiment_name"": ""exp_4"", ""experiment_group"": ""test""}"
636690,email_submit,2024-03-17T11:06:20,{}
636690,paywall_show,2024-03-17T11:10:30,{}
636690,payment_done,2024-03-17T11:11:26,{}
636927,funnel_start,2024-03-17T11:45:28,"{""funnel_type"": ""activity""}"
636927,profile_start,2024-03-17T11:45:45,{}
637076,funnel_start,2024-03-17T12:08:40,"{""funnel_type"": ""fasting""}"
637366,funnel_start,2024-03-17T13:05:45,"{""funnel_type"": ""activity""}"
637578,funnel_start,2024-03-17T13:51:04,"{""funnel_type"": ""activity""}"
637812,funnel_start,2024-03-17T14:33:10,"{""funnel_type"": ""activity""}"
637813,funnel_start,2024-03-17T14:33:12,"{""funnel_type"": ""fasting""}"
637813,profile_start,2024-03-17T14:33:21,{}
637812,profile_start,2024-03-17T14:33:26,{}
637812,email_submit,2024-03-17T14:34:00,{}
637813,email_submit,2024-03-17T14:34:13,{}
637812,paywall_show,2024-03-17T14:37:52,{}
637812,experiment_exposure,2024-03-17T14:37:52,"{""experiment_name"": ""exp_0"", ""experiment_group"": ""test""}"
637813,experiment_exposure,2024-03-17T14:41:22,"{""experiment_name"": ""exp_0"", ""experiment_group"": ""test""}"
637813,paywall_show,2024-03-17T14:41:22,{}
638308,funnel_start,2024-03-17T15:52:05,"{""funnel_type"": ""fasting""}"
638308,profile_start,2024-03-17T15:52:29,{}
638346,funnel_start,2024-03-17T15:57:28,"{""funnel_type"": ""fasting""}"
638481,funnel_start,2024-03-17T16:19:06,"{""funnel_type"": ""activity""}"
638481,profile_start,2024-03-17T16:19:13,{}
638481,email_submit,2024-03-17T16:19:27,{}
638481,experiment_exposure,2024-03-17T16:26:09,"{""experiment_name"": ""exp_0"", ""experiment_group"": ""control""}"
638481,paywall_show,2024-03-17T16:26:09,{}
638737,funnel_start,2024-03-17T17:01:38,"{""funnel_type"": ""fasting""}"
638737,profile_start,2024-03-17T17:01:55,{}
638737,email_submit,2024-03-17T17:02:15,{}
638737,paywall_show,2024-03-17T17:15:54,{}
638737,experiment_exposure,2024-03-17T17:15:54,"{""experiment_name"": ""exp_1"", ""experiment_group"": ""test""}"
638946,funnel_start,2024-03-17T17:40:33,"{""funnel_type"": ""fasting""}"
639020,funnel_start,2024-03-17T17:52:47,"{""funnel_type"": ""activity""}"
639373,funnel_start,2024-03-17T18:48:04,"{""funnel_type"": ""fasting""}"
639524,funnel_start,2024-03-17T19:09:41,"{""funnel_type"": ""yoga""}"
639524,profile_start,2024-03-17T19:09:48,{}
639524,paywall_show,2024-03-17T19:17:09,{}
639524,experiment_exposure,2024-03-17T19:17:09,"{""experiment_name"": ""exp_1"", ""experiment_group"": ""test""}"
639524,payment_done,2024-03-17T19:19:26,{}
639524,email_submit,2024-03-17T19:19:43,{}
639772,funnel_start,2024-03-17T19:47:09,"{""funnel_type"": ""yoga""}"
639772,profile_start,2024-03-17T19:47:17,{}
639772,experiment_exposure,2024-03-17T19:54:17,"{""experiment_name"": ""exp_1"", ""experiment_group"": ""test""}"
639772,paywall_show,2024-03-17T19:54:17,{}
639772,payment_done,2024-03-17T19:55:39,{}
639772,email_submit,2024-03-17T19:55:59,{}
640054,funnel_start,2024-03-17T20:23:29,"{""funnel_type"": ""fasting""}"
640063,funnel_start,2024-03-17T20:24:59,"{""funnel_type"": ""activity""}"
640333,funnel_start,2024-03-17T21:04:03,"{""funnel_type"": ""yoga""}"
640333,profile_start,2024-03-17T21:04:10,{}
640374,funnel_start,2024-03-17T21:08:35,"{""funnel_type"": ""activity""}"
640333,experiment_exposure,2024-03-17T21:12:08,"{""experiment_name"": ""exp_0"", ""experiment_group"": ""control""}"
640333,paywall_show,2024-03-17T21:12:08,{}
640786,funnel_start,2024-03-17T21:58:36,"{""funnel_type"": ""fasting""}"
640786,profile_start,2024-03-17T21:58:43,{}
640786,email_submit,2024-03-17T21:59:16,{}
640786,experiment_exposure,2024-03-17T22:15:10,"{""experiment_name"": ""exp_1"", ""experiment_group"": ""control""}"
640786,paywall_show,2024-03-17T22:15:10,{}
640933,funnel_start,2024-03-17T22:16:30,"{""funnel_type"": ""fasting""}"
640933,profile_start,2024-03-17T22:16:47,{}
640933,email_submit,2024-03-17T22:17:17,{}
640933,experiment_exposure,2024-03-17T22:22:10,"{""experiment_name"": ""exp_0"", ""experiment_group"": ""test""}"
640933,paywall_show,2024-03-17T22:22:10,{}
641021,funnel_start,2024-03-17T22:27:02,"{""funnel_type"": ""fasting""}"
641021,profile_start,2024-03-17T22:27:18,{}
641021,email_submit,2024-03-17T22:27:38,{}
641417,funnel_start,2024-03-17T23:12:13,"{""funnel_type"": ""fasting""}"
641555,funnel_start,2024-03-17T23:27:56,"{""funnel_type"": ""activity""}"
641555,profile_start,2024-03-17T23:28:02,{}
641555,email_submit,2024-03-17T23:28:21,{}
641555,paywall_show,2024-03-17T23:39:00,{}
641555,experiment_exposure,2024-03-17T23:39:00,"{""experiment_name"": ""exp_0"", ""experiment_group"": ""test""}"
641966,funnel_start,2024-03-18T00:23:59,"{""funnel_type"": ""fasting""}"
641966,profile_start,2024-03-18T00:24:05,{}
641966,email_submit,2024-03-18T00:24:42,{}
641980,funnel_start,2024-03-18T00:26:13,"{""funnel_type"": ""yoga""}"
642003,funnel_start,2024-03-18T00:28:59,"{""funnel_type"": ""yoga""}"
641966,paywall_show,2024-03-18T00:31:20,{}
641966,experiment_exposure,2024-03-18T00:31:20,"{""experiment_name"": ""exp_0"", ""experiment_group"": ""control""}"
642738,funnel_start,2024-03-18T02:43:18,"{""funnel_type"": ""fasting""}"
642738,profile_start,2024-03-18T02:43:28,{}
642738,email_submit,2024-03-18T02:43:48,{}
642738,paywall_show,2024-03-18T02:49:43,{}
642738,payment_done,2024-03-18T02:50:47,{}
642788,funnel_start,2024-03-18T02:53:58,"{""funnel_type"": ""fasting""}"
642839,funnel_start,2024-03-18T03:05:03,"{""funnel_type"": ""activity""}"
642839,profile_start,2024-03-18T03:05:08,{}
642839,email_submit,2024-03-18T03:05:17,{}
642839,paywall_show,2024-03-18T03:10:56,{}
642839,experiment_exposure,2024-03-18T03:10:56,"{""experiment_name"": ""exp_0"", ""experiment_group"": ""control""}"
642900,funnel_start,2024-03-18T03:24:25,"{""funnel_type"": ""fasting""}"
642902,funnel_start,2024-03-18T03:25:09,"{""funnel_type"": ""activity""}"
642902,profile_start,2024-03-18T03:25:19,{}
642902,email_submit,2024-03-18T03:25:47,{}
642902,paywall_show,2024-03-18T03:28:49,{}
642934,funnel_start,2024-03-18T03:34:36,"{""funnel_type"": ""activity""}"
642934,profile_start,2024-03-18T03:34:45,{}
643798,funnel_start,2024-03-18T07:27:50,"{""funnel_type"": ""activity""}"
643798,experiment_exposure,2024-03-18T07:27:55,"{""experiment_name"": ""exp_4"", ""experiment_group"": ""control""}"
643798,profile_start,2024-03-18T07:27:55,{}
643798,email_submit,2024-03-18T07:28:21,{}
643798,paywall_show,2024-03-18T07:37:46,{}
643889,funnel_start,2024-03-18T07:45:19,"{""funnel_type"": ""activity""}"
643889,profile_start,2024-03-18T07:45:28,{}
643889,email_submit,2024-03-18T07:45:53,{}
644119,funnel_start,2024-03-18T08:26:39,"{""funnel_type"": ""fasting""}"
644427,funnel_start,2024-03-18T09:18:59,"{""funnel_type"": ""fasting""}"
644427,profile_start,2024-03-18T09:19:08,{}
644427,email_submit,2024-03-18T09:19:35,{}
644427,paywall_show,2024-03-18T09:23:59,{}
644427,experiment_exposure,2024-03-18T09:23:59,"{""experiment_name"": ""exp_0"", ""experiment_group"": ""control""}"
644497,funnel_start,2024-03-18T09:30:29,"{""funnel_type"": ""activity""}"
644497,profile_start,2024-03-18T09:30:35,{}
644497,email_submit,2024-03-18T09:31:33,{}
644497,experiment_exposure,2024-03-18T09:37:13,"{""experiment_name"": ""exp_0"", ""experiment_group"": ""control""}"
644497,paywall_show,2024-03-18T09:37:13,{}
644568,funnel_start,2024-03-18T09:42:22,"{""funnel_type"": ""activity""}"
644568,profile_start,2024-03-18T09:42:29,{}
644568,email_submit,2024-03-18T09:42:44,{}
644607,funnel_start,2024-03-18T09:50:18,"{""funnel_type"": ""fasting""}"
644607,experiment_exposure,2024-03-18T09:50:28,"{""experiment_name"": ""exp_4"", ""experiment_group"": ""control""}"
644607,profile_start,2024-03-18T09:50:28,{}
644568,paywall_show,2024-03-18T09:50:39,{}
644607,email_submit,2024-03-18T09:50:47,{}
644607,paywall_show,2024-03-18T09:54:49,{}
644908,funnel_start,2024-03-18T10:38:21,"{""funnel_type"": ""activity""}"
644908,experiment_exposure,2024-03-18T10:38:24,"{""experiment_name"": ""exp_4"", ""experiment_group"": ""control""}"
644908,profile_start,2024-03-18T10:38:24,{}
644908,email_submit,2024-03-18T10:38:45,{}
644932,funnel_start,2024-03-18T10:42:04,"{""funnel_type"": ""fasting""}"
644932,profile_start,2024-03-18T10:42:09,{}
644932,email_submit,2024-03-18T10:42:27,{}
644908,paywall_show,2024-03-18T10:43:25,{}
644963,funnel_start,2024-03-18T10:44:51,"{""funnel_type"": ""fasting""}"
644932,paywall_show,2024-03-18T10:58:30,{}
645319,funnel_start,2024-03-18T11:48:13,"{""funnel_type"": ""activity""}"
645319,profile_start,2024-03-18T11:48:21,{}
645319,experiment_exposure,2024-03-18T11:48:21,"{""experiment_name"": ""exp_4"", ""experiment_group"": ""control""}"
645319,email_submit,2024-03-18T11:48:59,{}
645575,funnel_start,2024-03-18T12:29:19,"{""funnel_type"": ""fasting""}"
645575,profile_start,2024-03-18T12:29:41,{}
645575,email_submit,2024-03-18T12:30:11,{}
645575,paywall_show,2024-03-18T12:36:23,{}
645665,funnel_start,2024-03-18T12:45:13,"{""funnel_type"": ""activity""}"
645665,profile_start,2024-03-18T12:45:22,{}
645665,email_submit,2024-03-18T12:45:48,{}
645960,funnel_start,2024-03-18T13:42:12,"{""funnel_type"": ""activity""}"
645960,profile_start,2024-03-18T13:42:15,{}
645960,email_submit,2024-03-18T13:42:33,{}
645960,experiment_exposure,2024-03-18T13:46:16,"{""experiment_name"": ""exp_0"", ""experiment_group"": ""control""}"
645960,paywall_show,2024-03-18T13:46:16,{}
646325,funnel_start,2024-03-18T14:49:09,"{""funnel_type"": ""activity""}"
646512,funnel_start,2024-03-18T15:18:11,"{""funnel_type"": ""fasting""}"
646878,funnel_start,2024-03-18T16:16:28,"{""funnel_type"": ""yoga""}"
646878,profile_start,2024-03-18T16:16:43,{}
646878,paywall_show,2024-03-18T16:34:03,{}
647040,funnel_start,2024-03-18T16:46:32,"{""funnel_type"": ""fasting""}"
647040,experiment_exposure,2024-03-18T16:46:54,"{""experiment_name"": ""exp_4"", ""experiment_group"": ""control""}"
647040,profile_start,2024-03-18T16:46:54,{}
647040,email_submit,2024-03-18T16:47:44,{}
647178,funnel_start,2024-03-18T17:10:34,"{""funnel_type"": ""activity""}"
647178,profile_start,2024-03-18T17:10:38,{}
647178,email_submit,2024-03-18T17:10:54,{}
647178,paywall_show,2024-03-18T17:15:51,{}
647359,funnel_start,2024-03-18T17:37:24,"{""funnel_type"": ""fasting""}"
647359,experiment_exposure,2024-03-18T17:37:35,"{""experiment_name"": ""exp_4"", ""experiment_group"": ""test""}"
647359,profile_start,2024-03-18T17:37:35,{}
647359,email_submit,2024-03-18T17:38:05,{}
647359,paywall_show,2024-03-18T17:43:47,{}
647664,funnel_start,2024-03-18T18:28:00,"{""funnel_type"": ""fasting""}"
647865,funnel_start,2024-03-18T18:55:09,"{""funnel_type"": ""fasting""}"
647865,profile_start,2024-03-18T18:55:19,{}
647865,experiment_exposure,2024-03-18T18:55:19,"{""experiment_name"": ""exp_4"", ""experiment_group"": ""test""}"
647865,email_submit,2024-03-18T18:55:36,{}
647865,paywall_show,2024-03-18T19:06:44,{}
647936,funnel_start,2024-03-18T19:08:21,"{""funnel_type"": ""fasting""}"
647936,profile_start,2024-03-18T19:08:56,{}
647936,experiment_exposure,2024-03-18T19:08:56,"{""experiment_name"": ""exp_4"", ""experiment_group"": ""control""}"
647936,email_submit,2024-03-18T19:09:25,{}
648163,funnel_start,2024-03-18T19:44:07,"{""funnel_type"": ""fasting""}"
648163,profile_start,2024-03-18T19:44:15,{}
648163,experiment_exposure,2024-03-18T19:44:15,"{""experiment_name"": ""exp_4"", ""experiment_group"": ""test""}"
648163,email_submit,2024-03-18T19:44:48,{}
648194,funnel_start,2024-03-18T19:49:39,"{""funnel_type"": ""yoga""}"
648194,profile_start,2024-03-18T19:49:52,{}
648163,paywall_show,2024-03-18T19:51:25,{}
648270,funnel_start,2024-03-18T20:01:03,"{""funnel_type"": ""fasting""}"
648368,funnel_start,2024-03-18T20:14:52,"{""funnel_type"": ""fasting""}"
648368,profile_start,2024-03-18T20:15:10,{}
648368,email_submit,2024-03-18T20:15:39,{}
648368,paywall_show,2024-03-18T20:20:33,{}
648368,experiment_exposure,2024-03-18T20:20:33,"{""experiment_name"": ""exp_0"", ""experiment_group"": ""test""}"
648424,funnel_start,2024-03-18T20:21:58,"{""funnel_type"": ""fasting""}"
648424,profile_start,2024-03-18T20:22:10,{}
648424,email_submit,2024-03-18T20:22:29,{}
648611,funnel_start,2024-03-18T20:49:49,"{""funnel_type"": ""fasting""}"
648611,profile_start,2024-03-18T20:49:58,{}
648611,email_submit,2024-03-18T20:50:21,{}
648611,paywall_show,2024-03-18T20:58:17,{}
648861,funnel_start,2024-03-18T21:25:44,"{""funnel_type"": ""fasting""}"
648861,profile_start,2024-03-18T21:25:58,{}
648861,email_submit,2024-03-18T21:26:31,{}
649112,funnel_start,2024-03-18T21:53:58,"{""funnel_type"": ""fasting""}"
649112,profile_start,2024-03-18T21:54:15,{}
649112,email_submit,2024-03-18T21:54:30,{}
649237,funnel_start,2024-03-18T22:09:45,"{""funnel_type"": ""activity""}"
649237,profile_start,2024-03-18T22:09:51,{}
649237,experiment_exposure,2024-03-18T22:09:51,"{""experiment_name"": ""exp_4"", ""experiment_group"": ""control""}"
649237,email_submit,2024-03-18T22:10:06,{}
649237,paywall_show,2024-03-18T22:18:04,{}
649730,funnel_start,2024-03-18T23:09:24,"{""funnel_type"": ""fasting""}"
650249,funnel_start,2024-03-19T00:08:36,"{""funnel_type"": ""fasting""}"
650249,profile_start,2024-03-19T00:08:42,{}
650249,email_submit,2024-03-19T00:08:59,{}
650249,experiment_exposure,2024-03-19T00:15:38,"{""experiment_name"": ""exp_1"", ""experiment_group"": ""test""}"
650249,paywall_show,2024-03-19T00:15:38,{}
650684,funnel_start,2024-03-19T01:21:35,"{""funnel_type"": ""activity""}"
650684,profile_start,2024-03-19T01:21:41,{}
650684,email_submit,2024-03-19T01:21:56,{}
650684,paywall_show,2024-03-19T01:29:26,{}
650769,funnel_start,2024-03-19T01:35:21,"{""funnel_type"": ""activity""}"
650779,funnel_start,2024-03-19T01:38:01,"{""funnel_type"": ""activity""}"
651553,funnel_start,2024-03-19T04:46:32,"{""funnel_type"": ""fasting""}"
651553,profile_start,2024-03-19T04:46:45,{}
651553,email_submit,2024-03-19T04:46:56,{}
651553,paywall_show,2024-03-19T04:58:47,{}
651691,funnel_start,2024-03-19T05:29:14,"{""funnel_type"": ""yoga""}"
651691,profile_start,2024-03-19T05:29:46,{}
651691,paywall_show,2024-03-19T05:32:53,{}
651872,funnel_start,2024-03-19T06:19:16,"{""funnel_type"": ""fasting""}"
651872,profile_start,2024-03-19T06:19:28,{}
651872,email_submit,2024-03-19T06:19:57,{}
651872,paywall_show,2024-03-19T06:34:50,{}
652480,funnel_start,2024-03-19T08:30:58,"{""funnel_type"": ""fasting""}"
652486,funnel_start,2024-03-19T08:33:06,"{""funnel_type"": ""activity""}"
652486,profile_start,2024-03-19T08:33:16,{}
652504,funnel_start,2024-03-19T08:37:09,"{""funnel_type"": ""activity""}"
652555,funnel_start,2024-03-19T08:47:45,"{""funnel_type"": ""yoga""}"
652555,experiment_exposure,2024-03-19T08:47:55,"{""experiment_name"": ""exp_4"", ""experiment_group"": ""test""}"
652555,profile_start,2024-03-19T08:47:55,{}
652555,paywall_show,2024-03-19T08:54:25,{}
652803,funnel_start,2024-03-19T09:30:45,"{""funnel_type"": ""fasting""}"
653119,funnel_start,2024-03-19T10:30:40,"{""funnel_type"": ""activity""}"
653425,funnel_start,2024-03-19T11:24:13,"{""funnel_type"": ""activity""}"
653425,profile_start,2024-03-19T11:24:20,{}
653425,experiment_exposure,2024-03-19T11:24:20,"{""experiment_name"": ""exp_4"", ""experiment_group"": ""test""}"
653431,funnel_start,2024-03-19T11:24:25,"{""funnel_type"": ""fasting""}"
653431,profile_start,2024-03-19T11:24:34,{}
653431,experiment_exposure,2024-03-19T11:24:34,"{""experiment_name"": ""exp_4"", ""experiment_group"": ""control""}"
653425,email_submit,2024-03-19T11:24:56,{}
653431,email_submit,2024-03-19T11:25:02,{}
653425,paywall_show,2024-03-19T11:31:55,{}
653431,paywall_show,2024-03-19T11:33:46,{}
653636,funnel_start,2024-03-19T11:57:32,"{""funnel_type"": ""fasting""}"
653725,funnel_start,2024-03-19T12:15:30,"{""funnel_type"": ""fasting""}"
653887,funnel_start,2024-03-19T12:44:05,"{""funnel_type"": ""fasting""}"
653887,profile_start,2024-03-19T12:44:12,{}
653887,email_submit,2024-03-19T12:44:30,{}
653887,paywall_show,2024-03-19T13:18:23,{}
654084,funnel_start,2024-03-19T13:20:54,"{""funnel_type"": ""fasting""}"
654315,funnel_start,2024-03-19T14:07:43,"{""funnel_type"": ""fasting""}"
654315,profile_start,2024-03-19T14:07:49,{}
654315,email_submit,2024-03-19T14:08:17,{}
654315,paywall_show,2024-03-19T14:15:59,{}
654315,experiment_exposure,2024-03-19T14:15:59,"{""experiment_name"": ""exp_0"", ""experiment_group"": ""test""}"
654506,funnel_start,2024-03-19T14:41:26,"{""funnel_type"": ""activity""}"
654506,profile_start,2024-03-19T14:41:38,{}
654506,email_submit,2024-03-19T14:41:52,{}
654510,funnel_start,2024-03-19T14:42:08,"{""funnel_type"": ""activity""}"
654510,experiment_exposure,2024-03-19T14:42:15,"{""experiment_name"": ""exp_4"", ""experiment_group"": ""test""}"
654510,profile_start,2024-03-19T14:42:15,{}
654510,email_submit,2024-03-19T14:42:30,{}
654523,funnel_start,2024-03-19T14:43:46,"{""funnel_type"": ""activity""}"
654523,profile_start,2024-03-19T14:43:55,{}
654523,email_submit,2024-03-19T14:44:11,{}
654510,paywall_show,2024-03-19T14:47:01,{}
654506,paywall_show,2024-03-19T14:51:47,{}
654506,experiment_exposure,2024-03-19T14:51:47,"{""experiment_name"": ""exp_0"", ""experiment_group"": ""test""}"
654523,paywall_show,2024-03-19T14:52:59,{}
654523,experiment_exposure,2024-03-19T14:52:59,"{""experiment_name"": ""exp_0"", ""experiment_group"": ""test""}"
654624,funnel_start,2024-03-19T15:00:58,"{""funnel_type"": ""fasting""}"
654976,funnel_start,2024-03-19T16:02:37,"{""funnel_type"": ""activity""}"
654976,profile_start,2024-03-19T16:02:47,{}
654976,experiment_exposure,2024-03-19T16:02:47,"{""experiment_name"": ""exp_4"", ""experiment_group"": ""control""}"
654976,email_submit,2024-03-19T16:03:08,{}
654976,paywall_show,2024-03-19T16:20:00,{}
655079,funnel_start,2024-03-19T16:21:39,"{""funnel_type"": ""fasting""}"
655079,profile_start,2024-03-19T16:21:47,{}
655079,experiment_exposure,2024-03-19T16:21:47,"{""experiment_name"": ""exp_4"", ""experiment_group"": ""control""}"
655079,email_submit,2024-03-19T16:22:09,{}
654976,payment_done,2024-03-19T16:24:29,{}
655130,funnel_start,2024-03-19T16:29:04,"{""funnel_type"": ""fasting""}"
655130,profile_start,2024-03-19T16:29:13,{}
655130,email_submit,2024-03-19T16:29:34,{}
655079,paywall_show,2024-03-19T16:33:52,{}
655130,paywall_show,2024-03-19T16:35:27,{}
655217,funnel_start,2024-03-19T16:41:18,"{""funnel_type"": ""activity""}"
655318,funnel_start,2024-03-19T17:00:23,"{""funnel_type"": ""fasting""}"
655318,profile_start,2024-03-19T17:00:30,{}
655318,email_submit,2024-03-19T17:00:51,{}
655318,paywall_show,2024-03-19T17:16:57,{}
655616,funnel_start,2024-03-19T17:46:30,"{""funnel_type"": ""fasting""}"
655616,experiment_exposure,2024-03-19T17:46:38,"{""experiment_name"": ""exp_4"", ""experiment_group"": ""test""}"
655616,profile_start,2024-03-19T17:46:38,{}
655616,email_submit,2024-03-19T17:46:50,{}
655616,paywall_show,2024-03-19T17:57:30,{}
655616,payment_done,2024-03-19T18:00:48,{}
655982,funnel_start,2024-03-19T18:44:44,"{""funnel_type"": ""fasting""}"
655982,profile_start,2024-03-19T18:45:02,{}
655982,email_submit,2024-03-19T18:45:39,{}
655982,experiment_exposure,2024-03-19T18:58:44,"{""experiment_name"": ""exp_0"", ""experiment_group"": ""control""}"
655982,paywall_show,2024-03-19T18:58:44,{}
655982,payment_done,2024-03-19T18:59:14,{}
656084,funnel_start,2024-03-19T19:02:17,"{""funnel_type"": ""activity""}"
656084,experiment_exposure,2024-03-19T19:02:23,"{""experiment_name"": ""exp_4"", ""experiment_group"": ""control""}"
656084,profile_start,2024-03-19T19:02:23,{}
656084,email_submit,2024-03-19T19:02:59,{}
656084,paywall_show,2024-03-19T19:08:38,{}
656347,funnel_start,2024-03-19T19:40:05,"{""funnel_type"": ""fasting""}"
656347,profile_start,2024-03-19T19:40:19,{}
656441,funnel_start,2024-03-19T19:54:07,"{""funnel_type"": ""activity""}"
656673,funnel_start,2024-03-19T20:25:15,"{""funnel_type"": ""activity""}"
656673,profile_start,2024-03-19T20:25:23,{}
656673,email_submit,2024-03-19T20:25:31,{}
656673,experiment_exposure,2024-03-19T20:32:45,"{""experiment_name"": ""exp_0"", ""experiment_group"": ""test""}"
656673,paywall_show,2024-03-19T20:32:45,{}
656825,funnel_start,2024-03-19T20:45:51,"{""funnel_type"": ""activity""}"
656825,profile_start,2024-03-19T20:45:57,{}
656825,email_submit,2024-03-19T20:46:30,{}
656873,funnel_start,2024-03-19T20:52:34,"{""funnel_type"": ""fasting""}"
656825,paywall_show,2024-03-19T20:56:39,{}
656825,experiment_exposure,2024-03-19T20:56:39,"{""experiment_name"": ""exp_1"", ""experiment_group"": ""test""}"
656907,funnel_start,2024-03-19T20:57:59,"{""funnel_type"": ""activity""}"
656907,profile_start,2024-03-19T20:58:03,{}
656907,email_submit,2024-03-19T20:58:13,{}
656907,paywall_show,2024-03-19T21:03:48,{}
656969,funnel_start,2024-03-19T21:05:54,"{""funnel_type"": ""fasting""}"
656969,profile_start,2024-03-19T21:06:05,{}
656969,email_submit,2024-03-19T21:06:21,{}
656969,paywall_show,2024-03-19T21:12:37,{}
656969,experiment_exposure,2024-03-19T21:12:37,"{""experiment_name"": ""exp_0"", ""experiment_group"": ""test""}"
657175,funnel_start,2024-03-19T21:30:54,"{""funnel_type"": ""fasting""}"
657608,funnel_start,2024-03-19T22:22:58,"{""funnel_type"": ""activity""}"
657608,experiment_exposure,2024-03-19T22:23:02,"{""experiment_name"": ""exp_4"", ""experiment_group"": ""control""}"
657608,profile_start,2024-03-19T22:23:02,{}
657608,email_submit,2024-03-19T22:23:23,{}
657608,paywall_show,2024-03-19T22:29:33,{}
657732,funnel_start,2024-03-19T22:39:04,"{""funnel_type"": ""activity""}"
657732,experiment_exposure,2024-03-19T22:39:18,"{""experiment_name"": ""exp_4"", ""experiment_group"": ""test""}"
657732,profile_start,2024-03-19T22:39:18,{}
657732,email_submit,2024-03-19T22:39:40,{}
657732,paywall_show,2024-03-19T22:54:08,{}
657858,funnel_start,2024-03-19T22:56:13,"{""funnel_type"": ""fasting""}"
657858,profile_start,2024-03-19T22:56:21,{}
657858,email_submit,2024-03-19T22:56:50,{}
657858,experiment_exposure,2024-03-19T23:07:12,"{""experiment_name"": ""exp_0"", ""experiment_group"": ""test""}"
657858,paywall_show,2024-03-19T23:07:12,{}
657858,payment_done,2024-03-19T23:08:26,{}
658100,funnel_start,2024-03-19T23:27:58,"{""funnel_type"": ""fasting""}"
658137,funnel_start,2024-03-19T23:32:33,"{""funnel_type"": ""fasting""}"
658137,profile_start,2024-03-19T23:32:44,{}
658137,email_submit,2024-03-19T23:33:20,{}
658137,experiment_exposure,2024-03-19T23:38:12,"{""experiment_name"": ""exp_1"", ""experiment_group"": ""test""}"
658137,paywall_show,2024-03-19T23:38:12,{}
658287,funnel_start,2024-03-19T23:51:30,"{""funnel_type"": ""activity""}"
658287,profile_start,2024-03-19T23:51:40,{}
658426,funnel_start,2024-03-20T00:12:05,"{""funnel_type"": ""fasting""}"
658426,profile_start,2024-03-20T00:12:22,{}
658426,email_submit,2024-03-20T00:12:35,{}
658426,experiment_exposure,2024-03-20T00:16:23,"{""experiment_name"": ""exp_1"", ""experiment_group"": ""test""}"
658426,paywall_show,2024-03-20T00:16:23,{}
658587,funnel_start,2024-03-20T00:36:15,"{""funnel_type"": ""fasting""}"
658587,profile_start,2024-03-20T00:36:27,{}
658587,email_submit,2024-03-20T00:36:46,{}
658881,funnel_start,2024-03-20T01:27:58,"{""funnel_type"": ""activity""}"
658881,profile_start,2024-03-20T01:28:10,{}
658881,email_submit,2024-03-20T01:28:25,{}
659072,funnel_start,2024-03-20T02:03:32,"{""funnel_type"": ""fasting""}"
659072,profile_start,2024-03-20T02:03:37,{}
659072,email_submit,2024-03-20T02:03:58,{}
659072,paywall_show,2024-03-20T02:18:47,{}
659072,experiment_exposure,2024-03-20T02:18:47,"{""experiment_name"": ""exp_0"", ""experiment_group"": ""test""}"
659369,funnel_start,2024-03-20T03:10:51,"{""funnel_type"": ""fasting""}"
659369,profile_start,2024-03-20T03:11:07,{}
659369,experiment_exposure,2024-03-20T03:11:07,"{""experiment_name"": ""exp_4"", ""experiment_group"": ""control""}"
659442,funnel_start,2024-03-20T03:28:41,"{""funnel_type"": ""yoga""}"
659562,funnel_start,2024-03-20T03:59:27,"{""funnel_type"": ""activity""}"
659562,profile_start,2024-03-20T03:59:33,{}
659562,email_submit,2024-03-20T03:59:46,{}
659583,funnel_start,2024-03-20T04:04:24,"{""funnel_type"": ""fasting""}"
659583,profile_start,2024-03-20T04:04:35,{}
659583,email_submit,2024-03-20T04:05:16,{}
659592,funnel_start,2024-03-20T04:06:30,"{""funnel_type"": ""activity""}"
659592,profile_start,2024-03-20T04:06:40,{}
659592,email_submit,2024-03-20T04:07:05,{}
659583,paywall_show,2024-03-20T04:09:54,{}
659592,paywall_show,2024-03-20T04:14:18,{}
659639,funnel_start,2024-03-20T04:20:25,"{""funnel_type"": ""activity""}"
659806,funnel_start,2024-03-20T05:19:26,"{""funnel_type"": ""activity""}"
659806,profile_start,2024-03-20T05:19:37,{}
659806,email_submit,2024-03-20T05:20:02,{}
659806,paywall_show,2024-03-20T05:25:45,{}
659806,experiment_exposure,2024-03-20T05:25:45,"{""experiment_name"": ""exp_0"", ""experiment_group"": ""test""}"
660056,funnel_start,2024-03-20T06:25:46,"{""funnel_type"": ""fasting""}"
660093,funnel_start,2024-03-20T06:35:36,"{""funnel_type"": ""activity""}"
660211,funnel_start,2024-03-20T07:04:58,"{""funnel_type"": ""activity""}"
660211,profile_start,2024-03-20T07:05:01,{}
660211,email_submit,2024-03-20T07:05:17,{}
660215,funnel_start,2024-03-20T07:05:43,"{""funnel_type"": ""yoga""}"
660215,profile_start,2024-03-20T07:05:52,{}
660211,paywall_show,2024-03-20T07:16:26,{}
660215,paywall_show,2024-03-20T07:17:28,{}
660215,experiment_exposure,2024-03-20T07:17:28,"{""experiment_name"": ""exp_0"", ""experiment_group"": ""test""}"
660211,payment_done,2024-03-20T07:17:42,{}
660629,funnel_start,2024-03-20T08:29:09,"{""funnel_type"": ""fasting""}"
660629,profile_start,2024-03-20T08:29:16,{}
660629,email_submit,2024-03-20T08:29:36,{}
660629,experiment_exposure,2024-03-20T08:47:50,"{""experiment_name"": ""exp_0"", ""experiment_group"": ""control""}"
660629,paywall_show,2024-03-20T08:47:50,{}
660823,funnel_start,2024-03-20T09:03:46,"{""funnel_type"": ""fasting""}"
660823,profile_start,2024-03-20T09:03:55,{}
660823,experiment_exposure,2024-03-20T09:03:55,"{""experiment_name"": ""exp_4"", ""experiment_group"": ""control""}"
660823,email_submit,2024-03-20T09:04:19,{}
661039,funnel_start,2024-03-20T09:44:47,"{""funnel_type"": ""fasting""}"
661482,funnel_start,2024-03-20T10:59:05,"{""funnel_type"": ""fasting""}"
661482,profile_start,2024-03-20T10:59:11,{}
661482,email_submit,2024-03-20T10:59:23,{}
661482,paywall_show,2024-03-20T11:08:19,{}
661790,funnel_start,2024-03-20T11:52:03,"{""funnel_type"": ""activity""}"
661790,profile_start,2024-03-20T11:52:09,{}
661790,email_submit,2024-03-20T11:52:21,{}
661790,paywall_show,2024-03-20T11:58:45,{}
661790,experiment_exposure,2024-03-20T11:58:45,"{""experiment_name"": ""exp_0"", ""experiment_group"": ""control""}"
662042,funnel_start,2024-03-20T12:33:01,"{""funnel_type"": ""activity""}"
662060,funnel_start,2024-03-20T12:37:42,"{""funnel_type"": ""activity""}"
662060,profile_start,2024-03-20T12:37:47,{}
662060,email_submit,2024-03-20T12:38:07,{}
662060,paywall_show,2024-03-20T12:49:19,{}
662244,funnel_start,2024-03-20T13:08:18,"{""funnel_type"": ""fasting""}"
662244,experiment_exposure,2024-03-20T13:08:28,"{""experiment_name"": ""exp_4"", ""experiment_group"": ""test""}"
662244,profile_start,2024-03-20T13:08:28,{}
662244,email_submit,2024-03-20T13:08:57,{}
662244,paywall_show,2024-03-20T13:16:33,{}
662413,funnel_start,2024-03-20T13:37:04,"{""funnel_type"": ""activity""}"
662413,profile_start,2024-03-20T13:37:10,{}
662413,email_submit,2024-03-20T13:37:40,{}
662499,funnel_start,2024-03-20T13:52:44,"{""funnel_type"": ""fasting""}"
662499,profile_start,2024-03-20T13:52:59,{}
662499,experiment_exposure,2024-03-20T13:52:59,"{""experiment_name"": ""exp_4"", ""experiment_group"": ""control""}"
662499,email_submit,2024-03-20T13:53:20,{}
662499,paywall_show,2024-03-20T14:03:30,{}
662959,funnel_start,2024-03-20T15:12:21,"{""funnel_type"": ""fasting""}"
663339,funnel_start,2024-03-20T16:11:12,"{""funnel_type"": ""fasting""}"
663339,profile_start,2024-03-20T16:11:19,{}
663339,email_submit,2024-03-20T16:12:12,{}
663615,funnel_start,2024-03-20T16:57:58,"{""funnel_type"": ""activity""}"
663615,profile_start,2024-03-20T16:58:04,{}
663731,funnel_start,2024-03-20T17:17:21,"{""funnel_type"": ""fasting""}"
663731,profile_start,2024-03-20T17:17:27,{}
663941,funnel_start,2024-03-20T17:51:45,"{""funnel_type"": ""activity""}"
663941,profile_start,2024-03-20T17:51:50,{}
663941,email_submit,2024-03-20T17:52:43,{}
664143,funnel_start,2024-03-20T18:24:31,"{""funnel_type"": ""activity""}"
664143,profile_start,2024-03-20T18:24:35,{}
664143,email_submit,2024-03-20T18:24:57,{}
664143,paywall_show,2024-03-20T18:32:57,{}
664282,funnel_start,2024-03-20T18:43:38,"{""funnel_type"": ""activity""}"
664282,experiment_exposure,2024-03-20T18:43:49,"{""experiment_name"": ""exp_4"", ""experiment_group"": ""test""}"
664282,profile_start,2024-03-20T18:43:49,{}
664282,email_submit,2024-03-20T18:44:34,{}
664343,funnel_start,2024-03-20T18:53:36,"{""funnel_type"": ""fasting""}"
664343,profile_start,2024-03-20T18:53:44,{}
664343,experiment_exposure,2024-03-20T18:53:44,"{""experiment_name"": ""exp_4"", ""experiment_group"": ""test""}"
664282,paywall_show,2024-03-20T18:53:51,{}
664343,email_submit,2024-03-20T18:54:03,{}
664343,paywall_show,2024-03-20T19:07:16,{}
664978,funnel_start,2024-03-20T20:25:08,"{""funnel_type"": ""fasting""}"
664978,experiment_exposure,2024-03-20T20:25:17,"{""experiment_name"": ""exp_4"", ""experiment_group"": ""test""}"
664978,profile_start,2024-03-20T20:25:17,{}
664978,email_submit,2024-03-20T20:26:36,{}
664978,paywall_show,2024-03-20T20:39:16,{}
665554,funnel_start,2024-03-20T21:35:47,"{""funnel_type"": ""fasting""}"
665554,profile_start,2024-03-20T21:35:56,{}
665554,email_submit,2024-03-20T21:36:14,{}
665564,funnel_start,2024-03-20T21:37:07,"{""funnel_type"": ""activity""}"
665564,profile_start,2024-03-20T21:37:11,{}
665554,experiment_exposure,2024-03-20T21:44:30,"{""experiment_name"": ""exp_0"", ""experiment_group"": ""test""}"
665554,paywall_show,2024-03-20T21:44:30,{}
665873,funnel_start,2024-03-20T22:15:04,"{""funnel_type"": ""fasting""}"
665873,profile_start,2024-03-20T22:15:10,{}
666147,funnel_start,2024-03-20T22:45:16,"{""funnel_type"": ""fasting""}"
666193,funnel_start,2024-03-20T22:50:41,"{""funnel_type"": ""fasting""}"
666769,funnel_start,2024-03-21T00:04:48,"{""funnel_type"": ""fasting""}"
666769,profile_start,2024-03-21T00:05:03,{}
666769,email_submit,2024-03-21T00:05:18,{}
666888,funnel_start,2024-03-21T00:21:33,"{""funnel_type"": ""fasting""}"
666888,profile_start,2024-03-21T00:21:37,{}
666888,experiment_exposure,2024-03-21T00:21:37,"{""experiment_name"": ""exp_4"", ""experiment_group"": ""test""}"
666888,email_submit,2024-03-21T00:21:56,{}
667014,funnel_start,2024-03-21T00:38:36,"{""funnel_type"": ""activity""}"
667014,experiment_exposure,2024-03-21T00:38:41,"{""experiment_name"": ""exp_4"", ""experiment_group"": ""test""}"
667014,profile_start,2024-03-21T00:38:41,{}
667014,email_submit,2024-03-21T00:38:59,{}
667075,funnel_start,2024-03-21T00:46:41,"{""funnel_type"": ""fasting""}"
667075,profile_start,2024-03-21T00:46:49,{}
667014,paywall_show,2024-03-21T00:47:31,{}
667075,email_submit,2024-03-21T00:47:35,{}
667075,experiment_exposure,2024-03-21T00:53:02,"{""experiment_name"": ""exp_1"", ""experiment_group"": ""control""}"
667075,paywall_show,2024-03-21T00:53:02,{}
667140,funnel_start,2024-03-21T00:57:52,"{""funnel_type"": ""fasting""}"
667512,funnel_start,2024-03-21T01:57:14,"{""funnel_type"": ""fasting""}"
667512,profile_start,2024-03-21T01:57:28,{}
667512,email_submit,2024-03-21T01:57:43,{}
667512,paywall_show,2024-03-21T02:08:02,{}
667512,experiment_exposure,2024-03-21T02:08:02,"{""experiment_name"": ""exp_1"", ""experiment_group"": ""control""}"
667788,funnel_start,2024-03-21T02:49:57,"{""funnel_type"": ""activity""}"
667830,funnel_start,2024-03-21T02:58:43,"{""funnel_type"": ""fasting""}"
667830,profile_start,2024-03-21T02:58:49,{}
667830,email_submit,2024-03-21T02:59:07,{}
667830,experiment_exposure,2024-03-21T03:05:13,"{""experiment_name"": ""exp_1"", ""experiment_group"": ""test""}"
667830,paywall_show,2024-03-21T03:05:13,{}
667893,funnel_start,2024-03-21T03:11:52,"{""funnel_type"": ""yoga""}"
667977,funnel_start,2024-03-21T03:28:49,"{""funnel_type"": ""fasting""}"
668429,funnel_start,2024-03-21T05:41:13,"{""funnel_type"": ""activity""}"
668429,profile_start,2024-03-21T05:41:21,{}
668429,email_submit,2024-03-21T05:41:44,{}
668608,funnel_start,2024-03-21T06:25:55,"{""funnel_type"": ""fasting""}"
668608,profile_start,2024-03-21T06:26:06,{}
668608,experiment_exposure,2024-03-21T06:26:06,"{""experiment_name"": ""exp_4"", ""experiment_group"": ""test""}"
668608,email_submit,2024-03-21T06:26:19,{}
668608,paywall_show,2024-03-21T06:39:56,{}
668744,funnel_start,2024-03-21T06:58:40,"{""funnel_type"": ""activity""}"
669661,funnel_start,2024-03-21T09:56:04,"{""funnel_type"": ""fasting""}"
669661,experiment_exposure,2024-03-21T09:56:19,"{""experiment_name"": ""exp_4"", ""experiment_group"": ""test""}"
669661,profile_start,2024-03-21T09:56:19,{}
669911,funnel_start,2024-03-21T10:37:06,"{""funnel_type"": ""fasting""}"
669911,profile_start,2024-03-21T10:37:30,{}
669911,experiment_exposure,2024-03-21T10:37:30,"{""experiment_name"": ""exp_4"", ""experiment_group"": ""control""}"
669911,email_submit,2024-03-21T10:37:50,{}
669911,paywall_show,2024-03-21T10:42:53,{}
670013,funnel_start,2024-03-21T10:55:54,"{""funnel_type"": ""fasting""}"
670013,profile_start,2024-03-21T10:56:10,{}
670013,email_submit,2024-03-21T10:56:30,{}
670048,funnel_start,2024-03-21T11:00:43,"{""funnel_type"": ""fasting""}"
670048,profile_start,2024-03-21T11:00:51,{}
670048,email_submit,2024-03-21T11:01:20,{}
670013,experiment_exposure,2024-03-21T11:05:02,"{""experiment_name"": ""exp_1"", ""experiment_group"": ""control""}"
670013,paywall_show,2024-03-21T11:05:02,{}
670391,funnel_start,2024-03-21T11:57:55,"{""funnel_type"": ""fasting""}"
670391,profile_start,2024-03-21T11:58:17,{}
670391,email_submit,2024-03-21T11:58:55,{}
670925,funnel_start,2024-03-21T13:34:31,"{""funnel_type"": ""yoga""}"
671105,funnel_start,2024-03-21T14:11:16,"{""funnel_type"": ""fasting""}"
671105,profile_start,2024-03-21T14:11:25,{}
671105,email_submit,2024-03-21T14:12:06,{}
671105,paywall_show,2024-03-21T14:21:40,{}
671354,funnel_start,2024-03-21T14:53:38,"{""funnel_type"": ""fasting""}"
671354,profile_start,2024-03-21T14:53:43,{}
671361,funnel_start,2024-03-21T14:54:55,"{""funnel_type"": ""fasting""}"
671408,funnel_start,2024-03-21T15:02:35,"{""funnel_type"": ""activity""}"
671465,funnel_start,2024-03-21T15:11:13,"{""funnel_type"": ""fasting""}"
671465,profile_start,2024-03-21T15:11:23,{}
671465,experiment_exposure,2024-03-21T15:11:23,"{""experiment_name"": ""exp_4"", ""experiment_group"": ""test""}"
671465,email_submit,2024-03-21T15:11:55,{}
671465,paywall_show,2024-03-21T15:20:47,{}
671648,funnel_start,2024-03-21T15:41:50,"{""funnel_type"": ""fasting""}"
671648,profile_start,2024-03-21T15:41:57,{}
671648,experiment_exposure,2024-03-21T15:41:57,"{""experiment_name"": ""exp_4"", ""experiment_group"": ""test""}"
671648,email_submit,2024-03-21T15:42:11,{}
671648,paywall_show,2024-03-21T15:47:40,{}
671925,funnel_start,2024-03-21T16:29:17,"{""funnel_type"": ""yoga""}"
671925,experiment_exposure,2024-03-21T16:29:42,"{""experiment_name"": ""exp_4"", ""experiment_group"": ""test""}"
671925,profile_start,2024-03-21T16:29:42,{}
671925,paywall_show,2024-03-21T16:45:44,{}
672107,funnel_start,2024-03-21T17:04:41,"{""funnel_type"": ""fasting""}"
672107,profile_start,2024-03-21T17:04:48,{}
672107,email_submit,2024-03-21T17:05:02,{}
672107,paywall_show,2024-03-21T17:11:05,{}
672107,experiment_exposure,2024-03-21T17:11:05,"{""experiment_name"": ""exp_1"", ""experiment_group"": ""test""}"
672358,funnel_start,2024-03-21T17:44:23,"{""funnel_type"": ""fasting""}"
672358,experiment_exposure,2024-03-21T17:44:32,"{""experiment_name"": ""exp_4"", ""experiment_group"": ""test""}"
672358,profile_start,2024-03-21T17:44:32,{}
672358,email_submit,2024-03-21T17:44:56,{}
672358,paywall_show,2024-03-21T17:55:02,{}
672454,funnel_start,2024-03-21T18:01:27,"{""funnel_type"": ""activity""}"
672454,profile_start,2024-03-21T18:01:33,{}
672454,email_submit,2024-03-21T18:01:41,{}
672454,experiment_exposure,2024-03-21T18:08:55,"{""experiment_name"": ""exp_0"", ""experiment_group"": ""control""}"
672454,paywall_show,2024-03-21T18:08:55,{}
672511,funnel_start,2024-03-21T18:09:58,"{""funnel_type"": ""activity""}"
672511,profile_start,2024-03-21T18:10:10,{}
672511,email_submit,2024-03-21T18:10:24,{}
672511,experiment_exposure,2024-03-21T18:18:45,"{""experiment_name"": ""exp_1"", ""experiment_group"": ""control""}"
672511,paywall_show,2024-03-21T18:18:45,{}
672511,payment_done,2024-03-21T18:21:08,{}
672869,funnel_start,2024-03-21T19:07:14,"{""funnel_type"": ""fasting""}"
672869,profile_start,2024-03-21T19:07:25,{}
672869,email_submit,2024-03-21T19:07:52,{}
672869,paywall_show,2024-03-21T19:19:40,{}
673138,funnel_start,2024-03-21T19:46:28,"{""funnel_type"": ""yoga""}"
673138,profile_start,2024-03-21T19:46:45,{}
673138,experiment_exposure,2024-03-21T19:56:34,"{""experiment_name"": ""exp_1"", ""experiment_group"": ""test""}"
673138,paywall_show,2024-03-21T19:56:34,{}
673532,funnel_start,2024-03-21T20:41:31,"{""funnel_type"": ""fasting""}"
673532,profile_start,2024-03-21T20:41:46,{}
673532,experiment_exposure,2024-03-21T20:41:46,"{""experiment_name"": ""exp_4"", ""experiment_group"": ""control""}"
673532,email_submit,2024-03-21T20:42:21,{}
673690,funnel_start,2024-03-21T21:02:30,"{""funnel_type"": ""fasting""}"
673690,profile_start,2024-03-21T21:02:40,{}
673690,email_submit,2024-03-21T21:03:01,{}
673690,experiment_exposure,2024-03-21T21:12:42,"{""experiment_name"": ""exp_0"", ""experiment_group"": ""control""}"
673690,paywall_show,2024-03-21T21:12:42,{}
673809,funnel_start,2024-03-21T21:17:47,"{""funnel_type"": ""activity""}"
673809,profile_start,2024-03-21T21:17:52,{}
673813,funnel_start,2024-03-21T21:18:22,"{""funnel_type"": ""fasting""}"
673809,email_submit,2024-03-21T21:18:27,{}
673809,paywall_show,2024-03-21T21:23:42,{}
673975,funnel_start,2024-03-21T21:40:33,"{""funnel_type"": ""activity""}"
673975,experiment_exposure,2024-03-21T21:40:44,"{""experiment_name"": ""exp_4"", ""experiment_group"": ""control""}"
673975,profile_start,2024-03-21T21:40:44,{}
673975,email_submit,2024-03-21T21:41:05,{}
673975,paywall_show,2024-03-21T21:46:41,{}
674239,funnel_start,2024-03-21T22:11:34,"{""funnel_type"": ""yoga""}"
674239,profile_start,2024-03-21T22:11:54,{}
674239,experiment_exposure,2024-03-21T22:23:10,"{""experiment_name"": ""exp_1"", ""experiment_group"": ""control""}"
674239,paywall_show,2024-03-21T22:23:10,{}
674461,funnel_start,2024-03-21T22:38:18,"{""funnel_type"": ""fasting""}"
674461,profile_start,2024-03-21T22:38:23,{}
674461,email_submit,2024-03-21T22:38:39,{}
674461,paywall_show,2024-03-21T22:53:16,{}
674461,experiment_exposure,2024-03-21T22:53:16,"{""experiment_name"": ""exp_0"", ""experiment_group"": ""control""}"
674600,funnel_start,2024-03-21T22:54:04,"{""funnel_type"": ""fasting""}"
674600,profile_start,2024-03-21T22:54:16,{}
674600,email_submit,2024-03-21T22:54:37,{}
674646,funnel_start,2024-03-21T22:59:52,"{""funnel_type"": ""activity""}"
674646,profile_start,2024-03-21T23:00:04,{}
674646,email_submit,2024-03-21T23:00:29,{}
674600,experiment_exposure,2024-03-21T23:02:35,"{""experiment_name"": ""exp_0"", ""experiment_group"": ""control""}"
674600,paywall_show,2024-03-21T23:02:35,{}
674714,funnel_start,2024-03-21T23:08:17,"{""funnel_type"": ""yoga""}"
674722,funnel_start,2024-03-21T23:08:54,"{""funnel_type"": ""activity""}"
674722,experiment_exposure,2024-03-21T23:09:02,"{""experiment_name"": ""exp_4"", ""experiment_group"": ""control""}"
674722,profile_start,2024-03-21T23:09:02,{}
674722,email_submit,2024-03-21T23:09:38,{}
674942,funnel_start,2024-03-21T23:36:55,"{""funnel_type"": ""fasting""}"
674942,profile_start,2024-03-21T23:37:07,{}
674942,email_submit,2024-03-21T23:37:53,{}
674942,paywall_show,2024-03-21T23:48:48,{}
675079,funnel_start,2024-03-21T23:54:51,"{""funnel_type"": ""yoga""}"
675079,profile_start,2024-03-21T23:55:01,{}
675079,experiment_exposure,2024-03-21T23:55:01,"{""experiment_name"": ""exp_4"", ""experiment_group"": ""control""}"
675079,paywall_show,2024-03-22T00:09:58,{}
675477,funnel_start,2024-03-22T00:53:12,"{""funnel_type"": ""fasting""}"
675533,funnel_start,2024-03-22T01:00:31,"{""funnel_type"": ""fasting""}"
675533,experiment_exposure,2024-03-22T01:00:37,"{""experiment_name"": ""exp_4"", ""experiment_group"": ""test""}"
675533,profile_start,2024-03-22T01:00:37,{}
675533,email_submit,2024-03-22T01:00:59,{}
675533,paywall_show,2024-03-22T01:05:02,{}
675577,funnel_start,2024-03-22T01:07:01,"{""funnel_type"": ""fasting""}"
675577,profile_start,2024-03-22T01:07:11,{}
675577,experiment_exposure,2024-03-22T01:07:11,"{""experiment_name"": ""exp_4"", ""experiment_group"": ""test""}"
675577,email_submit,2024-03-22T01:07:39,{}
675594,funnel_start,2024-03-22T01:09:35,"{""funnel_type"": ""fasting""}"
675594,profile_start,2024-03-22T01:09:44,{}
675594,email_submit,2024-03-22T01:10:03,{}
675577,paywall_show,2024-03-22T01:16:24,{}
675594,paywall_show,2024-03-22T01:21:07,{}
675594,experiment_exposure,2024-03-22T01:21:07,"{""experiment_name"": ""exp_0"", ""experiment_group"": ""test""}"
675768,funnel_start,2024-03-22T01:38:54,"{""funnel_type"": ""activity""}"
675977,funnel_start,2024-03-22T02:17:05,"{""funnel_type"": ""yoga""}"
675977,profile_start,2024-03-22T02:17:26,{}
675977,experiment_exposure,2024-03-22T02:28:38,"{""experiment_name"": ""exp_0"", ""experiment_group"": ""test""}"
675977,paywall_show,2024-03-22T02:28:38,{}
676980,funnel_start,2024-03-22T06:38:13,"{""funnel_type"": ""activity""}"
677118,funnel_start,2024-03-22T07:11:45,"{""funnel_type"": ""fasting""}"
677118,experiment_exposure,2024-03-22T07:11:51,"{""experiment_name"": ""exp_4"", ""experiment_group"": ""test""}"
677118,profile_start,2024-03-22T07:11:51,{}
677118,email_submit,2024-03-22T07:12:11,{}
677118,paywall_show,2024-03-22T07:17:45,{}
677419,funnel_start,2024-03-22T08:17:11,"{""funnel_type"": ""activity""}"
677814,funnel_start,2024-03-22T09:31:00,"{""funnel_type"": ""yoga""}"
677814,profile_start,2024-03-22T09:31:23,{}
677814,paywall_show,2024-03-22T09:42:06,{}
677814,experiment_exposure,2024-03-22T09:42:06,"{""experiment_name"": ""exp_0"", ""experiment_group"": ""control""}"
678021,funnel_start,2024-03-22T10:08:28,"{""funnel_type"": ""activity""}"
678060,funnel_start,2024-03-22T10:15:52,"{""funnel_type"": ""fasting""}"
678060,profile_start,2024-03-22T10:15:57,{}
678060,email_submit,2024-03-22T10:16:26,{}
678060,paywall_show,2024-03-22T10:23:46,{}
678239,funnel_start,2024-03-22T10:47:34,"{""funnel_type"": ""activity""}"
678239,profile_start,2024-03-22T10:47:42,{}
678239,email_submit,2024-03-22T10:47:56,{}
678239,experiment_exposure,2024-03-22T10:53:44,"{""experiment_name"": ""exp_0"", ""experiment_group"": ""control""}"
678239,paywall_show,2024-03-22T10:53:44,{}
678708,funnel_start,2024-03-22T12:03:52,"{""funnel_type"": ""activity""}"
678826,funnel_start,2024-03-22T12:26:45,"{""funnel_type"": ""fasting""}"
678826,profile_start,2024-03-22T12:26:57,{}
678826,email_submit,2024-03-22T12:27:32,{}
678875,funnel_start,2024-03-22T12:35:38,"{""funnel_type"": ""activity""}"
678875,profile_start,2024-03-22T12:35:44,{}
678875,email_submit,2024-03-22T12:37:09,{}
678875,experiment_exposure,2024-03-22T12:40:18,"{""experiment_name"": ""exp_1"", ""experiment_group"": ""test""}"
678875,paywall_show,2024-03-22T12:40:18,{}
678942,funnel_start,2024-03-22T12:47:33,"{""funnel_type"": ""yoga""}"
678942,profile_start,2024-03-22T12:47:50,{}
678942,experiment_exposure,2024-03-22T12:52:42,"{""experiment_name"": ""exp_0"", ""experiment_group"": ""control""}"
678942,paywall_show,2024-03-22T12:52:42,{}
679267,funnel_start,2024-03-22T13:48:21,"{""funnel_type"": ""fasting""}"
679267,profile_start,2024-03-22T13:48:30,{}
679267,email_submit,2024-03-22T13:48:47,{}
679267,paywall_show,2024-03-22T13:56:29,{}
679377,funnel_start,2024-03-22T14:10:12,"{""funnel_type"": ""fasting""}"
679377,profile_start,2024-03-22T14:10:27,{}
679377,email_submit,2024-03-22T14:11:00,{}
679409,funnel_start,2024-03-22T14:14:35,"{""funnel_type"": ""fasting""}"
679409,profile_start,2024-03-22T14:14:49,{}
679409,email_submit,2024-03-22T14:15:14,{}
679377,paywall_show,2024-03-22T14:17:42,{}
679409,experiment_exposure,2024-03-22T14:25:15,"{""experiment_name"": ""exp_1"", ""experiment_group"": ""test""}"
679409,paywall_show,2024-03-22T14:25:15,{}
679409,payment_done,2024-03-22T14:27:28,{}
679691,funnel_start,2024-03-22T15:00:58,"{""funnel_type"": ""activity""}"
679691,profile_start,2024-03-22T15:01:04,{}
679691,email_submit,2024-03-22T15:01:17,{}
679691,paywall_show,2024-03-22T15:04:16,{}
679897,funnel_start,2024-03-22T15:32:53,"{""funnel_type"": ""fasting""}"
680442,funnel_start,2024-03-22T17:02:47,"{""funnel_type"": ""fasting""}"
680442,profile_start,2024-03-22T17:02:55,{}
680442,email_submit,2024-03-22T17:03:15,{}
680442,paywall_show,2024-03-22T17:08:38,{}
680442,experiment_exposure,2024-03-22T17:08:38,"{""experiment_name"": ""exp_1"", ""experiment_group"": ""control""}"
680549,funnel_start,2024-03-22T17:21:20,"{""funnel_type"": ""yoga""}"
680549,profile_start,2024-03-22T17:21:39,{}
680549,experiment_exposure,2024-03-22T17:33:45,"{""experiment_name"": ""exp_0"", ""experiment_group"": ""control""}"
680549,paywall_show,2024-03-22T17:33:45,{}
681014,funnel_start,2024-03-22T18:36:19,"{""funnel_type"": ""yoga""}"
681014,profile_start,2024-03-22T18:36:40,{}
681052,funnel_start,2024-03-22T18:41:38,"{""funnel_type"": ""activity""}"
681052,profile_start,2024-03-22T18:41:50,{}
681052,email_submit,2024-03-22T18:42:21,{}
681014,experiment_exposure,2024-03-22T18:48:04,"{""experiment_name"": ""exp_0"", ""experiment_group"": ""test""}"
681014,paywall_show,2024-03-22T18:48:04,{}
681052,experiment_exposure,2024-03-22T18:55:31,"{""experiment_name"": ""exp_0"", ""experiment_group"": ""test""}"
681052,paywall_show,2024-03-22T18:55:31,{}
681245,funnel_start,2024-03-22T19:10:39,"{""funnel_type"": ""activity""}"
681245,profile_start,2024-03-22T19:10:44,{}
681245,email_submit,2024-03-22T19:10:55,{}
681245,paywall_show,2024-03-22T19:16:29,{}
681245,experiment_exposure,2024-03-22T19:16:29,"{""experiment_name"": ""exp_0"", ""experiment_group"": ""test""}"
681564,funnel_start,2024-03-22T19:58:21,"{""funnel_type"": ""fasting""}"
681605,funnel_start,2024-03-22T20:04:45,"{""funnel_type"": ""yoga""}"
681605,profile_start,2024-03-22T20:04:55,{}
681605,paywall_show,2024-03-22T20:11:16,{}
681605,experiment_exposure,2024-03-22T20:11:16,"{""experiment_name"": ""exp_0"", ""experiment_group"": ""control""}"
681605,payment_done,2024-03-22T20:13:00,{}
681605,email_submit,2024-03-22T20:13:13,{}
681785,funnel_start,2024-03-22T20:28:25,"{""funnel_type"": ""fasting""}"
682328,funnel_start,2024-03-22T21:38:59,"{""funnel_type"": ""activity""}"
682328,profile_start,2024-03-22T21:39:05,{}
682328,email_submit,2024-03-22T21:39:17,{}
682806,funnel_start,2024-03-22T22:38:27,"{""funnel_type"": ""fasting""}"
682806,profile_start,2024-03-22T22:38:38,{}
682806,email_submit,2024-03-22T22:38:57,{}
682806,experiment_exposure,2024-03-22T22:44:40,"{""experiment_name"": ""exp_0"", ""experiment_group"": ""test""}"
682806,paywall_show,2024-03-22T22:44:40,{}
682905,funnel_start,2024-03-22T22:51:01,"{""funnel_type"": ""fasting""}"
682905,profile_start,2024-03-22T22:51:07,{}
682905,email_submit,2024-03-22T22:51:47,{}
682905,experiment_exposure,2024-03-22T23:00:06,"{""experiment_name"": ""exp_0"", ""experiment_group"": ""test""}"
682905,paywall_show,2024-03-22T23:00:06,{}
683047,funnel_start,2024-03-22T23:06:52,"{""funnel_type"": ""activity""}"
683047,profile_start,2024-03-22T23:07:00,{}
683047,email_submit,2024-03-22T23:07:15,{}
683061,funnel_start,2024-03-22T23:09:03,"{""funnel_type"": ""fasting""}"
683091,funnel_start,2024-03-22T23:13:13,"{""funnel_type"": ""activity""}"
683091,profile_start,2024-03-22T23:13:20,{}
683091,email_submit,2024-03-22T23:13:38,{}
683047,paywall_show,2024-03-22T23:15:23,{}
683047,experiment_exposure,2024-03-22T23:15:23,"{""experiment_name"": ""exp_1"", ""experiment_group"": ""test""}"
683047,payment_done,2024-03-22T23:19:29,{}
683091,paywall_show,2024-03-22T23:23:17,{}
683616,funnel_start,2024-03-23T00:22:58,"{""funnel_type"": ""fasting""}"
684163,funnel_start,2024-03-23T01:48:43,"{""funnel_type"": ""activity""}"
684250,funnel_start,2024-03-23T02:04:35,"{""funnel_type"": ""activity""}"
684250,profile_start,2024-03-23T02:04:45,{}
684250,email_submit,2024-03-23T02:05:26,{}
684250,paywall_show,2024-03-23T02:22:41,{}
684250,experiment_exposure,2024-03-23T02:22:41,"{""experiment_name"": ""exp_0"", ""experiment_group"": ""test""}"
684401,funnel_start,2024-03-23T02:34:03,"{""funnel_type"": ""activity""}"
684401,profile_start,2024-03-23T02:34:14,{}
684401,experiment_exposure,2024-03-23T02:34:14,"{""experiment_name"": ""exp_4"", ""experiment_group"": ""control""}"
684401,email_submit,2024-03-23T02:34:33,{}
684405,funnel_start,2024-03-23T02:34:43,"{""funnel_type"": ""activity""}"
684401,paywall_show,2024-03-23T02:38:21,{}
684487,funnel_start,2024-03-23T02:55:03,"{""funnel_type"": ""fasting""}"
684487,profile_start,2024-03-23T02:55:10,{}
684487,email_submit,2024-03-23T02:55:37,{}
684487,paywall_show,2024-03-23T03:08:32,{}
684487,experiment_exposure,2024-03-23T03:08:32,"{""experiment_name"": ""exp_0"", ""experiment_group"": ""test""}"
684593,funnel_start,2024-03-23T03:30:33,"{""funnel_type"": ""fasting""}"
684593,profile_start,2024-03-23T03:30:42,{}
684593,email_submit,2024-03-23T03:31:09,{}
684593,paywall_show,2024-03-23T03:45:07,{}
684593,experiment_exposure,2024-03-23T03:45:07,"{""experiment_name"": ""exp_1"", ""experiment_group"": ""control""}"
684660,funnel_start,2024-03-23T03:48:20,"{""funnel_type"": ""activity""}"
684660,profile_start,2024-03-23T03:48:23,{}
684660,email_submit,2024-03-23T03:48:42,{}
684660,paywall_show,2024-03-23T03:54:51,{}
684788,funnel_start,2024-03-23T04:17:50,"{""funnel_type"": ""fasting""}"
684788,profile_start,2024-03-23T04:18:12,{}
684788,experiment_exposure,2024-03-23T04:18:12,"{""experiment_name"": ""exp_4"", ""experiment_group"": ""test""}"
684788,email_submit,2024-03-23T04:18:25,{}
684788,paywall_show,2024-03-23T04:31:29,{}
685010,funnel_start,2024-03-23T05:26:43,"{""funnel_type"": ""activity""}"
685798,funnel_start,2024-03-23T08:27:25,"{""funnel_type"": ""fasting""}"
685798,profile_start,2024-03-23T08:27:32,{}
685798,email_submit,2024-03-23T08:28:09,{}
685798,experiment_exposure,2024-03-23T08:47:29,"{""experiment_name"": ""exp_1"", ""experiment_group"": ""test""}"
685798,paywall_show,2024-03-23T08:47:29,{}
685990,funnel_start,2024-03-23T08:57:27,"{""funnel_type"": ""fasting""}"
685990,profile_start,2024-03-23T08:57:37,{}
685990,email_submit,2024-03-23T08:58:00,{}
685990,experiment_exposure,2024-03-23T09:07:45,"{""experiment_name"": ""exp_0"", ""experiment_group"": ""control""}"
685990,paywall_show,2024-03-23T09:07:45,{}
685990,payment_done,2024-03-23T09:08:54,{}
686065,funnel_start,2024-03-23T09:09:16,"{""funnel_type"": ""fasting""}"
686065,profile_start,2024-03-23T09:09:30,{}
686065,email_submit,2024-03-23T09:09:50,{}
686065,experiment_exposure,2024-03-23T09:25:15,"{""experiment_name"": ""exp_1"", ""experiment_group"": ""test""}"
686065,paywall_show,2024-03-23T09:25:15,{}
686534,funnel_start,2024-03-23T10:36:05,"{""funnel_type"": ""yoga""}"
686534,experiment_exposure,2024-03-23T10:36:23,"{""experiment_name"": ""exp_4"", ""experiment_group"": ""test""}"
686534,profile_start,2024-03-23T10:36:23,{}
686552,funnel_start,2024-03-23T10:39:30,"{""funnel_type"": ""fasting""}"
686552,profile_start,2024-03-23T10:39:41,{}
686552,email_submit,2024-03-23T10:40:21,{}
686534,paywall_show,2024-03-23T10:42:11,{}
686653,funnel_start,2024-03-23T10:58:16,"{""funnel_type"": ""fasting""}"
686653,experiment_exposure,2024-03-23T10:58:29,"{""experiment_name"": ""exp_4"", ""experiment_group"": ""control""}"
686653,profile_start,2024-03-23T10:58:29,{}
686653,email_submit,2024-03-23T10:58:41,{}
686653,paywall_show,2024-03-23T11:06:17,{}
686552,experiment_exposure,2024-03-23T11:06:33,"{""experiment_name"": ""exp_0"", ""experiment_group"": ""test""}"
686552,paywall_show,2024-03-23T11:06:33,{}
686552,payment_done,2024-03-23T11:07:30,{}
686750,funnel_start,2024-03-23T11:18:03,"{""funnel_type"": ""activity""}"
686750,experiment_exposure,2024-03-23T11:18:11,"{""experiment_name"": ""exp_4"", ""experiment_group"": ""test""}"
686750,profile_start,2024-03-23T11:18:11,{}
686750,email_submit,2024-03-23T11:18:36,{}
686750,paywall_show,2024-03-23T11:22:04,{}
687217,funnel_start,2024-03-23T12:41:44,"{""funnel_type"": ""fasting""}"
687217,profile_start,2024-03-23T12:41:51,{}
687217,email_submit,2024-03-23T12:42:24,{}
687420,funnel_start,2024-03-23T13:21:32,"{""funnel_type"": ""fasting""}"
687453,funnel_start,2024-03-23T13:26:09,"{""funnel_type"": ""activity""}"
687453,profile_start,2024-03-23T13:26:32,{}
687453,email_submit,2024-03-23T13:27:08,{}
687453,experiment_exposure,2024-03-23T13:31:58,"{""experiment_name"": ""exp_1"", ""experiment_group"": ""test""}"
687453,paywall_show,2024-03-23T13:31:58,{}
688367,funnel_start,2024-03-23T16:18:05,"{""funnel_type"": ""fasting""}"
688367,profile_start,2024-03-23T16:18:10,{}
688367,email_submit,2024-03-23T16:18:41,{}
688367,experiment_exposure,2024-03-23T16:25:16,"{""experiment_name"": ""exp_0"", ""experiment_group"": ""test""}"
688367,paywall_show,2024-03-23T16:25:16,{}
688367,payment_done,2024-03-23T16:30:11,{}
688455,funnel_start,2024-03-23T16:34:37,"{""funnel_type"": ""activity""}"
688455,profile_start,2024-03-23T16:34:44,{}
688455,experiment_exposure,2024-03-23T16:34:44,"{""experiment_name"": ""exp_4"", ""experiment_group"": ""control""}"
688455,email_submit,2024-03-23T16:35:14,{}
688455,paywall_show,2024-03-23T16:38:28,{}
688671,funnel_start,2024-03-23T17:15:14,"{""funnel_type"": ""fasting""}"
688671,profile_start,2024-03-23T17:15:24,{}
688671,email_submit,2024-03-23T17:15:43,{}
688671,paywall_show,2024-03-23T17:19:06,{}
688792,funnel_start,2024-03-23T17:36:18,"{""funnel_type"": ""fasting""}"
688792,profile_start,2024-03-23T17:36:27,{}
688792,email_submit,2024-03-23T17:36:47,{}
688792,experiment_exposure,2024-03-23T17:41:38,"{""experiment_name"": ""exp_1"", ""experiment_group"": ""test""}"
688792,paywall_show,2024-03-23T17:41:38,{}
688931,funnel_start,2024-03-23T18:01:49,"{""funnel_type"": ""fasting""}"
688931,profile_start,2024-03-23T18:02:02,{}
688931,email_submit,2024-03-23T18:02:46,{}
688931,paywall_show,2024-03-23T18:06:26,{}
689150,funnel_start,2024-03-23T18:36:09,"{""funnel_type"": ""fasting""}"
689150,profile_start,2024-03-23T18:36:20,{}
689150,experiment_exposure,2024-03-23T18:36:20,"{""experiment_name"": ""exp_4"", ""experiment_group"": ""test""}"
689150,email_submit,2024-03-23T18:36:41,{}
689150,paywall_show,2024-03-23T18:42:18,{}
689202,funnel_start,2024-03-23T18:43:05,"{""funnel_type"": ""yoga""}"
689202,profile_start,2024-03-23T18:43:15,{}
689202,paywall_show,2024-03-23T18:50:10,{}
689411,funnel_start,2024-03-23T19:10:09,"{""funnel_type"": ""fasting""}"
689411,profile_start,2024-03-23T19:10:16,{}
689411,email_submit,2024-03-23T19:11:06,{}
689446,funnel_start,2024-03-23T19:17:04,"{""funnel_type"": ""fasting""}"
689411,paywall_show,2024-03-23T19:17:56,{}
689411,experiment_exposure,2024-03-23T19:17:56,"{""experiment_name"": ""exp_0"", ""experiment_group"": ""test""}"
689485,funnel_start,2024-03-23T19:24:39,"{""funnel_type"": ""activity""}"
689725,funnel_start,2024-03-23T20:01:52,"{""funnel_type"": ""yoga""}"
689947,funnel_start,2024-03-23T20:32:11,"{""funnel_type"": ""activity""}"
690646,funnel_start,2024-03-23T22:01:58,"{""funnel_type"": ""fasting""}"
690646,experiment_exposure,2024-03-23T22:02:11,"{""experiment_name"": ""exp_4"", ""experiment_group"": ""test""}"
690646,profile_start,2024-03-23T22:02:11,{}
690646,email_submit,2024-03-23T22:02:26,{}
690646,paywall_show,2024-03-23T22:07:48,{}
690707,funnel_start,2024-03-23T22:09:02,"{""funnel_type"": ""fasting""}"
690707,experiment_exposure,2024-03-23T22:09:14,"{""experiment_name"": ""exp_4"", ""experiment_group"": ""control""}"
690707,profile_start,2024-03-23T22:09:14,{}
690927,funnel_start,2024-03-23T22:33:14,"{""funnel_type"": ""fasting""}"
690927,profile_start,2024-03-23T22:33:22,{}
690927,experiment_exposure,2024-03-23T22:33:22,"{""experiment_name"": ""exp_4"", ""experiment_group"": ""control""}"
690927,email_submit,2024-03-23T22:33:47,{}
690927,paywall_show,2024-03-23T22:51:21,{}
691109,funnel_start,2024-03-23T22:53:24,"{""funnel_type"": ""fasting""}"
691719,funnel_start,2024-03-24T00:08:42,"{""funnel_type"": ""activity""}"
691719,profile_start,2024-03-24T00:08:53,{}
691719,email_submit,2024-03-24T00:11:08,{}
691719,paywall_show,2024-03-24T00:15:22,{}
691885,funnel_start,2024-03-24T00:30:24,"{""funnel_type"": ""activity""}"
691910,funnel_start,2024-03-24T00:34:24,"{""funnel_type"": ""yoga""}"
691970,funnel_start,2024-03-24T00:42:23,"{""funnel_type"": ""activity""}"
692590,funnel_start,2024-03-24T02:25:48,"{""funnel_type"": ""activity""}"
692590,profile_start,2024-03-24T02:25:55,{}
692590,experiment_exposure,2024-03-24T02:25:55,"{""experiment_name"": ""exp_4"", ""experiment_group"": ""test""}"
692590,email_submit,2024-03-24T02:26:10,{}
692590,paywall_show,2024-03-24T02:31:19,{}
692767,funnel_start,2024-03-24T03:01:00,"{""funnel_type"": ""yoga""}"
692767,profile_start,2024-03-24T03:01:09,{}
692773,funnel_start,2024-03-24T03:02:28,"{""funnel_type"": ""fasting""}"
693140,funnel_start,2024-03-24T04:44:09,"{""funnel_type"": ""fasting""}"
693140,profile_start,2024-03-24T04:44:18,{}
693140,email_submit,2024-03-24T04:44:31,{}
693140,paywall_show,2024-03-24T04:54:36,{}
693140,experiment_exposure,2024-03-24T04:54:36,"{""experiment_name"": ""exp_1"", ""experiment_group"": ""test""}"
693611,funnel_start,2024-03-24T06:58:24,"{""funnel_type"": ""yoga""}"
693611,profile_start,2024-03-24T06:58:53,{}
693611,experiment_exposure,2024-03-24T06:58:53,"{""experiment_name"": ""exp_4"", ""experiment_group"": ""test""}"
693611,paywall_show,2024-03-24T07:11:48,{}
693857,funnel_start,2024-03-24T07:48:55,"{""funnel_type"": ""fasting""}"
694206,funnel_start,2024-03-24T08:52:43,"{""funnel_type"": ""activity""}"
694206,profile_start,2024-03-24T08:52:49,{}
694206,email_submit,2024-03-24T08:53:21,{}
694206,paywall_show,2024-03-24T08:58:02,{}
694206,experiment_exposure,2024-03-24T08:58:02,"{""experiment_name"": ""exp_0"", ""experiment_group"": ""control""}"
694305,funnel_start,2024-03-24T09:11:07,"{""funnel_type"": ""yoga""}"
694305,profile_start,2024-03-24T09:11:23,{}
694305,experiment_exposure,2024-03-24T09:11:23,"{""experiment_name"": ""exp_4"", ""experiment_group"": ""test""}"
694305,paywall_show,2024-03-24T09:19:46,{}
694628,funnel_start,2024-03-24T10:03:47,"{""funnel_type"": ""fasting""}"
694628,profile_start,2024-03-24T10:03:57,{}
694628,email_submit,2024-03-24T10:04:17,{}
694628,paywall_show,2024-03-24T10:08:29,{}
694857,funnel_start,2024-03-24T10:47:46,"{""funnel_type"": ""fasting""}"
695067,funnel_start,2024-03-24T11:18:38,"{""funnel_type"": ""fasting""}"
695198,funnel_start,2024-03-24T11:40:06,"{""funnel_type"": ""activity""}"
695198,experiment_exposure,2024-03-24T11:40:10,"{""experiment_name"": ""exp_4"", ""experiment_group"": ""test""}"
695198,profile_start,2024-03-24T11:40:10,{}
695198,email_submit,2024-03-24T11:40:27,{}
695224,funnel_start,2024-03-24T11:43:45,"{""funnel_type"": ""activity""}"
695258,funnel_start,2024-03-24T11:49:05,"{""funnel_type"": ""yoga""}"
695258,profile_start,2024-03-24T11:49:35,{}
695198,paywall_show,2024-03-24T11:50:27,{}
695297,funnel_start,2024-03-24T11:54:52,"{""funnel_type"": ""yoga""}"
695297,profile_start,2024-03-24T11:55:19,{}
695297,experiment_exposure,2024-03-24T11:55:19,"{""experiment_name"": ""exp_4"", ""experiment_group"": ""test""}"
695258,paywall_show,2024-03-24T12:00:20,{}
695258,experiment_exposure,2024-03-24T12:00:20,"{""experiment_name"": ""exp_0"", ""experiment_group"": ""control""}"
695297,paywall_show,2024-03-24T12:15:21,{}
695446,funnel_start,2024-03-24T12:23:58,"{""funnel_type"": ""fasting""}"
695446,profile_start,2024-03-24T12:24:08,{}
695446,email_submit,2024-03-24T12:24:49,{}
695446,experiment_exposure,2024-03-24T12:38:42,"{""experiment_name"": ""exp_1"", ""experiment_group"": ""control""}"
695446,paywall_show,2024-03-24T12:38:42,{}
695539,funnel_start,2024-03-24T12:41:58,"{""funnel_type"": ""fasting""}"
695539,profile_start,2024-03-24T12:42:06,{}
695825,funnel_start,2024-03-24T13:35:06,"{""funnel_type"": ""fasting""}"
696116,funnel_start,2024-03-24T14:23:49,"{""funnel_type"": ""fasting""}"
696116,profile_start,2024-03-24T14:23:59,{}
696116,email_submit,2024-03-24T14:24:34,{}
696116,paywall_show,2024-03-24T14:40:33,{}
696116,experiment_exposure,2024-03-24T14:40:33,"{""experiment_name"": ""exp_1"", ""experiment_group"": ""control""}"
696212,funnel_start,2024-03-24T14:42:23,"{""funnel_type"": ""activity""}"
696212,profile_start,2024-03-24T14:42:34,{}
696212,email_submit,2024-03-24T14:42:54,{}
696231,funnel_start,2024-03-24T14:44:51,"{""funnel_type"": ""activity""}"
696231,profile_start,2024-03-24T14:45:00,{}
696231,email_submit,2024-03-24T14:45:55,{}
696239,funnel_start,2024-03-24T14:46:43,"{""funnel_type"": ""fasting""}"
696239,profile_start,2024-03-24T14:46:50,{}
696239,email_submit,2024-03-24T14:47:15,{}
696231,paywall_show,2024-03-24T14:51:26,{}
696231,experiment_exposure,2024-03-24T14:51:26,"{""experiment_name"": ""exp_0"", ""experiment_group"": ""control""}"
696212,paywall_show,2024-03-24T14:53:41,{}
696239,experiment_exposure,2024-03-24T15:01:31,"{""experiment_name"": ""exp_1"", ""experiment_group"": ""test""}"
696239,paywall_show,2024-03-24T15:01:31,{}
696590,funnel_start,2024-03-24T15:48:32,"{""funnel_type"": ""fasting""}"
696590,profile_start,2024-03-24T15:48:49,{}
696590,email_submit,2024-03-24T15:49:23,{}
696607,funnel_start,2024-03-24T15:50:34,"{""funnel_type"": ""activity""}"
696590,experiment_exposure,2024-03-24T16:05:33,"{""experiment_name"": ""exp_0"", ""experiment_group"": ""test""}"
696590,paywall_show,2024-03-24T16:05:33,{}
697147,funnel_start,2024-03-24T17:23:38,"{""funnel_type"": ""activity""}"
697338,funnel_start,2024-03-24T17:55:54,"{""funnel_type"": ""fasting""}"
697338,profile_start,2024-03-24T17:56:01,{}
697338,email_submit,2024-03-24T17:56:40,{}
697366,funnel_start,2024-03-24T18:01:14,"{""funnel_type"": ""activity""}"
697366,profile_start,2024-03-24T18:01:20,{}
697366,email_submit,2024-03-24T18:01:42,{}
697338,experiment_exposure,2024-03-24T18:07:40,"{""experiment_name"": ""exp_0"", ""experiment_group"": ""test""}"
697338,paywall_show,2024-03-24T18:07:40,{}
697338,payment_done,2024-03-24T18:08:53,{}
697366,paywall_show,2024-03-24T18:09:13,{}
697366,experiment_exposure,2024-03-24T18:09:13,"{""experiment_name"": ""exp_0"", ""experiment_group"": ""test""}"
697786,funnel_start,2024-03-24T19:04:55,"{""funnel_type"": ""fasting""}"
697786,profile_start,2024-03-24T19:05:04,{}
697786,experiment_exposure,2024-03-24T19:05:04,"{""experiment_name"": ""exp_4"", ""experiment_group"": ""test""}"
697786,email_submit,2024-03-24T19:05:17,{}
697786,paywall_show,2024-03-24T19:11:37,{}
698180,funnel_start,2024-03-24T20:03:19,"{""funnel_type"": ""activity""}"
698180,profile_start,2024-03-24T20:03:24,{}
698252,funnel_start,2024-03-24T20:12:47,"{""funnel_type"": ""fasting""}"
698252,profile_start,2024-03-24T20:13:07,{}
698252,email_submit,2024-03-24T20:13:38,{}
698303,funnel_start,2024-03-24T20:19:59,"{""funnel_type"": ""activity""}"
698303,profile_start,2024-03-24T20:20:09,{}
698303,email_submit,2024-03-24T20:21:29,{}
698334,funnel_start,2024-03-24T20:23:31,"{""funnel_type"": ""fasting""}"
698334,profile_start,2024-03-24T20:23:42,{}
698303,experiment_exposure,2024-03-24T20:23:57,"{""experiment_name"": ""exp_1"", ""experiment_group"": ""test""}"
698303,paywall_show,2024-03-24T20:23:57,{}
698334,email_submit,2024-03-24T20:24:00,{}
698252,paywall_show,2024-03-24T20:24:03,{}
698252,experiment_exposure,2024-03-24T20:24:03,"{""experiment_name"": ""exp_1"", ""experiment_group"": ""test""}"
698334,experiment_exposure,2024-03-24T20:29:28,"{""experiment_name"": ""exp_1"", ""experiment_group"": ""control""}"
698334,paywall_show,2024-03-24T20:29:28,{}
698386,funnel_start,2024-03-24T20:30:33,"{""funnel_type"": ""fasting""}"
698386,profile_start,2024-03-24T20:30:44,{}
698386,experiment_exposure,2024-03-24T20:30:44,"{""experiment_name"": ""exp_4"", ""experiment_group"": ""test""}"
698386,email_submit,2024-03-24T20:31:22,{}
698400,funnel_start,2024-03-24T20:32:59,"{""funnel_type"": ""activity""}"
698400,profile_start,2024-03-24T20:33:03,{}
698400,experiment_exposure,2024-03-24T20:33:03,"{""experiment_name"": ""exp_4"", ""experiment_group"": ""control""}"
698400,email_submit,2024-03-24T20:33:15,{}
698400,paywall_show,2024-03-24T20:39:24,{}
698575,funnel_start,2024-03-24T20:58:26,"{""funnel_type"": ""fasting""}"
698575,profile_start,2024-03-24T20:58:35,{}
698575,email_submit,2024-03-24T20:58:53,{}
698632,funnel_start,2024-03-24T21:05:32,"{""funnel_type"": ""fasting""}"
698575,paywall_show,2024-03-24T21:05:44,{}
698918,funnel_start,2024-03-24T21:42:36,"{""funnel_type"": ""activity""}"
698918,experiment_exposure,2024-03-24T21:42:44,"{""experiment_name"": ""exp_4"", ""experiment_group"": ""control""}"
698918,profile_start,2024-03-24T21:42:44,{}
699155,funnel_start,2024-03-24T22:07:04,"{""funnel_type"": ""activity""}"
699155,profile_start,2024-03-24T22:07:19,{}
699155,email_submit,2024-03-24T22:07:32,{}
699913,funnel_start,2024-03-24T23:42:08,"{""funnel_type"": ""fasting""}"
699913,profile_start,2024-03-24T23:42:13,{}
699913,experiment_exposure,2024-03-24T23:42:13,"{""experiment_name"": ""exp_4"", ""experiment_group"": ""control""}"
699913,email_submit,2024-03-24T23:42:43,{}
699913,paywall_show,2024-03-24T23:48:35,{}
700350,funnel_start,2024-03-25T00:43:07,"{""funnel_type"": ""fasting""}"
700754,funnel_start,2024-03-25T01:52:43,"{""funnel_type"": ""fasting""}"
700758,funnel_start,2024-03-25T01:53:11,"{""funnel_type"": ""fasting""}"
700758,profile_start,2024-03-25T01:53:21,{}
701082,funnel_start,2024-03-25T03:03:36,"{""funnel_type"": ""activity""}"
701082,profile_start,2024-03-25T03:03:50,{}
701334,funnel_start,2024-03-25T04:07:34,"{""funnel_type"": ""fasting""}"
701334,profile_start,2024-03-25T04:07:40,{}
701334,email_submit,2024-03-25T04:08:04,{}
701396,funnel_start,2024-03-25T04:29:03,"{""funnel_type"": ""activity""}"
701396,profile_start,2024-03-25T04:29:10,{}
701396,experiment_exposure,2024-03-25T04:29:10,"{""experiment_name"": ""exp_4"", ""experiment_group"": ""test""}"
701396,email_submit,2024-03-25T04:29:26,{}
701656,funnel_start,2024-03-25T05:51:01,"{""funnel_type"": ""fasting""}"
701656,profile_start,2024-03-25T05:51:16,{}
701656,email_submit,2024-03-25T05:51:34,{}
701656,experiment_exposure,2024-03-25T06:11:56,"{""experiment_name"": ""exp_1"", ""experiment_group"": ""control""}"
701656,paywall_show,2024-03-25T06:11:56,{}
701771,funnel_start,2024-03-25T06:20:53,"{""funnel_type"": ""fasting""}"
701771,profile_start,2024-03-25T06:21:00,{}
701771,experiment_exposure,2024-03-25T06:21:00,"{""experiment_name"": ""exp_4"", ""experiment_group"": ""control""}"
701771,email_submit,2024-03-25T06:21:28,{}
701771,paywall_show,2024-03-25T06:26:43,{}
702385,funnel_start,2024-03-25T08:39:04,"{""funnel_type"": ""fasting""}"
702385,profile_start,2024-03-25T08:39:10,{}
702500,funnel_start,2024-03-25T08:57:50,"{""funnel_type"": ""activity""}"
702556,funnel_start,2024-03-25T09:10:10,"{""funnel_type"": ""fasting""}"
702556,profile_start,2024-03-25T09:10:28,{}
702556,email_submit,2024-03-25T09:10:46,{}
702608,funnel_start,2024-03-25T09:19:02,"{""funnel_type"": ""activity""}"
702608,profile_start,2024-03-25T09:19:13,{}
702608,email_submit,2024-03-25T09:19:29,{}
702556,experiment_exposure,2024-03-25T09:20:27,"{""experiment_name"": ""exp_0"", ""experiment_group"": ""control""}"
702556,paywall_show,2024-03-25T09:20:27,{}
702608,experiment_exposure,2024-03-25T09:26:29,"{""experiment_name"": ""exp_0"", ""experiment_group"": ""control""}"
702608,paywall_show,2024-03-25T09:26:29,{}
703010,funnel_start,2024-03-25T10:28:03,"{""funnel_type"": ""activity""}"
703010,profile_start,2024-03-25T10:28:10,{}
703010,email_submit,2024-03-25T10:28:33,{}
703028,funnel_start,2024-03-25T10:31:41,"{""funnel_type"": ""activity""}"
703028,profile_start,2024-03-25T10:31:46,{}
703028,experiment_exposure,2024-03-25T10:31:46,"{""experiment_name"": ""exp_4"", ""experiment_group"": ""control""}"
703028,email_submit,2024-03-25T10:32:04,{}
703010,paywall_show,2024-03-25T10:32:27,{}
703135,funnel_start,2024-03-25T10:50:44,"{""funnel_type"": ""yoga""}"
703173,funnel_start,2024-03-25T10:58:08,"{""funnel_type"": ""activity""}"
703173,profile_start,2024-03-25T10:58:17,{}
703173,experiment_exposure,2024-03-25T10:58:17,"{""experiment_name"": ""exp_4"", ""experiment_group"": ""test""}"
703173,email_submit,2024-03-25T10:58:30,{}
703173,paywall_show,2024-03-25T11:04:48,{}
704064,funnel_start,2024-03-25T13:42:49,"{""funnel_type"": ""activity""}"
704064,experiment_exposure,2024-03-25T13:42:52,"{""experiment_name"": ""exp_4"", ""experiment_group"": ""control""}"
704064,profile_start,2024-03-25T13:42:52,{}
704064,email_submit,2024-03-25T13:43:24,{}
704104,funnel_start,2024-03-25T13:49:51,"{""funnel_type"": ""yoga""}"
704104,experiment_exposure,2024-03-25T13:50:10,"{""experiment_name"": ""exp_4"", ""experiment_group"": ""test""}"
704104,profile_start,2024-03-25T13:50:10,{}
704064,paywall_show,2024-03-25T13:50:57,{}
704104,paywall_show,2024-03-25T13:55:18,{}
704334,funnel_start,2024-03-25T14:30:33,"{""funnel_type"": ""yoga""}"
704334,profile_start,2024-03-25T14:31:05,{}
704334,paywall_show,2024-03-25T14:36:06,{}
704334,experiment_exposure,2024-03-25T14:36:06,"{""experiment_name"": ""exp_0"", ""experiment_group"": ""test""}"
704405,funnel_start,2024-03-25T14:43:03,"{""funnel_type"": ""fasting""}"
704405,profile_start,2024-03-25T14:43:14,{}
704427,funnel_start,2024-03-25T14:46:21,"{""funnel_type"": ""fasting""}"
704427,profile_start,2024-03-25T14:46:33,{}
704427,email_submit,2024-03-25T14:47:00,{}
704427,paywall_show,2024-03-25T14:59:01,{}
704692,funnel_start,2024-03-25T15:31:28,"{""funnel_type"": ""fasting""}"
704692,profile_start,2024-03-25T15:31:39,{}
704692,email_submit,2024-03-25T15:31:49,{}
704692,experiment_exposure,2024-03-25T15:43:21,"{""experiment_name"": ""exp_0"", ""experiment_group"": ""control""}"
704692,paywall_show,2024-03-25T15:43:21,{}
704935,funnel_start,2024-03-25T16:13:38,"{""funnel_type"": ""activity""}"
705776,funnel_start,2024-03-25T18:37:34,"{""funnel_type"": ""fasting""}"
705776,profile_start,2024-03-25T18:37:54,{}
705776,email_submit,2024-03-25T18:38:18,{}
705817,funnel_start,2024-03-25T18:44:12,"{""funnel_type"": ""fasting""}"
705817,profile_start,2024-03-25T18:44:25,{}
705817,email_submit,2024-03-25T18:44:51,{}
705776,paywall_show,2024-03-25T18:45:29,{}
705985,funnel_start,2024-03-25T19:09:31,"{""funnel_type"": ""fasting""}"
705985,experiment_exposure,2024-03-25T19:09:39,"{""experiment_name"": ""exp_4"", ""experiment_group"": ""test""}"
705985,profile_start,2024-03-25T19:09:39,{}
705985,email_submit,2024-03-25T19:10:01,{}
706015,funnel_start,2024-03-25T19:13:32,"{""funnel_type"": ""yoga""}"
706015,profile_start,2024-03-25T19:13:42,{}
705985,paywall_show,2024-03-25T19:18:57,{}
706015,experiment_exposure,2024-03-25T19:19:34,"{""experiment_name"": ""exp_1"", ""experiment_group"": ""control""}"
706015,paywall_show,2024-03-25T19:19:34,{}
707251,funnel_start,2024-03-25T22:05:58,"{""funnel_type"": ""activity""}"
707251,profile_start,2024-03-25T22:06:05,{}
707251,email_submit,2024-03-25T22:06:15,{}
707251,paywall_show,2024-03-25T22:09:18,{}
707251,experiment_exposure,2024-03-25T22:09:18,"{""experiment_name"": ""exp_0"", ""experiment_group"": ""test""}"
707685,funnel_start,2024-03-25T22:52:01,"{""funnel_type"": ""activity""}"
707685,profile_start,2024-03-25T22:52:06,{}
707685,email_submit,2024-03-25T22:52:48,{}
707786,funnel_start,2024-03-25T23:06:03,"{""funnel_type"": ""activity""}"
707786,profile_start,2024-03-25T23:06:09,{}
707786,email_submit,2024-03-25T23:06:23,{}
708091,funnel_start,2024-03-25T23:45:57,"{""funnel_type"": ""yoga""}"
708091,profile_start,2024-03-25T23:46:16,{}
708091,paywall_show,2024-03-25T23:50:07,{}
708091,payment_done,2024-03-25T23:54:41,{}
708091,email_submit,2024-03-25T23:55:16,{}
708885,funnel_start,2024-03-26T01:50:30,"{""funnel_type"": ""yoga""}"
708885,experiment_exposure,2024-03-26T01:50:52,"{""experiment_name"": ""exp_4"", ""experiment_group"": ""control""}"
708885,profile_start,2024-03-26T01:50:52,{}
708885,paywall_show,2024-03-26T01:58:33,{}
710544,funnel_start,2024-03-26T08:28:13,"{""funnel_type"": ""activity""}"
710544,experiment_exposure,2024-03-26T08:28:21,"{""experiment_name"": ""exp_4"", ""experiment_group"": ""test""}"
710544,profile_start,2024-03-26T08:28:21,{}
710544,email_submit,2024-03-26T08:28:42,{}
710544,paywall_show,2024-03-26T08:33:32,{}
711134,funnel_start,2024-03-26T10:09:37,"{""funnel_type"": ""fasting""}"
711411,funnel_start,2024-03-26T10:55:50,"{""funnel_type"": ""fasting""}"
711421,funnel_start,2024-03-26T10:57:08,"{""funnel_type"": ""fasting""}"
711434,funnel_start,2024-03-26T10:58:28,"{""funnel_type"": ""fasting""}"
711434,profile_start,2024-03-26T10:58:32,{}
711434,email_submit,2024-03-26T10:58:49,{}
711524,funnel_start,2024-03-26T11:10:37,"{""funnel_type"": ""activity""}"
711524,profile_start,2024-03-26T11:10:44,{}
711524,email_submit,2024-03-26T11:11:08,{}
711524,experiment_exposure,2024-03-26T11:20:09,"{""experiment_name"": ""exp_1"", ""experiment_group"": ""test""}"
711524,paywall_show,2024-03-26T11:20:09,{}
711524,payment_done,2024-03-26T11:23:20,{}
711713,funnel_start,2024-03-26T11:39:39,"{""funnel_type"": ""activity""}"
711713,profile_start,2024-03-26T11:39:51,{}
711713,email_submit,2024-03-26T11:40:14,{}
711721,funnel_start,2024-03-26T11:41:26,"{""funnel_type"": ""yoga""}"
712238,funnel_start,2024-03-26T13:17:01,"{""funnel_type"": ""activity""}"
712238,profile_start,2024-03-26T13:17:09,{}
712238,experiment_exposure,2024-03-26T13:17:09,"{""experiment_name"": ""exp_4"", ""experiment_group"": ""control""}"
712238,email_submit,2024-03-26T13:17:49,{}
712238,paywall_show,2024-03-26T13:25:46,{}
712338,funnel_start,2024-03-26T13:35:41,"{""funnel_type"": ""fasting""}"
712338,profile_start,2024-03-26T13:35:49,{}
712338,email_submit,2024-03-26T13:36:11,{}
712338,paywall_show,2024-03-26T13:42:44,{}
712338,experiment_exposure,2024-03-26T13:42:44,"{""experiment_name"": ""exp_1"", ""experiment_group"": ""control""}"
712569,funnel_start,2024-03-26T14:22:21,"{""funnel_type"": ""fasting""}"
712569,profile_start,2024-03-26T14:22:32,{}
712571,funnel_start,2024-03-26T14:22:57,"{""funnel_type"": ""fasting""}"
712571,profile_start,2024-03-26T14:23:17,{}
712569,email_submit,2024-03-26T14:23:28,{}
712571,email_submit,2024-03-26T14:23:45,{}
712610,funnel_start,2024-03-26T14:29:07,"{""funnel_type"": ""activity""}"
712610,profile_start,2024-03-26T14:29:13,{}
712610,email_submit,2024-03-26T14:29:28,{}
712571,paywall_show,2024-03-26T14:34:02,{}
712610,paywall_show,2024-03-26T14:41:33,{}
712828,funnel_start,2024-03-26T15:13:11,"{""funnel_type"": ""fasting""}"
712828,experiment_exposure,2024-03-26T15:13:29,"{""experiment_name"": ""exp_4"", ""experiment_group"": ""test""}"
712828,profile_start,2024-03-26T15:13:29,{}
712828,email_submit,2024-03-26T15:13:51,{}
712828,paywall_show,2024-03-26T15:29:47,{}
713359,funnel_start,2024-03-26T16:45:46,"{""funnel_type"": ""activity""}"
713359,profile_start,2024-03-26T16:45:56,{}
713359,email_submit,2024-03-26T16:46:16,{}
713359,paywall_show,2024-03-26T16:50:39,{}
713418,funnel_start,2024-03-26T16:55:26,"{""funnel_type"": ""fasting""}"
713418,profile_start,2024-03-26T16:55:36,{}
713418,experiment_exposure,2024-03-26T16:55:36,"{""experiment_name"": ""exp_4"", ""experiment_group"": ""test""}"
713418,email_submit,2024-03-26T16:55:46,{}
713418,paywall_show,2024-03-26T17:13:56,{}
713615,funnel_start,2024-03-26T17:27:44,"{""funnel_type"": ""activity""}"
713615,profile_start,2024-03-26T17:27:59,{}
713615,email_submit,2024-03-26T17:28:17,{}
713766,funnel_start,2024-03-26T17:50:46,"{""funnel_type"": ""fasting""}"
713766,profile_start,2024-03-26T17:50:56,{}
713766,experiment_exposure,2024-03-26T17:50:56,"{""experiment_name"": ""exp_4"", ""experiment_group"": ""control""}"
713766,email_submit,2024-03-26T17:51:14,{}
713766,paywall_show,2024-03-26T18:00:35,{}
713766,payment_done,2024-03-26T18:03:17,{}
714004,funnel_start,2024-03-26T18:31:36,"{""funnel_type"": ""fasting""}"
714004,profile_start,2024-03-26T18:31:42,{}
714004,email_submit,2024-03-26T18:31:58,{}
714004,paywall_show,2024-03-26T18:55:04,{}
714370,funnel_start,2024-03-26T19:33:04,"{""funnel_type"": ""fasting""}"
714370,profile_start,2024-03-26T19:33:15,{}
714370,email_submit,2024-03-26T19:33:31,{}
714769,funnel_start,2024-03-26T20:29:22,"{""funnel_type"": ""fasting""}"
714864,funnel_start,2024-03-26T20:42:39,"{""funnel_type"": ""fasting""}"
714864,profile_start,2024-03-26T20:43:06,{}
714864,email_submit,2024-03-26T20:44:01,{}
714864,paywall_show,2024-03-26T20:52:48,{}
714864,experiment_exposure,2024-03-26T20:52:48,"{""experiment_name"": ""exp_1"", ""experiment_group"": ""control""}"
714979,funnel_start,2024-03-26T20:56:28,"{""funnel_type"": ""fasting""}"
714979,experiment_exposure,2024-03-26T20:56:36,"{""experiment_name"": ""exp_4"", ""experiment_group"": ""test""}"
714979,profile_start,2024-03-26T20:56:36,{}
714979,email_submit,2024-03-26T20:57:16,{}
714979,paywall_show,2024-03-26T21:07:56,{}
715200,funnel_start,2024-03-26T21:24:40,"{""funnel_type"": ""fasting""}"
715200,profile_start,2024-03-26T21:24:48,{}
715200,email_submit,2024-03-26T21:25:18,{}
715227,funnel_start,2024-03-26T21:28:49,"{""funnel_type"": ""fasting""}"
715227,profile_start,2024-03-26T21:28:55,{}
715227,email_submit,2024-03-26T21:29:35,{}
715200,paywall_show,2024-03-26T21:42:27,{}
715455,funnel_start,2024-03-26T22:01:47,"{""funnel_type"": ""yoga""}"
715455,profile_start,2024-03-26T22:02:08,{}
715455,paywall_show,2024-03-26T22:15:07,{}
715676,funnel_start,2024-03-26T22:26:00,"{""funnel_type"": ""fasting""}"
715676,profile_start,2024-03-26T22:26:12,{}
715676,email_submit,2024-03-26T22:26:38,{}
715676,paywall_show,2024-03-26T22:33:39,{}
716008,funnel_start,2024-03-26T23:02:49,"{""funnel_type"": ""activity""}"
716008,profile_start,2024-03-26T23:02:54,{}
716048,funnel_start,2024-03-26T23:07:43,"{""funnel_type"": ""activity""}"
716048,profile_start,2024-03-26T23:07:49,{}
716048,email_submit,2024-03-26T23:08:23,{}
716048,paywall_show,2024-03-26T23:13:43,{}
716048,experiment_exposure,2024-03-26T23:13:43,"{""experiment_name"": ""exp_1"", ""experiment_group"": ""control""}"
716119,funnel_start,2024-03-26T23:15:12,"{""funnel_type"": ""fasting""}"
716119,profile_start,2024-03-26T23:15:27,{}
716119,email_submit,2024-03-26T23:15:57,{}
716324,funnel_start,2024-03-26T23:38:51,"{""funnel_type"": ""activity""}"
716586,funnel_start,2024-03-27T00:16:39,"{""funnel_type"": ""fasting""}"
716586,profile_start,2024-03-27T00:16:47,{}
716586,experiment_exposure,2024-03-27T00:16:47,"{""experiment_name"": ""exp_4"", ""experiment_group"": ""control""}"
716586,email_submit,2024-03-27T00:17:06,{}
716586,paywall_show,2024-03-27T00:22:32,{}
716634,funnel_start,2024-03-27T00:23:53,"{""funnel_type"": ""fasting""}"
716634,profile_start,2024-03-27T00:24:06,{}
716634,email_submit,2024-03-27T00:24:27,{}
716634,experiment_exposure,2024-03-27T00:35:34,"{""experiment_name"": ""exp_1"", ""experiment_group"": ""control""}"
716634,paywall_show,2024-03-27T00:35:34,{}
717036,funnel_start,2024-03-27T01:24:49,"{""funnel_type"": ""fasting""}"
717036,profile_start,2024-03-27T01:24:56,{}
717036,email_submit,2024-03-27T01:25:25,{}
717430,funnel_start,2024-03-27T02:38:21,"{""funnel_type"": ""fasting""}"
717430,profile_start,2024-03-27T02:38:35,{}
717430,email_submit,2024-03-27T02:38:49,{}
717435,funnel_start,2024-03-27T02:40:03,"{""funnel_type"": ""fasting""}"
717435,profile_start,2024-03-27T02:40:10,{}
717435,email_submit,2024-03-27T02:40:25,{}
717435,paywall_show,2024-03-27T02:49:41,{}
717430,paywall_show,2024-03-27T02:54:28,{}
717658,funnel_start,2024-03-27T03:32:23,"{""funnel_type"": ""fasting""}"
717658,profile_start,2024-03-27T03:32:33,{}
717658,experiment_exposure,2024-03-27T03:32:33,"{""experiment_name"": ""exp_4"", ""experiment_group"": ""test""}"
717658,email_submit,2024-03-27T03:32:47,{}
717709,funnel_start,2024-03-27T03:45:32,"{""funnel_type"": ""fasting""}"
717709,profile_start,2024-03-27T03:45:37,{}
717709,email_submit,2024-03-27T03:45:58,{}
717709,paywall_show,2024-03-27T03:54:30,{}
718164,funnel_start,2024-03-27T05:50:51,"{""funnel_type"": ""fasting""}"
718489,funnel_start,2024-03-27T07:10:04,"{""funnel_type"": ""fasting""}"
718489,profile_start,2024-03-27T07:10:22,{}
718489,experiment_exposure,2024-03-27T07:10:22,"{""experiment_name"": ""exp_4"", ""experiment_group"": ""control""}"
719550,funnel_start,2024-03-27T10:20:30,"{""funnel_type"": ""activity""}"
719550,profile_start,2024-03-27T10:20:38,{}
719550,email_submit,2024-03-27T10:20:56,{}
719550,paywall_show,2024-03-27T10:28:04,{}
719678,funnel_start,2024-03-27T10:42:50,"{""funnel_type"": ""fasting""}"
719678,experiment_exposure,2024-03-27T10:43:07,"{""experiment_name"": ""exp_4"", ""experiment_group"": ""control""}"
719678,profile_start,2024-03-27T10:43:07,{}
719678,email_submit,2024-03-27T10:44:05,{}
719740,funnel_start,2024-03-27T10:53:37,"{""funnel_type"": ""activity""}"
719756,funnel_start,2024-03-27T10:55:37,"{""funnel_type"": ""yoga""}"
719678,paywall_show,2024-03-27T10:55:54,{}
719756,experiment_exposure,2024-03-27T10:55:56,"{""experiment_name"": ""exp_4"", ""experiment_group"": ""test""}"
719756,profile_start,2024-03-27T10:55:56,{}
719800,funnel_start,2024-03-27T11:03:00,"{""funnel_type"": ""activity""}"
719756,paywall_show,2024-03-27T11:06:15,{}
720248,funnel_start,2024-03-27T12:17:32,"{""funnel_type"": ""fasting""}"
720248,profile_start,2024-03-27T12:17:42,{}
720397,funnel_start,2024-03-27T12:45:30,"{""funnel_type"": ""fasting""}"
720397,experiment_exposure,2024-03-27T12:45:47,"{""experiment_name"": ""exp_4"", ""experiment_group"": ""test""}"
720397,profile_start,2024-03-27T12:45:47,{}
720397,email_submit,2024-03-27T12:46:03,{}
720397,paywall_show,2024-03-27T12:51:35,{}
720512,funnel_start,2024-03-27T13:07:51,"{""funnel_type"": ""yoga""}"
720512,profile_start,2024-03-27T13:08:04,{}
720512,paywall_show,2024-03-27T13:15:50,{}
721135,funnel_start,2024-03-27T15:01:57,"{""funnel_type"": ""fasting""}"
721135,profile_start,2024-03-27T15:02:08,{}
721135,experiment_exposure,2024-03-27T15:02:08,"{""experiment_name"": ""exp_4"", ""experiment_group"": ""test""}"
721135,email_submit,2024-03-27T15:02:23,{}
721135,paywall_show,2024-03-27T15:08:11,{}
721267,funnel_start,2024-03-27T15:26:17,"{""funnel_type"": ""fasting""}"
721732,funnel_start,2024-03-27T16:44:39,"{""funnel_type"": ""activity""}"
721732,profile_start,2024-03-27T16:44:52,{}
721732,email_submit,2024-03-27T16:45:18,{}
721732,paywall_show,2024-03-27T16:49:49,{}
722310,funnel_start,2024-03-27T18:14:15,"{""funnel_type"": ""fasting""}"
722349,funnel_start,2024-03-27T18:19:47,"{""funnel_type"": ""fasting""}"
722349,profile_start,2024-03-27T18:19:56,{}
722349,email_submit,2024-03-27T18:20:13,{}
722619,funnel_start,2024-03-27T19:01:11,"{""funnel_type"": ""fasting""}"
722619,experiment_exposure,2024-03-27T19:01:16,"{""experiment_name"": ""exp_4"", ""experiment_group"": ""control""}"
722619,profile_start,2024-03-27T19:01:16,{}
722619,email_submit,2024-03-27T19:01:35,{}
722619,paywall_show,2024-03-27T19:05:42,{}
722786,funnel_start,2024-03-27T19:27:47,"{""funnel_type"": ""activity""}"
722786,profile_start,2024-03-27T19:27:55,{}
722786,experiment_exposure,2024-03-27T19:27:55,"{""experiment_name"": ""exp_4"", ""experiment_group"": ""test""}"
722786,email_submit,2024-03-27T19:28:23,{}
722786,paywall_show,2024-03-27T19:45:22,{}
722982,funnel_start,2024-03-27T19:55:11,"{""funnel_type"": ""fasting""}"
722982,profile_start,2024-03-27T19:55:19,{}
722982,email_submit,2024-03-27T19:55:56,{}
723028,funnel_start,2024-03-27T20:01:44,"{""funnel_type"": ""yoga""}"
723028,profile_start,2024-03-27T20:02:05,{}
723047,funnel_start,2024-03-27T20:04:21,"{""funnel_type"": ""fasting""}"
723047,profile_start,2024-03-27T20:04:30,{}
723047,email_submit,2024-03-27T20:05:07,{}
723092,funnel_start,2024-03-27T20:10:12,"{""funnel_type"": ""fasting""}"
723092,profile_start,2024-03-27T20:10:28,{}
723092,email_submit,2024-03-27T20:10:56,{}
723047,paywall_show,2024-03-27T20:11:57,{}
723028,paywall_show,2024-03-27T20:12:01,{}
723092,paywall_show,2024-03-27T20:16:42,{}
723412,funnel_start,2024-03-27T20:54:52,"{""funnel_type"": ""fasting""}"
723412,profile_start,2024-03-27T20:55:06,{}
723412,experiment_exposure,2024-03-27T20:55:06,"{""experiment_name"": ""exp_4"", ""experiment_group"": ""control""}"
723412,email_submit,2024-03-27T20:55:32,{}
723412,paywall_show,2024-03-27T21:00:59,{}
723570,funnel_start,2024-03-27T21:13:38,"{""funnel_type"": ""activity""}"
723570,experiment_exposure,2024-03-27T21:13:42,"{""experiment_name"": ""exp_4"", ""experiment_group"": ""test""}"
723570,profile_start,2024-03-27T21:13:42,{}
723570,email_submit,2024-03-27T21:14:00,{}
723570,paywall_show,2024-03-27T21:19:40,{}
723646,funnel_start,2024-03-27T21:23:05,"{""funnel_type"": ""fasting""}"
724114,funnel_start,2024-03-27T22:23:00,"{""funnel_type"": ""activity""}"
724262,funnel_start,2024-03-27T22:39:18,"{""funnel_type"": ""fasting""}"
724262,profile_start,2024-03-27T22:39:33,{}
724262,email_submit,2024-03-27T22:39:57,{}
724744,funnel_start,2024-03-27T23:41:18,"{""funnel_type"": ""activity""}"
724744,profile_start,2024-03-27T23:41:22,{}
724744,email_submit,2024-03-27T23:41:45,{}
724948,funnel_start,2024-03-28T00:09:21,"{""funnel_type"": ""fasting""}"
725222,funnel_start,2024-03-28T00:51:09,"{""funnel_type"": ""fasting""}"
725222,profile_start,2024-03-28T00:51:22,{}
725222,email_submit,2024-03-28T00:52:07,{}
725780,funnel_start,2024-03-28T02:26:57,"{""funnel_type"": ""fasting""}"
725780,profile_start,2024-03-28T02:27:01,{}
725780,email_submit,2024-03-28T02:27:21,{}
725780,paywall_show,2024-03-28T02:33:59,{}
725924,funnel_start,2024-03-28T02:59:57,"{""funnel_type"": ""activity""}"
725924,experiment_exposure,2024-03-28T03:00:29,"{""experiment_name"": ""exp_4"", ""experiment_group"": ""control""}"
725924,profile_start,2024-03-28T03:00:29,{}
726107,funnel_start,2024-03-28T03:45:33,"{""funnel_type"": ""activity""}"
726107,profile_start,2024-03-28T03:45:44,{}
726107,email_submit,2024-03-28T03:46:20,{}
726275,funnel_start,2024-03-28T04:39:35,"{""funnel_type"": ""fasting""}"
726275,profile_start,2024-03-28T04:39:52,{}
726275,experiment_exposure,2024-03-28T04:39:52,"{""experiment_name"": ""exp_4"", ""experiment_group"": ""control""}"
726275,email_submit,2024-03-28T04:40:45,{}
726490,funnel_start,2024-03-28T05:42:46,"{""funnel_type"": ""activity""}"
726695,funnel_start,2024-03-28T06:39:36,"{""funnel_type"": ""fasting""}"
726695,experiment_exposure,2024-03-28T06:39:43,"{""experiment_name"": ""exp_4"", ""experiment_group"": ""test""}"
726695,profile_start,2024-03-28T06:39:43,{}
726695,email_submit,2024-03-28T06:40:07,{}
726729,funnel_start,2024-03-28T06:46:41,"{""funnel_type"": ""fasting""}"
726729,profile_start,2024-03-28T06:46:49,{}
726729,email_submit,2024-03-28T06:47:17,{}
726729,paywall_show,2024-03-28T06:51:10,{}
726729,payment_done,2024-03-28T06:57:25,{}
727184,funnel_start,2024-03-28T08:26:37,"{""funnel_type"": ""fasting""}"
727455,funnel_start,2024-03-28T09:18:55,"{""funnel_type"": ""fasting""}"
727455,profile_start,2024-03-28T09:19:02,{}
727455,email_submit,2024-03-28T09:19:16,{}
727455,paywall_show,2024-03-28T09:27:13,{}
727507,funnel_start,2024-03-28T09:27:31,"{""funnel_type"": ""fasting""}"
727507,profile_start,2024-03-28T09:27:49,{}
727507,experiment_exposure,2024-03-28T09:27:49,"{""experiment_name"": ""exp_4"", ""experiment_group"": ""control""}"
727507,email_submit,2024-03-28T09:28:08,{}
727558,funnel_start,2024-03-28T09:36:04,"{""funnel_type"": ""activity""}"
727558,experiment_exposure,2024-03-28T09:36:11,"{""experiment_name"": ""exp_4"", ""experiment_group"": ""test""}"
727558,profile_start,2024-03-28T09:36:11,{}
727558,email_submit,2024-03-28T09:36:31,{}
727507,paywall_show,2024-03-28T09:38:02,{}
727558,paywall_show,2024-03-28T09:54:07,{}
727932,funnel_start,2024-03-28T10:42:41,"{""funnel_type"": ""fasting""}"
727932,profile_start,2024-03-28T10:42:51,{}
727932,experiment_exposure,2024-03-28T10:42:51,"{""experiment_name"": ""exp_4"", ""experiment_group"": ""test""}"
727932,email_submit,2024-03-28T10:43:17,{}
727957,funnel_start,2024-03-28T10:46:38,"{""funnel_type"": ""fasting""}"
727957,profile_start,2024-03-28T10:46:46,{}
727957,email_submit,2024-03-28T10:47:02,{}
727957,paywall_show,2024-03-28T10:50:58,{}
727932,paywall_show,2024-03-28T10:57:07,{}
728182,funnel_start,2024-03-28T11:24:01,"{""funnel_type"": ""activity""}"
728182,profile_start,2024-03-28T11:24:09,{}
728182,email_submit,2024-03-28T11:24:35,{}
728182,paywall_show,2024-03-28T11:32:56,{}
728235,funnel_start,2024-03-28T11:34:30,"{""funnel_type"": ""fasting""}"
728235,experiment_exposure,2024-03-28T11:34:38,"{""experiment_name"": ""exp_4"", ""experiment_group"": ""test""}"
728235,profile_start,2024-03-28T11:34:38,{}
728235,email_submit,2024-03-28T11:35:16,{}
728235,paywall_show,2024-03-28T11:46:11,{}
728404,funnel_start,2024-03-28T12:04:02,"{""funnel_type"": ""activity""}"
728404,experiment_exposure,2024-03-28T12:04:10,"{""experiment_name"": ""exp_4"", ""experiment_group"": ""test""}"
728404,profile_start,2024-03-28T12:04:10,{}
728404,email_submit,2024-03-28T12:04:20,{}
728404,paywall_show,2024-03-28T12:13:28,{}
728495,funnel_start,2024-03-28T12:21:09,"{""funnel_type"": ""fasting""}"
728593,funnel_start,2024-03-28T12:39:05,"{""funnel_type"": ""activity""}"
728641,funnel_start,2024-03-28T12:47:20,"{""funnel_type"": ""activity""}"
728641,profile_start,2024-03-28T12:47:26,{}
728641,experiment_exposure,2024-03-28T12:47:26,"{""experiment_name"": ""exp_4"", ""experiment_group"": ""control""}"
728641,email_submit,2024-03-28T12:47:51,{}
728641,paywall_show,2024-03-28T12:53:56,{}
728997,funnel_start,2024-03-28T13:49:32,"{""funnel_type"": ""fasting""}"
728997,profile_start,2024-03-28T13:49:42,{}
728997,email_submit,2024-03-28T13:50:20,{}
728997,paywall_show,2024-03-28T13:58:50,{}
729172,funnel_start,2024-03-28T14:23:41,"{""funnel_type"": ""activity""}"
729172,profile_start,2024-03-28T14:23:50,{}
729172,email_submit,2024-03-28T14:24:08,{}
729606,funnel_start,2024-03-28T15:34:54,"{""funnel_type"": ""fasting""}"
729725,funnel_start,2024-03-28T15:52:19,"{""funnel_type"": ""yoga""}"
729837,funnel_start,2024-03-28T16:08:31,"{""funnel_type"": ""fasting""}"
730091,funnel_start,2024-03-28T16:48:01,"{""funnel_type"": ""activity""}"
730091,profile_start,2024-03-28T16:48:06,{}
730091,email_submit,2024-03-28T16:48:29,{}
730091,paywall_show,2024-03-28T16:52:42,{}
730353,funnel_start,2024-03-28T17:36:14,"{""funnel_type"": ""activity""}"
730590,funnel_start,2024-03-28T18:16:09,"{""funnel_type"": ""fasting""}"
730846,funnel_start,2024-03-28T18:54:33,"{""funnel_type"": ""yoga""}"
730846,profile_start,2024-03-28T18:54:48,{}
730846,paywall_show,2024-03-28T19:06:40,{}
731033,funnel_start,2024-03-28T19:20:55,"{""funnel_type"": ""fasting""}"
731033,profile_start,2024-03-28T19:21:16,{}
731033,email_submit,2024-03-28T19:21:47,{}
731056,funnel_start,2024-03-28T19:24:45,"{""funnel_type"": ""activity""}"
731056,profile_start,2024-03-28T19:25:01,{}
731056,experiment_exposure,2024-03-28T19:25:01,"{""experiment_name"": ""exp_4"", ""experiment_group"": ""test""}"
731056,email_submit,2024-03-28T19:25:24,{}
731033,paywall_show,2024-03-28T19:26:25,{}
731260,funnel_start,2024-03-28T19:54:25,"{""funnel_type"": ""fasting""}"
731260,profile_start,2024-03-28T19:54:35,{}
731260,email_submit,2024-03-28T19:54:46,{}
731260,paywall_show,2024-03-28T20:03:10,{}
731260,payment_done,2024-03-28T20:05:19,{}
731479,funnel_start,2024-03-28T20:25:21,"{""funnel_type"": ""fasting""}"
731739,funnel_start,2024-03-28T21:02:35,"{""funnel_type"": ""fasting""}"
731754,funnel_start,2024-03-28T21:03:50,"{""funnel_type"": ""activity""}"
731754,profile_start,2024-03-28T21:04:00,{}
731754,email_submit,2024-03-28T21:04:38,{}
731754,paywall_show,2024-03-28T21:12:40,{}
732058,funnel_start,2024-03-28T21:41:56,"{""funnel_type"": ""activity""}"
732058,profile_start,2024-03-28T21:42:07,{}
732058,experiment_exposure,2024-03-28T21:42:07,"{""experiment_name"": ""exp_4"", ""experiment_group"": ""test""}"
732058,email_submit,2024-03-28T21:42:40,{}
732093,funnel_start,2024-03-28T21:45:20,"{""funnel_type"": ""activity""}"
732093,profile_start,2024-03-28T21:45:31,{}
732093,email_submit,2024-03-28T21:45:41,{}
732058,paywall_show,2024-03-28T21:45:57,{}
732093,paywall_show,2024-03-28T21:58:23,{}
732195,funnel_start,2024-03-28T21:59:11,"{""funnel_type"": ""activity""}"
732195,profile_start,2024-03-28T21:59:21,{}
732195,email_submit,2024-03-28T21:59:52,{}
732195,paywall_show,2024-03-28T22:06:26,{}
732300,funnel_start,2024-03-28T22:11:04,"{""funnel_type"": ""activity""}"
732300,profile_start,2024-03-28T22:11:12,{}
732300,experiment_exposure,2024-03-28T22:11:12,"{""experiment_name"": ""exp_4"", ""experiment_group"": ""test""}"
732300,email_submit,2024-03-28T22:11:25,{}
732302,funnel_start,2024-03-28T22:11:32,"{""funnel_type"": ""activity""}"
732302,profile_start,2024-03-28T22:11:39,{}
732302,email_submit,2024-03-28T22:11:57,{}
732302,paywall_show,2024-03-28T22:16:33,{}
732300,paywall_show,2024-03-28T22:23:44,{}
732300,payment_done,2024-03-28T22:24:26,{}
732666,funnel_start,2024-03-28T22:52:00,"{""funnel_type"": ""activity""}"
732666,profile_start,2024-03-28T22:52:08,{}
732666,email_submit,2024-03-28T22:53:12,{}
732690,funnel_start,2024-03-28T22:54:54,"{""funnel_type"": ""activity""}"
732690,profile_start,2024-03-28T22:55:00,{}
732666,paywall_show,2024-03-28T22:59:27,{}
732733,funnel_start,2024-03-28T22:59:36,"{""funnel_type"": ""activity""}"
732733,profile_start,2024-03-28T22:59:41,{}
732745,funnel_start,2024-03-28T23:00:57,"{""funnel_type"": ""yoga""}"
732745,profile_start,2024-03-28T23:01:05,{}
732745,paywall_show,2024-03-28T23:11:18,{}
733373,funnel_start,2024-03-29T00:24:41,"{""funnel_type"": ""activity""}"
733373,profile_start,2024-03-29T00:24:46,{}
733373,email_submit,2024-03-29T00:25:03,{}
733378,funnel_start,2024-03-29T00:25:39,"{""funnel_type"": ""fasting""}"
733373,paywall_show,2024-03-29T00:36:13,{}
733543,funnel_start,2024-03-29T00:49:12,"{""funnel_type"": ""fasting""}"
733580,funnel_start,2024-03-29T00:55:08,"{""funnel_type"": ""yoga""}"
733580,profile_start,2024-03-29T00:55:21,{}
733580,experiment_exposure,2024-03-29T00:55:21,"{""experiment_name"": ""exp_4"", ""experiment_group"": ""test""}"
733594,funnel_start,2024-03-29T00:57:42,"{""funnel_type"": ""activity""}"
733594,profile_start,2024-03-29T00:57:49,{}
733594,email_submit,2024-03-29T00:58:00,{}
733580,paywall_show,2024-03-29T01:04:51,{}
733810,funnel_start,2024-03-29T01:35:46,"{""funnel_type"": ""fasting""}"
733935,funnel_start,2024-03-29T01:54:52,"{""funnel_type"": ""yoga""}"
733935,profile_start,2024-03-29T01:55:19,{}
733995,funnel_start,2024-03-29T02:06:11,"{""funnel_type"": ""activity""}"
734471,funnel_start,2024-03-29T03:44:37,"{""funnel_type"": ""activity""}"
735052,funnel_start,2024-03-29T06:38:15,"{""funnel_type"": ""fasting""}"
735052,profile_start,2024-03-29T06:38:24,{}
735052,experiment_exposure,2024-03-29T06:38:24,"{""experiment_name"": ""exp_4"", ""experiment_group"": ""test""}"
735052,email_submit,2024-03-29T06:38:32,{}
735052,paywall_show,2024-03-29T06:53:29,{}
735433,funnel_start,2024-03-29T08:01:46,"{""funnel_type"": ""fasting""}"
735433,profile_start,2024-03-29T08:01:57,{}
735433,email_submit,2024-03-29T08:02:10,{}
735433,paywall_show,2024-03-29T08:05:39,{}
735546,funnel_start,2024-03-29T08:22:00,"{""funnel_type"": ""activity""}"
735674,funnel_start,2024-03-29T08:50:22,"{""funnel_type"": ""activity""}"
735828,funnel_start,2024-03-29T09:17:07,"{""funnel_type"": ""fasting""}"
735917,funnel_start,2024-03-29T09:33:14,"{""funnel_type"": ""fasting""}"
735917,profile_start,2024-03-29T09:33:27,{}
735917,email_submit,2024-03-29T09:33:56,{}
735917,paywall_show,2024-03-29T09:43:58,{}
736362,funnel_start,2024-03-29T10:50:33,"{""funnel_type"": ""activity""}"
736472,funnel_start,2024-03-29T11:13:31,"{""funnel_type"": ""activity""}"
736472,profile_start,2024-03-29T11:13:40,{}
736472,email_submit,2024-03-29T11:14:15,{}
736472,paywall_show,2024-03-29T11:18:15,{}
736574,funnel_start,2024-03-29T11:28:43,"{""funnel_type"": ""activity""}"
736863,funnel_start,2024-03-29T12:19:29,"{""funnel_type"": ""fasting""}"
736863,profile_start,2024-03-29T12:19:54,{}
736863,email_submit,2024-03-29T12:20:25,{}
736863,paywall_show,2024-03-29T12:23:22,{}
736863,payment_done,2024-03-29T12:25:02,{}
737055,funnel_start,2024-03-29T12:51:20,"{""funnel_type"": ""fasting""}"
737055,profile_start,2024-03-29T12:51:43,{}
737055,experiment_exposure,2024-03-29T12:51:43,"{""experiment_name"": ""exp_4"", ""experiment_group"": ""control""}"
737055,email_submit,2024-03-29T12:51:51,{}
737327,funnel_start,2024-03-29T13:44:18,"{""funnel_type"": ""fasting""}"
737327,profile_start,2024-03-29T13:44:25,{}
737861,funnel_start,2024-03-29T15:16:02,"{""funnel_type"": ""activity""}"
737970,funnel_start,2024-03-29T15:34:50,"{""funnel_type"": ""activity""}"
738539,funnel_start,2024-03-29T17:07:28,"{""funnel_type"": ""fasting""}"
738539,profile_start,2024-03-29T17:07:37,{}
738539,email_submit,2024-03-29T17:08:03,{}
738567,funnel_start,2024-03-29T17:12:04,"{""funnel_type"": ""fasting""}"
738567,profile_start,2024-03-29T17:12:22,{}
738539,paywall_show,2024-03-29T17:12:31,{}
738567,email_submit,2024-03-29T17:12:58,{}
738539,payment_done,2024-03-29T17:16:32,{}
738690,funnel_start,2024-03-29T17:30:09,"{""funnel_type"": ""fasting""}"
738690,profile_start,2024-03-29T17:30:16,{}
738690,experiment_exposure,2024-03-29T17:30:16,"{""experiment_name"": ""exp_4"", ""experiment_group"": ""test""}"
738690,email_submit,2024-03-29T17:30:37,{}
738690,paywall_show,2024-03-29T17:35:12,{}
738777,funnel_start,2024-03-29T17:44:14,"{""funnel_type"": ""activity""}"
738777,profile_start,2024-03-29T17:44:18,{}
738781,funnel_start,2024-03-29T17:44:54,"{""funnel_type"": ""yoga""}"
738777,email_submit,2024-03-29T17:44:58,{}
738781,profile_start,2024-03-29T17:45:12,{}
738781,paywall_show,2024-03-29T17:52:30,{}
738892,funnel_start,2024-03-29T18:02:35,"{""funnel_type"": ""yoga""}"
738966,funnel_start,2024-03-29T18:13:03,"{""funnel_type"": ""fasting""}"
738966,profile_start,2024-03-29T18:13:07,{}
738966,experiment_exposure,2024-03-29T18:13:07,"{""experiment_name"": ""exp_4"", ""experiment_group"": ""test""}"
738966,email_submit,2024-03-29T18:13:28,{}
738973,funnel_start,2024-03-29T18:13:36,"{""funnel_type"": ""fasting""}"
738973,profile_start,2024-03-29T18:13:50,{}
738973,email_submit,2024-03-29T18:14:21,{}
738995,funnel_start,2024-03-29T18:16:22,"{""funnel_type"": ""fasting""}"
738966,paywall_show,2024-03-29T18:19:56,{}
739481,funnel_start,2024-03-29T19:32:13,"{""funnel_type"": ""activity""}"
739515,funnel_start,2024-03-29T19:38:41,"{""funnel_type"": ""fasting""}"
739515,profile_start,2024-03-29T19:38:47,{}
739515,experiment_exposure,2024-03-29T19:38:47,"{""experiment_name"": ""exp_4"", ""experiment_group"": ""test""}"
739515,email_submit,2024-03-29T19:39:00,{}
739515,paywall_show,2024-03-29T19:49:34,{}
740114,funnel_start,2024-03-29T20:58:18,"{""funnel_type"": ""activity""}"
740128,funnel_start,2024-03-29T21:00:10,"{""funnel_type"": ""activity""}"
740128,profile_start,2024-03-29T21:00:21,{}
740128,email_submit,2024-03-29T21:00:33,{}
740128,paywall_show,2024-03-29T21:03:22,{}
740315,funnel_start,2024-03-29T21:23:23,"{""funnel_type"": ""activity""}"
740315,profile_start,2024-03-29T21:23:36,{}
740315,email_submit,2024-03-29T21:23:59,{}
740546,funnel_start,2024-03-29T21:53:48,"{""funnel_type"": ""fasting""}"
740546,profile_start,2024-03-29T21:54:03,{}
740546,email_submit,2024-03-29T21:54:18,{}
740546,paywall_show,2024-03-29T22:03:32,{}
740655,funnel_start,2024-03-29T22:06:48,"{""funnel_type"": ""activity""}"
740655,profile_start,2024-03-29T22:06:59,{}
740655,email_submit,2024-03-29T22:07:08,{}
740655,paywall_show,2024-03-29T22:11:35,{}
740837,funnel_start,2024-03-29T22:27:21,"{""funnel_type"": ""activity""}"
740837,profile_start,2024-03-29T22:27:28,{}
740837,email_submit,2024-03-29T22:27:43,{}
740968,funnel_start,2024-03-29T22:40:07,"{""funnel_type"": ""yoga""}"
741057,funnel_start,2024-03-29T22:50:20,"{""funnel_type"": ""activity""}"
741057,profile_start,2024-03-29T22:50:27,{}
741225,funnel_start,2024-03-29T23:09:34,"{""funnel_type"": ""fasting""}"
741443,funnel_start,2024-03-29T23:37:35,"{""funnel_type"": ""yoga""}"
741687,funnel_start,2024-03-30T00:13:23,"{""funnel_type"": ""fasting""}"
741687,profile_start,2024-03-30T00:13:29,{}
741687,email_submit,2024-03-30T00:13:48,{}
742160,funnel_start,2024-03-30T01:29:51,"{""funnel_type"": ""fasting""}"
742160,profile_start,2024-03-30T01:30:14,{}
742160,email_submit,2024-03-30T01:30:22,{}
742160,paywall_show,2024-03-30T01:34:18,{}
742336,funnel_start,2024-03-30T01:57:52,"{""funnel_type"": ""fasting""}"
742364,funnel_start,2024-03-30T02:01:44,"{""funnel_type"": ""yoga""}"
742738,funnel_start,2024-03-30T03:33:36,"{""funnel_type"": ""activity""}"
742738,experiment_exposure,2024-03-30T03:33:43,"{""experiment_name"": ""exp_4"", ""experiment_group"": ""control""}"
742738,profile_start,2024-03-30T03:33:43,{}
742738,email_submit,2024-03-30T03:34:25,{}
742738,paywall_show,2024-03-30T03:40:21,{}
743296,funnel_start,2024-03-30T06:28:45,"{""funnel_type"": ""fasting""}"
743296,profile_start,2024-03-30T06:28:57,{}
743296,email_submit,2024-03-30T06:29:39,{}
743301,funnel_start,2024-03-30T06:30:33,"{""funnel_type"": ""activity""}"
743301,profile_start,2024-03-30T06:30:44,{}
743301,email_submit,2024-03-30T06:31:15,{}
743296,paywall_show,2024-03-30T06:33:31,{}
743390,funnel_start,2024-03-30T06:53:36,"{""funnel_type"": ""activity""}"
743821,funnel_start,2024-03-30T08:31:42,"{""funnel_type"": ""yoga""}"
743821,profile_start,2024-03-30T08:31:59,{}
743821,paywall_show,2024-03-30T08:40:01,{}
743971,funnel_start,2024-03-30T08:56:41,"{""funnel_type"": ""activity""}"
743971,profile_start,2024-03-30T08:56:50,{}
743971,email_submit,2024-03-30T08:57:45,{}
743990,funnel_start,2024-03-30T08:59:49,"{""funnel_type"": ""activity""}"
743971,paywall_show,2024-03-30T09:02:47,{}
744599,funnel_start,2024-03-30T10:39:26,"{""funnel_type"": ""fasting""}"
744599,profile_start,2024-03-30T10:39:34,{}
744599,experiment_exposure,2024-03-30T10:39:34,"{""experiment_name"": ""exp_4"", ""experiment_group"": ""control""}"
744600,funnel_start,2024-03-30T10:40:16,"{""funnel_type"": ""fasting""}"
744705,funnel_start,2024-03-30T10:55:41,"{""funnel_type"": ""yoga""}"
744705,profile_start,2024-03-30T10:55:51,{}
744705,experiment_exposure,2024-03-30T10:55:51,"{""experiment_name"": ""exp_4"", ""experiment_group"": ""control""}"
745046,funnel_start,2024-03-30T11:57:35,"{""funnel_type"": ""fasting""}"
745046,profile_start,2024-03-30T11:57:51,{}
745046,email_submit,2024-03-30T11:58:07,{}
745046,paywall_show,2024-03-30T12:07:54,{}
745284,funnel_start,2024-03-30T12:35:00,"{""funnel_type"": ""fasting""}"
745284,profile_start,2024-03-30T12:35:05,{}
745284,email_submit,2024-03-30T12:35:37,{}
745309,funnel_start,2024-03-30T12:39:08,"{""funnel_type"": ""fasting""}"
745309,profile_start,2024-03-30T12:39:31,{}
745309,email_submit,2024-03-30T12:39:57,{}
745309,paywall_show,2024-03-30T12:47:21,{}
745284,paywall_show,2024-03-30T12:50:09,{}
745440,funnel_start,2024-03-30T12:59:18,"{""funnel_type"": ""activity""}"
745440,profile_start,2024-03-30T12:59:28,{}
745440,email_submit,2024-03-30T13:00:13,{}
745440,paywall_show,2024-03-30T13:05:32,{}
745783,funnel_start,2024-03-30T14:07:17,"{""funnel_type"": ""activity""}"
745783,profile_start,2024-03-30T14:07:23,{}
745783,email_submit,2024-03-30T14:07:40,{}
745783,paywall_show,2024-03-30T14:15:58,{}
745926,funnel_start,2024-03-30T14:36:35,"{""funnel_type"": ""activity""}"
745926,profile_start,2024-03-30T14:36:45,{}
745926,email_submit,2024-03-30T14:36:55,{}
745974,funnel_start,2024-03-30T14:47:41,"{""funnel_type"": ""fasting""}"
746075,funnel_start,2024-03-30T15:01:52,"{""funnel_type"": ""activity""}"
746641,funnel_start,2024-03-30T16:33:09,"{""funnel_type"": ""fasting""}"
746641,profile_start,2024-03-30T16:33:18,{}
746689,funnel_start,2024-03-30T16:43:27,"{""funnel_type"": ""fasting""}"
746891,funnel_start,2024-03-30T17:18:59,"{""funnel_type"": ""fasting""}"
746891,profile_start,2024-03-30T17:19:11,{}
746891,email_submit,2024-03-30T17:19:40,{}
746891,paywall_show,2024-03-30T17:26:58,{}
746891,payment_done,2024-03-30T17:29:13,{}
747112,funnel_start,2024-03-30T17:55:42,"{""funnel_type"": ""yoga""}"
747112,profile_start,2024-03-30T17:55:59,{}
747112,paywall_show,2024-03-30T18:10:56,{}
747713,funnel_start,2024-03-30T19:24:01,"{""funnel_type"": ""fasting""}"
747713,profile_start,2024-03-30T19:24:09,{}
747713,email_submit,2024-03-30T19:24:22,{}
747713,paywall_show,2024-03-30T19:30:05,{}
747946,funnel_start,2024-03-30T19:57:17,"{""funnel_type"": ""fasting""}"
747946,profile_start,2024-03-30T19:57:28,{}
747946,email_submit,2024-03-30T19:57:49,{}
748491,funnel_start,2024-03-30T21:09:53,"{""funnel_type"": ""fasting""}"
748491,profile_start,2024-03-30T21:10:14,{}
748491,email_submit,2024-03-30T21:10:27,{}
748491,paywall_show,2024-03-30T21:27:05,{}
748649,funnel_start,2024-03-30T21:27:34,"{""funnel_type"": ""fasting""}"
748657,funnel_start,2024-03-30T21:28:47,"{""funnel_type"": ""fasting""}"
748657,profile_start,2024-03-30T21:28:54,{}
748657,email_submit,2024-03-30T21:29:18,{}
748707,funnel_start,2024-03-30T21:35:13,"{""funnel_type"": ""activity""}"
748707,profile_start,2024-03-30T21:35:20,{}
748707,email_submit,2024-03-30T21:35:47,{}
748709,funnel_start,2024-03-30T21:35:51,"{""funnel_type"": ""fasting""}"
748709,profile_start,2024-03-30T21:35:55,{}
748709,email_submit,2024-03-30T21:36:28,{}
748657,paywall_show,2024-03-30T21:36:48,{}
748709,paywall_show,2024-03-30T21:42:07,{}
748707,paywall_show,2024-03-30T21:49:32,{}
748855,funnel_start,2024-03-30T21:54:42,"{""funnel_type"": ""fasting""}"
748855,profile_start,2024-03-30T21:55:01,{}
748855,email_submit,2024-03-30T21:55:45,{}
749068,funnel_start,2024-03-30T22:20:06,"{""funnel_type"": ""fasting""}"
749068,experiment_exposure,2024-03-30T22:20:15,"{""experiment_name"": ""exp_4"", ""experiment_group"": ""control""}"
749068,profile_start,2024-03-30T22:20:15,{}
749068,email_submit,2024-03-30T22:20:39,{}
749068,paywall_show,2024-03-30T22:29:17,{}
749319,funnel_start,2024-03-30T22:45:36,"{""funnel_type"": ""fasting""}"
749319,profile_start,2024-03-30T22:45:53,{}
749319,email_submit,2024-03-30T22:46:11,{}
749339,funnel_start,2024-03-30T22:46:40,"{""funnel_type"": ""fasting""}"
749339,profile_start,2024-03-30T22:46:50,{}
749339,email_submit,2024-03-30T22:47:23,{}
749365,funnel_start,2024-03-30T22:49:33,"{""funnel_type"": ""fasting""}"
749319,paywall_show,2024-03-30T22:52:10,{}
749393,funnel_start,2024-03-30T22:52:32,"{""funnel_type"": ""activity""}"
749393,profile_start,2024-03-30T22:52:51,{}
749393,email_submit,2024-03-30T22:53:26,{}
749339,paywall_show,2024-03-30T22:57:10,{}
749669,funnel_start,2024-03-30T23:28:56,"{""funnel_type"": ""fasting""}"
749669,profile_start,2024-03-30T23:29:07,{}
749669,email_submit,2024-03-30T23:29:44,{}
749669,paywall_show,2024-03-30T23:39:03,{}
749753,funnel_start,2024-03-30T23:39:40,"{""funnel_type"": ""fasting""}"
749753,profile_start,2024-03-30T23:39:49,{}
749753,email_submit,2024-03-30T23:40:18,{}
749779,funnel_start,2024-03-30T23:43:07,"{""funnel_type"": ""activity""}"
749779,profile_start,2024-03-30T23:43:15,{}
749779,email_submit,2024-03-30T23:44:07,{}
749753,paywall_show,2024-03-30T23:48:31,{}
749779,paywall_show,2024-03-31T00:02:37,{}
749972,funnel_start,2024-03-31T00:11:43,"{""funnel_type"": ""activity""}"
749972,experiment_exposure,2024-03-31T00:11:48,"{""experiment_name"": ""exp_4"", ""experiment_group"": ""control""}"
749972,profile_start,2024-03-31T00:11:48,{}
749972,email_submit,2024-03-31T00:12:07,{}
749972,paywall_show,2024-03-31T00:22:27,{}
750441,funnel_start,2024-03-31T01:31:42,"{""funnel_type"": ""activity""}"
750441,profile_start,2024-03-31T01:31:48,{}
750441,email_submit,2024-03-31T01:32:08,{}
750441,paywall_show,2024-03-31T01:39:40,{}
750650,funnel_start,2024-03-31T02:06:11,"{""funnel_type"": ""fasting""}"
750650,profile_start,2024-03-31T02:06:21,{}
750650,email_submit,2024-03-31T02:07:05,{}
750655,funnel_start,2024-03-31T02:07:11,"{""funnel_type"": ""activity""}"
750655,profile_start,2024-03-31T02:07:22,{}
750650,paywall_show,2024-03-31T02:13:13,{}
750709,funnel_start,2024-03-31T02:17:48,"{""funnel_type"": ""activity""}"
750709,profile_start,2024-03-31T02:18:00,{}
750709,email_submit,2024-03-31T02:18:36,{}
750758,funnel_start,2024-03-31T02:24:57,"{""funnel_type"": ""fasting""}"
750758,profile_start,2024-03-31T02:25:06,{}
750758,email_submit,2024-03-31T02:25:28,{}
750709,paywall_show,2024-03-31T02:26:45,{}
750709,payment_done,2024-03-31T02:28:33,{}
750758,paywall_show,2024-03-31T02:33:34,{}
751168,funnel_start,2024-03-31T04:08:33,"{""funnel_type"": ""activity""}"
751171,funnel_start,2024-03-31T04:09:05,"{""funnel_type"": ""fasting""}"
751224,funnel_start,2024-03-31T04:22:21,"{""funnel_type"": ""fasting""}"
751224,experiment_exposure,2024-03-31T04:22:33,"{""experiment_name"": ""exp_4"", ""experiment_group"": ""test""}"
751224,profile_start,2024-03-31T04:22:33,{}
751224,email_submit,2024-03-31T04:22:52,{}
751224,paywall_show,2024-03-31T04:31:19,{}
751295,funnel_start,2024-03-31T04:46:49,"{""funnel_type"": ""fasting""}"
751295,profile_start,2024-03-31T04:46:53,{}
751295,email_submit,2024-03-31T04:47:07,{}
751313,funnel_start,2024-03-31T04:52:07,"{""funnel_type"": ""fasting""}"
751313,profile_start,2024-03-31T04:52:13,{}
751313,email_submit,2024-03-31T04:52:27,{}
751322,funnel_start,2024-03-31T04:54:12,"{""funnel_type"": ""activity""}"
751322,profile_start,2024-03-31T04:54:17,{}
751322,email_submit,2024-03-31T04:54:49,{}
751313,paywall_show,2024-03-31T04:55:39,{}
751295,paywall_show,2024-03-31T04:58:14,{}
751322,paywall_show,2024-03-31T04:58:28,{}
751428,funnel_start,2024-03-31T05:26:16,"{""funnel_type"": ""activity""}"
751428,profile_start,2024-03-31T05:26:28,{}
751428,email_submit,2024-03-31T05:26:52,{}
751444,funnel_start,2024-03-31T05:30:45,"{""funnel_type"": ""yoga""}"
751428,paywall_show,2024-03-31T05:40:15,{}
751501,funnel_start,2024-03-31T05:45:58,"{""funnel_type"": ""fasting""}"
751676,funnel_start,2024-03-31T06:37:11,"{""funnel_type"": ""activity""}"
751676,profile_start,2024-03-31T06:37:18,{}
751676,experiment_exposure,2024-03-31T06:37:18,"{""experiment_name"": ""exp_4"", ""experiment_group"": ""control""}"
751676,email_submit,2024-03-31T06:37:50,{}
751728,funnel_start,2024-03-31T06:47:44,"{""funnel_type"": ""fasting""}"
751676,paywall_show,2024-03-31T07:09:56,{}
751927,funnel_start,2024-03-31T07:30:10,"{""funnel_type"": ""activity""}"
751927,profile_start,2024-03-31T07:30:19,{}
751927,email_submit,2024-03-31T07:30:45,{}
751927,paywall_show,2024-03-31T07:37:22,{}
751985,funnel_start,2024-03-31T07:43:17,"{""funnel_type"": ""fasting""}"
751985,profile_start,2024-03-31T07:43:30,{}
751985,email_submit,2024-03-31T07:44:10,{}
751996,funnel_start,2024-03-31T07:45:26,"{""funnel_type"": ""fasting""}"
752077,funnel_start,2024-03-31T08:04:15,"{""funnel_type"": ""activity""}"
752077,profile_start,2024-03-31T08:04:21,{}
752077,email_submit,2024-03-31T08:04:35,{}
752316,funnel_start,2024-03-31T08:52:33,"{""funnel_type"": ""fasting""}"
752316,profile_start,2024-03-31T08:52:45,{}
752316,email_submit,2024-03-31T08:52:51,{}
752403,funnel_start,2024-03-31T09:10:38,"{""funnel_type"": ""activity""}"
752403,profile_start,2024-03-31T09:10:44,{}
752403,email_submit,2024-03-31T09:11:16,{}
752403,paywall_show,2024-03-31T09:17:08,{}
752831,funnel_start,2024-03-31T10:24:13,"{""funnel_type"": ""activity""}"
752831,profile_start,2024-03-31T10:24:25,{}
752831,email_submit,2024-03-31T10:24:44,{}
752852,funnel_start,2024-03-31T10:27:25,"{""funnel_type"": ""fasting""}"
752852,profile_start,2024-03-31T10:27:43,{}
752852,email_submit,2024-03-31T10:28:13,{}
752925,funnel_start,2024-03-31T10:39:13,"{""funnel_type"": ""fasting""}"
752925,profile_start,2024-03-31T10:39:28,{}
752925,email_submit,2024-03-31T10:39:43,{}
752852,paywall_show,2024-03-31T10:41:36,{}
752925,paywall_show,2024-03-31T10:49:14,{}
753016,funnel_start,2024-03-31T10:56:13,"{""funnel_type"": ""fasting""}"
753016,profile_start,2024-03-31T10:56:24,{}
753016,email_submit,2024-03-31T10:56:49,{}
753346,funnel_start,2024-03-31T11:56:36,"{""funnel_type"": ""yoga""}"
753346,profile_start,2024-03-31T11:56:47,{}
753576,funnel_start,2024-03-31T12:35:05,"{""funnel_type"": ""fasting""}"
753576,profile_start,2024-03-31T12:35:19,{}
753576,email_submit,2024-03-31T12:35:36,{}
753609,funnel_start,2024-03-31T12:39:55,"{""funnel_type"": ""fasting""}"
753609,profile_start,2024-03-31T12:40:06,{}
753609,experiment_exposure,2024-03-31T12:40:06,"{""experiment_name"": ""exp_4"", ""experiment_group"": ""test""}"
753609,email_submit,2024-03-31T12:40:48,{}
753609,paywall_show,2024-03-31T12:58:48,{}
753576,paywall_show,2024-03-31T13:01:24,{}
753609,payment_done,2024-03-31T13:01:48,{}
754011,funnel_start,2024-03-31T13:53:02,"{""funnel_type"": ""activity""}"
754596,funnel_start,2024-03-31T15:38:02,"{""funnel_type"": ""fasting""}"
754596,profile_start,2024-03-31T15:38:11,{}
754596,email_submit,2024-03-31T15:39:01,{}
755081,funnel_start,2024-03-31T16:58:37,"{""funnel_type"": ""activity""}"
755120,funnel_start,2024-03-31T17:04:49,"{""funnel_type"": ""fasting""}"
755120,experiment_exposure,2024-03-31T17:04:55,"{""experiment_name"": ""exp_4"", ""experiment_group"": ""control""}"
755120,profile_start,2024-03-31T17:04:55,{}
755120,email_submit,2024-03-31T17:05:17,{}
755220,funnel_start,2024-03-31T17:20:54,"{""funnel_type"": ""yoga""}"
755220,profile_start,2024-03-31T17:21:05,{}
755220,paywall_show,2024-03-31T17:25:35,{}
755220,payment_done,2024-03-31T17:26:20,{}
755220,email_submit,2024-03-31T17:26:35,{}
755300,funnel_start,2024-03-31T17:35:58,"{""funnel_type"": ""activity""}"
755300,experiment_exposure,2024-03-31T17:36:03,"{""experiment_name"": ""exp_4"", ""experiment_group"": ""control""}"
755300,profile_start,2024-03-31T17:36:03,{}
755300,email_submit,2024-03-31T17:36:20,{}
755300,paywall_show,2024-03-31T17:45:59,{}
755480,funnel_start,2024-03-31T18:08:39,"{""funnel_type"": ""activity""}"
756341,funnel_start,2024-03-31T20:16:08,"{""funnel_type"": ""activity""}"
756341,experiment_exposure,2024-03-31T20:16:12,"{""experiment_name"": ""exp_4"", ""experiment_group"": ""test""}"
756341,profile_start,2024-03-31T20:16:12,{}
756341,email_submit,2024-03-31T20:16:55,{}
756341,paywall_show,2024-03-31T20:23:36,{}
756450,funnel_start,2024-03-31T20:31:29,"{""funnel_type"": ""activity""}"
756450,experiment_exposure,2024-03-31T20:31:35,"{""experiment_name"": ""exp_4"", ""experiment_group"": ""control""}"
756450,profile_start,2024-03-31T20:31:35,{}
756521,funnel_start,2024-03-31T20:40:44,"{""funnel_type"": ""activity""}"
756521,profile_start,2024-03-31T20:40:50,{}
756919,funnel_start,2024-03-31T21:30:31,"{""funnel_type"": ""fasting""}"
756919,experiment_exposure,2024-03-31T21:30:37,"{""experiment_name"": ""exp_4"", ""experiment_group"": ""test""}"
756919,profile_start,2024-03-31T21:30:37,{}
756919,email_submit,2024-03-31T21:31:11,{}
756919,paywall_show,2024-03-31T21:34:36,{}
756971,funnel_start,2024-03-31T21:36:28,"{""funnel_type"": ""fasting""}"
756971,profile_start,2024-03-31T21:36:35,{}
756971,email_submit,2024-03-31T21:36:52,{}
756986,funnel_start,2024-03-31T21:38:19,"{""funnel_type"": ""activity""}"
756986,profile_start,2024-03-31T21:38:30,{}
756986,email_submit,2024-03-31T21:38:54,{}
756986,paywall_show,2024-03-31T21:44:07,{}
756971,paywall_show,2024-03-31T21:46:40,{}
756971,payment_done,2024-03-31T21:47:44,{}
757272,funnel_start,2024-03-31T22:14:24,"{""funnel_type"": ""fasting""}"
757272,profile_start,2024-03-31T22:14:39,{}
757395,funnel_start,2024-03-31T22:28:01,"{""funnel_type"": ""activity""}"
757395,profile_start,2024-03-31T22:28:11,{}
757395,email_submit,2024-03-31T22:28:18,{}
757598,funnel_start,2024-03-31T22:51:41,"{""funnel_type"": ""activity""}"
757947,funnel_start,2024-03-31T23:31:02,"{""funnel_type"": ""fasting""}"
757947,profile_start,2024-03-31T23:31:10,{}
757947,experiment_exposure,2024-03-31T23:31:10,"{""experiment_name"": ""exp_4"", ""experiment_group"": ""test""}"
757947,email_submit,2024-03-31T23:31:25,{}
757967,funnel_start,2024-03-31T23:33:17,"{""funnel_type"": ""fasting""}"
757967,experiment_exposure,2024-03-31T23:33:30,"{""experiment_name"": ""exp_4"", ""experiment_group"": ""test""}"
757967,profile_start,2024-03-31T23:33:30,{}
757967,email_submit,2024-03-31T23:33:56,{}
757947,paywall_show,2024-03-31T23:36:58,{}
758069,funnel_start,2024-03-31T23:46:39,"{""funnel_type"": ""fasting""}"
758163,funnel_start,2024-03-31T23:58:10,"{""funnel_type"": ""fasting""}"
758444,funnel_start,2024-04-01T00:40:41,"{""funnel_type"": ""fasting""}"
758444,profile_start,2024-04-01T00:40:56,{}
758444,email_submit,2024-04-01T00:41:21,{}
759040,funnel_start,2024-04-01T02:27:21,"{""funnel_type"": ""fasting""}"
759040,profile_start,2024-04-01T02:27:26,{}
759040,email_submit,2024-04-01T02:27:43,{}
759040,paywall_show,2024-04-01T02:39:38,{}
760154,funnel_start,2024-04-01T07:25:09,"{""funnel_type"": ""fasting""}"
760154,profile_start,2024-04-01T07:25:18,{}
760154,email_submit,2024-04-01T07:25:31,{}
760154,paywall_show,2024-04-01T07:36:25,{}
760326,funnel_start,2024-04-01T08:04:33,"{""funnel_type"": ""fasting""}"
760326,profile_start,2024-04-01T08:04:44,{}
760326,email_submit,2024-04-01T08:04:56,{}
760326,paywall_show,2024-04-01T08:26:03,{}
760823,funnel_start,2024-04-01T09:35:32,"{""funnel_type"": ""activity""}"
760918,funnel_start,2024-04-01T09:49:52,"{""funnel_type"": ""fasting""}"
760918,profile_start,2024-04-01T09:49:59,{}
760918,email_submit,2024-04-01T09:50:21,{}
760918,paywall_show,2024-04-01T09:57:29,{}
760918,payment_done,2024-04-01T09:59:29,{}
761263,funnel_start,2024-04-01T10:47:23,"{""funnel_type"": ""activity""}"
761263,profile_start,2024-04-01T10:47:28,{}
761263,email_submit,2024-04-01T10:47:54,{}
761263,paywall_show,2024-04-01T10:57:28,{}
761465,funnel_start,2024-04-01T11:22:13,"{""funnel_type"": ""fasting""}"
761465,profile_start,2024-04-01T11:22:19,{}
761465,email_submit,2024-04-01T11:22:54,{}
761465,paywall_show,2024-04-01T11:30:08,{}
761570,funnel_start,2024-04-01T11:41:18,"{""funnel_type"": ""fasting""}"
761570,profile_start,2024-04-01T11:41:23,{}
761570,email_submit,2024-04-01T11:42:13,{}
761570,paywall_show,2024-04-01T11:59:09,{}
761938,funnel_start,2024-04-01T12:52:43,"{""funnel_type"": ""fasting""}"
761938,profile_start,2024-04-01T12:52:49,{}
761938,email_submit,2024-04-01T12:53:06,{}
761938,paywall_show,2024-04-01T13:00:05,{}
762014,funnel_start,2024-04-01T13:05:05,"{""funnel_type"": ""fasting""}"
762014,profile_start,2024-04-01T13:05:12,{}
762014,email_submit,2024-04-01T13:05:38,{}
762141,funnel_start,2024-04-01T13:30:31,"{""funnel_type"": ""yoga""}"
762141,profile_start,2024-04-01T13:30:48,{}
762141,paywall_show,2024-04-01T13:41:17,{}
762306,funnel_start,2024-04-01T14:00:40,"{""funnel_type"": ""activity""}"
762306,profile_start,2024-04-01T14:00:44,{}
762306,email_submit,2024-04-01T14:01:06,{}
762568,funnel_start,2024-04-01T14:46:04,"{""funnel_type"": ""activity""}"
762568,profile_start,2024-04-01T14:46:13,{}
762568,email_submit,2024-04-01T14:46:38,{}
762639,funnel_start,2024-04-01T14:59:02,"{""funnel_type"": ""activity""}"
762568,paywall_show,2024-04-01T15:00:10,{}
762568,payment_done,2024-04-01T15:02:09,{}
762883,funnel_start,2024-04-01T15:40:12,"{""funnel_type"": ""activity""}"
762883,profile_start,2024-04-01T15:40:29,{}
762883,email_submit,2024-04-01T15:40:36,{}
763000,funnel_start,2024-04-01T16:03:43,"{""funnel_type"": ""fasting""}"
763000,profile_start,2024-04-01T16:03:50,{}
763000,email_submit,2024-04-01T16:04:21,{}
763000,paywall_show,2024-04-01T16:12:26,{}
763198,funnel_start,2024-04-01T16:35:30,"{""funnel_type"": ""fasting""}"
763198,profile_start,2024-04-01T16:35:41,{}
763198,email_submit,2024-04-01T16:36:50,{}
763198,paywall_show,2024-04-01T16:41:40,{}
763198,payment_done,2024-04-01T16:43:00,{}
763678,funnel_start,2024-04-01T17:57:21,"{""funnel_type"": ""fasting""}"
763678,profile_start,2024-04-01T17:57:31,{}
763678,email_submit,2024-04-01T17:57:44,{}
763678,paywall_show,2024-04-01T18:08:27,{}
763825,funnel_start,2024-04-01T18:20:28,"{""funnel_type"": ""fasting""}"
764055,funnel_start,2024-04-01T18:52:55,"{""funnel_type"": ""fasting""}"
764055,profile_start,2024-04-01T18:53:03,{}
764055,email_submit,2024-04-01T18:53:18,{}
764055,paywall_show,2024-04-01T19:00:56,{}
764127,funnel_start,2024-04-01T19:02:55,"{""funnel_type"": ""activity""}"
764127,profile_start,2024-04-01T19:02:58,{}
764127,email_submit,2024-04-01T19:03:18,{}
764127,paywall_show,2024-04-01T19:07:05,{}
764212,funnel_start,2024-04-01T19:15:13,"{""funnel_type"": ""fasting""}"
764212,profile_start,2024-04-01T19:15:21,{}
764212,email_submit,2024-04-01T19:15:41,{}
764257,funnel_start,2024-04-01T19:25:15,"{""funnel_type"": ""fasting""}"
764212,paywall_show,2024-04-01T19:30:28,{}
764540,funnel_start,2024-04-01T20:05:42,"{""funnel_type"": ""activity""}"
764540,profile_start,2024-04-01T20:05:48,{}
764540,email_submit,2024-04-01T20:06:24,{}
764540,paywall_show,2024-04-01T20:11:10,{}
764645,funnel_start,2024-04-01T20:22:40,"{""funnel_type"": ""fasting""}"
764675,funnel_start,2024-04-01T20:26:20,"{""funnel_type"": ""yoga""}"
764675,profile_start,2024-04-01T20:26:32,{}
764675,paywall_show,2024-04-01T20:35:50,{}
765133,funnel_start,2024-04-01T21:29:01,"{""funnel_type"": ""fasting""}"
765133,profile_start,2024-04-01T21:29:12,{}
765133,email_submit,2024-04-01T21:29:46,{}
765186,funnel_start,2024-04-01T21:36:10,"{""funnel_type"": ""activity""}"
765186,profile_start,2024-04-01T21:36:18,{}
765186,email_submit,2024-04-01T21:36:40,{}
765186,paywall_show,2024-04-01T21:46:53,{}
765403,funnel_start,2024-04-01T22:00:26,"{""funnel_type"": ""fasting""}"
765403,profile_start,2024-04-01T22:00:34,{}
765406,funnel_start,2024-04-01T22:00:39,"{""funnel_type"": ""activity""}"
765406,profile_start,2024-04-01T22:00:52,{}
765403,email_submit,2024-04-01T22:00:54,{}
765406,email_submit,2024-04-01T22:01:29,{}
765443,funnel_start,2024-04-01T22:04:47,"{""funnel_type"": ""fasting""}"
765403,paywall_show,2024-04-01T22:06:11,{}
765524,funnel_start,2024-04-01T22:13:10,"{""funnel_type"": ""activity""}"
765657,funnel_start,2024-04-01T22:28:17,"{""funnel_type"": ""fasting""}"
765657,profile_start,2024-04-01T22:28:28,{}
765657,email_submit,2024-04-01T22:28:49,{}
765657,paywall_show,2024-04-01T22:33:57,{}
765764,funnel_start,2024-04-01T22:40:46,"{""funnel_type"": ""activity""}"
765770,funnel_start,2024-04-01T22:41:11,"{""funnel_type"": ""fasting""}"
765786,funnel_start,2024-04-01T22:43:23,"{""funnel_type"": ""activity""}"
765786,profile_start,2024-04-01T22:43:28,{}
765786,email_submit,2024-04-01T22:43:39,{}
765786,paywall_show,2024-04-01T22:50:52,{}
766418,funnel_start,2024-04-02T00:04:00,"{""funnel_type"": ""fasting""}"
766418,profile_start,2024-04-02T00:04:13,{}
766418,email_submit,2024-04-02T00:04:30,{}
766516,funnel_start,2024-04-02T00:18:31,"{""funnel_type"": ""yoga""}"
766516,profile_start,2024-04-02T00:18:41,{}
766516,paywall_show,2024-04-02T00:29:26,{}
766609,funnel_start,2024-04-02T00:30:29,"{""funnel_type"": ""activity""}"
766609,profile_start,2024-04-02T00:30:37,{}
766609,email_submit,2024-04-02T00:30:50,{}
766609,paywall_show,2024-04-02T00:39:01,{}
766758,funnel_start,2024-04-02T00:54:07,"{""funnel_type"": ""activity""}"
766758,profile_start,2024-04-02T00:54:14,{}
766791,funnel_start,2024-04-02T00:59:05,"{""funnel_type"": ""fasting""}"
766960,funnel_start,2024-04-02T01:27:27,"{""funnel_type"": ""yoga""}"
767455,funnel_start,2024-04-02T03:01:11,"{""funnel_type"": ""activity""}"
767460,funnel_start,2024-04-02T03:03:02,"{""funnel_type"": ""activity""}"
767460,profile_start,2024-04-02T03:03:18,{}
767573,funnel_start,2024-04-02T03:30:17,"{""funnel_type"": ""yoga""}"
767573,profile_start,2024-04-02T03:30:44,{}
767573,paywall_show,2024-04-02T03:36:25,{}
767860,funnel_start,2024-04-02T04:55:42,"{""funnel_type"": ""activity""}"
768102,funnel_start,2024-04-02T06:04:36,"{""funnel_type"": ""fasting""}"
768189,funnel_start,2024-04-02T06:29:15,"{""funnel_type"": ""activity""}"
768189,profile_start,2024-04-02T06:29:18,{}
768189,email_submit,2024-04-02T06:29:44,{}
768189,paywall_show,2024-04-02T06:34:34,{}
768294,funnel_start,2024-04-02T06:52:17,"{""funnel_type"": ""activity""}"
768294,profile_start,2024-04-02T06:52:22,{}
768294,email_submit,2024-04-02T06:53:11,{}
768487,funnel_start,2024-04-02T07:36:08,"{""funnel_type"": ""yoga""}"
768487,profile_start,2024-04-02T07:36:16,{}
768487,paywall_show,2024-04-02T07:47:43,{}
768487,payment_done,2024-04-02T07:51:11,{}
768487,email_submit,2024-04-02T07:51:35,{}
768587,funnel_start,2024-04-02T07:59:07,"{""funnel_type"": ""fasting""}"
768587,profile_start,2024-04-02T07:59:17,{}
768587,email_submit,2024-04-02T07:59:45,{}
768925,funnel_start,2024-04-02T09:07:47,"{""funnel_type"": ""fasting""}"
768925,profile_start,2024-04-02T09:07:54,{}
768925,email_submit,2024-04-02T09:08:06,{}
768925,paywall_show,2024-04-02T09:18:46,{}
768999,funnel_start,2024-04-02T09:21:23,"{""funnel_type"": ""activity""}"
768999,profile_start,2024-04-02T09:21:29,{}
768999,email_submit,2024-04-02T09:22:02,{}
768999,paywall_show,2024-04-02T09:32:48,{}
769185,funnel_start,2024-04-02T09:57:01,"{""funnel_type"": ""activity""}"
769185,profile_start,2024-04-02T09:57:09,{}
769425,funnel_start,2024-04-02T10:35:53,"{""funnel_type"": ""fasting""}"
769436,funnel_start,2024-04-02T10:37:23,"{""funnel_type"": ""activity""}"
769436,profile_start,2024-04-02T10:37:30,{}
769436,email_submit,2024-04-02T10:37:56,{}
769436,paywall_show,2024-04-02T10:49:49,{}
769436,payment_done,2024-04-02T10:51:23,{}
769683,funnel_start,2024-04-02T11:20:12,"{""funnel_type"": ""activity""}"
769683,profile_start,2024-04-02T11:20:18,{}
769683,email_submit,2024-04-02T11:20:44,{}
769683,paywall_show,2024-04-02T11:42:54,{}
769975,funnel_start,2024-04-02T12:07:17,"{""funnel_type"": ""activity""}"
769975,profile_start,2024-04-02T12:07:27,{}
769975,email_submit,2024-04-02T12:07:58,{}
769975,paywall_show,2024-04-02T12:14:10,{}
770154,funnel_start,2024-04-02T12:43:08,"{""funnel_type"": ""fasting""}"
770256,funnel_start,2024-04-02T13:00:24,"{""funnel_type"": ""activity""}"
770256,profile_start,2024-04-02T13:00:27,{}
770256,email_submit,2024-04-02T13:00:48,{}
770256,paywall_show,2024-04-02T13:10:01,{}
770332,funnel_start,2024-04-02T13:16:05,"{""funnel_type"": ""activity""}"
770423,funnel_start,2024-04-02T13:33:44,"{""funnel_type"": ""activity""}"
770583,funnel_start,2024-04-02T14:03:56,"{""funnel_type"": ""activity""}"
770949,funnel_start,2024-04-02T15:06:58,"{""funnel_type"": ""fasting""}"
770949,profile_start,2024-04-02T15:07:11,{}
770949,email_submit,2024-04-02T15:08:02,{}
770949,paywall_show,2024-04-02T15:19:11,{}
771077,funnel_start,2024-04-02T15:31:46,"{""funnel_type"": ""fasting""}"
771077,profile_start,2024-04-02T15:32:00,{}
771077,email_submit,2024-04-02T15:32:25,{}
771077,paywall_show,2024-04-02T15:39:59,{}
771267,funnel_start,2024-04-02T16:04:26,"{""funnel_type"": ""fasting""}"
771267,profile_start,2024-04-02T16:04:31,{}
771267,email_submit,2024-04-02T16:04:55,{}
771267,paywall_show,2024-04-02T16:10:30,{}
771267,payment_done,2024-04-02T16:11:41,{}
771655,funnel_start,2024-04-02T17:07:05,"{""funnel_type"": ""fasting""}"
771655,profile_start,2024-04-02T17:07:10,{}
771655,email_submit,2024-04-02T17:07:46,{}
771655,paywall_show,2024-04-02T17:16:19,{}
771749,funnel_start,2024-04-02T17:22:00,"{""funnel_type"": ""activity""}"
771771,funnel_start,2024-04-02T17:24:59,"{""funnel_type"": ""activity""}"
771771,profile_start,2024-04-02T17:25:10,{}
771771,email_submit,2024-04-02T17:25:19,{}
771771,paywall_show,2024-04-02T17:35:04,{}
771771,payment_done,2024-04-02T17:37:14,{}
771983,funnel_start,2024-04-02T17:58:48,"{""funnel_type"": ""fasting""}"
771983,profile_start,2024-04-02T17:58:59,{}
771983,email_submit,2024-04-02T17:59:30,{}
771983,paywall_show,2024-04-02T18:03:49,{}
772091,funnel_start,2024-04-02T18:14:03,"{""funnel_type"": ""fasting""}"
772091,profile_start,2024-04-02T18:14:19,{}
772091,email_submit,2024-04-02T18:14:36,{}
772091,paywall_show,2024-04-02T18:17:35,{}
772346,funnel_start,2024-04-02T18:50:40,"{""funnel_type"": ""fasting""}"
772346,profile_start,2024-04-02T18:50:55,{}
772346,email_submit,2024-04-02T18:51:24,{}
772346,paywall_show,2024-04-02T19:05:34,{}
772843,funnel_start,2024-04-02T20:08:29,"{""funnel_type"": ""activity""}"
772843,profile_start,2024-04-02T20:08:39,{}
772843,email_submit,2024-04-02T20:08:46,{}
772843,paywall_show,2024-04-02T20:11:52,{}
772926,funnel_start,2024-04-02T20:20:38,"{""funnel_type"": ""fasting""}"
772977,funnel_start,2024-04-02T20:27:29,"{""funnel_type"": ""fasting""}"
772977,profile_start,2024-04-02T20:27:36,{}
772977,email_submit,2024-04-02T20:28:11,{}
773172,funnel_start,2024-04-02T20:54:41,"{""funnel_type"": ""fasting""}"
773172,profile_start,2024-04-02T20:54:51,{}
773172,email_submit,2024-04-02T20:56:23,{}
773196,funnel_start,2024-04-02T20:57:33,"{""funnel_type"": ""fasting""}"
773196,profile_start,2024-04-02T20:57:45,{}
773196,email_submit,2024-04-02T20:58:51,{}
773172,paywall_show,2024-04-02T21:03:11,{}
773196,paywall_show,2024-04-02T21:05:01,{}
773389,funnel_start,2024-04-02T21:20:32,"{""funnel_type"": ""fasting""}"
773491,funnel_start,2024-04-02T21:33:14,"{""funnel_type"": ""activity""}"
773491,profile_start,2024-04-02T21:33:20,{}
773491,email_submit,2024-04-02T21:33:38,{}
773491,paywall_show,2024-04-02T21:42:01,{}
773849,funnel_start,2024-04-02T22:13:50,"{""funnel_type"": ""activity""}"
773849,profile_start,2024-04-02T22:13:54,{}
773955,funnel_start,2024-04-02T22:25:32,"{""funnel_type"": ""fasting""}"
774023,funnel_start,2024-04-02T22:32:45,"{""funnel_type"": ""fasting""}"
774023,profile_start,2024-04-02T22:33:02,{}
774023,email_submit,2024-04-02T22:33:11,{}
774023,paywall_show,2024-04-02T22:40:47,{}
774467,funnel_start,2024-04-02T23:25:03,"{""funnel_type"": ""fasting""}"
774926,funnel_start,2024-04-03T00:21:58,"{""funnel_type"": ""fasting""}"
774926,profile_start,2024-04-03T00:22:12,{}
774926,email_submit,2024-04-03T00:22:34,{}
774933,funnel_start,2024-04-03T00:22:44,"{""funnel_type"": ""fasting""}"
774933,profile_start,2024-04-03T00:22:52,{}
774933,email_submit,2024-04-03T00:23:04,{}
774926,paywall_show,2024-04-03T00:25:52,{}
774926,payment_done,2024-04-03T00:28:39,{}
774933,paywall_show,2024-04-03T00:35:47,{}
775108,funnel_start,2024-04-03T00:52:36,"{""funnel_type"": ""activity""}"
775108,profile_start,2024-04-03T00:52:45,{}
775108,email_submit,2024-04-03T00:52:55,{}
775108,paywall_show,2024-04-03T01:01:53,{}
775602,funnel_start,2024-04-03T02:17:41,"{""funnel_type"": ""activity""}"
775602,profile_start,2024-04-03T02:17:46,{}
775743,funnel_start,2024-04-03T02:46:40,"{""funnel_type"": ""activity""}"
775743,profile_start,2024-04-03T02:46:48,{}
775743,email_submit,2024-04-03T02:47:10,{}
775743,paywall_show,2024-04-03T02:51:42,{}
775779,funnel_start,2024-04-03T02:52:57,"{""funnel_type"": ""fasting""}"
776116,funnel_start,2024-04-03T04:17:38,"{""funnel_type"": ""activity""}"
776116,profile_start,2024-04-03T04:17:46,{}
776116,email_submit,2024-04-03T04:17:54,{}
776116,paywall_show,2024-04-03T04:26:59,{}
776116,payment_done,2024-04-03T04:29:10,{}
776408,funnel_start,2024-04-03T05:35:36,"{""funnel_type"": ""fasting""}"
776576,funnel_start,2024-04-03T06:21:23,"{""funnel_type"": ""fasting""}"
776950,funnel_start,2024-04-03T07:42:03,"{""funnel_type"": ""fasting""}"
776950,profile_start,2024-04-03T07:42:09,{}
776950,email_submit,2024-04-03T07:42:36,{}
776976,funnel_start,2024-04-03T07:47:01,"{""funnel_type"": ""fasting""}"
776976,profile_start,2024-04-03T07:47:05,{}
776976,email_submit,2024-04-03T07:47:53,{}
776950,paywall_show,2024-04-03T07:51:18,{}
777012,funnel_start,2024-04-03T07:53:13,"{""funnel_type"": ""fasting""}"
777012,profile_start,2024-04-03T07:53:19,{}
777012,email_submit,2024-04-03T07:54:09,{}
776976,paywall_show,2024-04-03T07:59:33,{}
777012,paywall_show,2024-04-03T08:05:03,{}
777194,funnel_start,2024-04-03T08:31:13,"{""funnel_type"": ""fasting""}"
777194,profile_start,2024-04-03T08:31:35,{}
777194,email_submit,2024-04-03T08:32:02,{}
777194,paywall_show,2024-04-03T08:40:38,{}
777347,funnel_start,2024-04-03T08:59:48,"{""funnel_type"": ""fasting""}"
777379,funnel_start,2024-04-03T09:05:14,"{""funnel_type"": ""fasting""}"
777379,profile_start,2024-04-03T09:05:38,{}
777379,email_submit,2024-04-03T09:06:09,{}
777797,funnel_start,2024-04-03T10:13:45,"{""funnel_type"": ""fasting""}"
777797,profile_start,2024-04-03T10:13:54,{}
777845,funnel_start,2024-04-03T10:22:16,"{""funnel_type"": ""activity""}"
777897,funnel_start,2024-04-03T10:33:05,"{""funnel_type"": ""yoga""}"
777897,profile_start,2024-04-03T10:33:33,{}
777897,paywall_show,2024-04-03T10:37:19,{}
778194,funnel_start,2024-04-03T11:23:40,"{""funnel_type"": ""fasting""}"
778194,profile_start,2024-04-03T11:23:47,{}
778194,email_submit,2024-04-03T11:24:33,{}
778194,paywall_show,2024-04-03T11:33:59,{}
778659,funnel_start,2024-04-03T12:49:18,"{""funnel_type"": ""yoga""}"
778695,funnel_start,2024-04-03T12:55:33,"{""funnel_type"": ""fasting""}"
778958,funnel_start,2024-04-03T13:49:30,"{""funnel_type"": ""activity""}"
778958,profile_start,2024-04-03T13:49:45,{}
778958,email_submit,2024-04-03T13:50:04,{}
779080,funnel_start,2024-04-03T14:12:31,"{""funnel_type"": ""fasting""}"
779080,profile_start,2024-04-03T14:12:46,{}
779229,funnel_start,2024-04-03T14:40:10,"{""funnel_type"": ""fasting""}"
779229,profile_start,2024-04-03T14:40:16,{}
779229,email_submit,2024-04-03T14:40:41,{}
779229,paywall_show,2024-04-03T14:46:12,{}
779316,funnel_start,2024-04-03T14:59:39,"{""funnel_type"": ""fasting""}"
779316,profile_start,2024-04-03T14:59:46,{}
779316,email_submit,2024-04-03T15:00:22,{}
779454,funnel_start,2024-04-03T15:23:09,"{""funnel_type"": ""activity""}"
779454,profile_start,2024-04-03T15:23:14,{}
779458,funnel_start,2024-04-03T15:23:40,"{""funnel_type"": ""fasting""}"
779458,profile_start,2024-04-03T15:24:00,{}
779454,email_submit,2024-04-03T15:24:01,{}
779458,email_submit,2024-04-03T15:24:25,{}
779454,paywall_show,2024-04-03T15:26:56,{}
779454,payment_done,2024-04-03T15:33:23,{}
779635,funnel_start,2024-04-03T15:53:10,"{""funnel_type"": ""activity""}"
779645,funnel_start,2024-04-03T15:55:55,"{""funnel_type"": ""fasting""}"
779645,profile_start,2024-04-03T15:56:06,{}
779645,email_submit,2024-04-03T15:56:30,{}
779645,paywall_show,2024-04-03T16:05:22,{}
780204,funnel_start,2024-04-03T17:25:42,"{""funnel_type"": ""fasting""}"
780204,profile_start,2024-04-03T17:25:48,{}
780204,email_submit,2024-04-03T17:26:08,{}
780210,funnel_start,2024-04-03T17:27:21,"{""funnel_type"": ""yoga""}"
780210,profile_start,2024-04-03T17:27:28,{}
780204,paywall_show,2024-04-03T17:34:32,{}
780210,paywall_show,2024-04-03T17:37:43,{}
780364,funnel_start,2024-04-03T17:54:49,"{""funnel_type"": ""fasting""}"
780364,profile_start,2024-04-03T17:54:59,{}
780364,email_submit,2024-04-03T17:55:29,{}
780381,funnel_start,2024-04-03T17:57:28,"{""funnel_type"": ""activity""}"
780381,profile_start,2024-04-03T17:57:32,{}
780381,email_submit,2024-04-03T17:57:55,{}
780364,paywall_show,2024-04-03T18:04:59,{}
780607,funnel_start,2024-04-03T18:30:19,"{""funnel_type"": ""fasting""}"
780610,funnel_start,2024-04-03T18:30:31,"{""funnel_type"": ""fasting""}"
780610,profile_start,2024-04-03T18:30:39,{}
780607,profile_start,2024-04-03T18:30:49,{}
780607,email_submit,2024-04-03T18:31:06,{}
780610,email_submit,2024-04-03T18:31:06,{}
780607,paywall_show,2024-04-03T18:34:47,{}
780610,paywall_show,2024-04-03T18:35:49,{}
780881,funnel_start,2024-04-03T19:08:56,"{""funnel_type"": ""yoga""}"
781037,funnel_start,2024-04-03T19:32:49,"{""funnel_type"": ""fasting""}"
781037,profile_start,2024-04-03T19:32:53,{}
781123,funnel_start,2024-04-03T19:44:12,"{""funnel_type"": ""activity""}"
781123,profile_start,2024-04-03T19:44:17,{}
781123,email_submit,2024-04-03T19:44:31,{}
781123,paywall_show,2024-04-03T19:48:24,{}
781242,funnel_start,2024-04-03T20:02:53,"{""funnel_type"": ""fasting""}"
781242,profile_start,2024-04-03T20:03:02,{}
781242,email_submit,2024-04-03T20:03:27,{}
781242,paywall_show,2024-04-03T20:09:45,{}
781693,funnel_start,2024-04-03T21:06:31,"{""funnel_type"": ""fasting""}"
781693,profile_start,2024-04-03T21:06:44,{}
781693,email_submit,2024-04-03T21:06:57,{}
781698,funnel_start,2024-04-03T21:07:04,"{""funnel_type"": ""activity""}"
781698,profile_start,2024-04-03T21:07:09,{}
781698,email_submit,2024-04-03T21:07:39,{}
781749,funnel_start,2024-04-03T21:11:22,"{""funnel_type"": ""yoga""}"
781749,profile_start,2024-04-03T21:11:35,{}
781693,paywall_show,2024-04-03T21:16:06,{}
781698,paywall_show,2024-04-03T21:17:32,{}
782153,funnel_start,2024-04-03T22:02:14,"{""funnel_type"": ""fasting""}"
782153,profile_start,2024-04-03T22:02:24,{}
782153,email_submit,2024-04-03T22:03:16,{}
782231,funnel_start,2024-04-03T22:10:31,"{""funnel_type"": ""fasting""}"
782153,paywall_show,2024-04-03T22:12:36,{}
782303,funnel_start,2024-04-03T22:20:00,"{""funnel_type"": ""activity""}"
782473,funnel_start,2024-04-03T22:41:46,"{""funnel_type"": ""fasting""}"
782473,profile_start,2024-04-03T22:42:08,{}
782473,email_submit,2024-04-03T22:42:20,{}
782532,funnel_start,2024-04-03T22:48:46,"{""funnel_type"": ""activity""}"
782691,funnel_start,2024-04-03T23:07:55,"{""funnel_type"": ""fasting""}"
782888,funnel_start,2024-04-03T23:35:08,"{""funnel_type"": ""activity""}"
782888,profile_start,2024-04-03T23:35:26,{}
782888,email_submit,2024-04-03T23:35:53,{}
782904,funnel_start,2024-04-03T23:36:54,"{""funnel_type"": ""yoga""}"
782904,profile_start,2024-04-03T23:37:03,{}
782888,paywall_show,2024-04-03T23:42:18,{}
782904,paywall_show,2024-04-03T23:52:07,{}
783302,funnel_start,2024-04-04T00:33:56,"{""funnel_type"": ""yoga""}"
783302,profile_start,2024-04-04T00:34:16,{}
783379,funnel_start,2024-04-04T00:45:02,"{""funnel_type"": ""activity""}"
784149,funnel_start,2024-04-04T03:12:39,"{""funnel_type"": ""yoga""}"
784149,profile_start,2024-04-04T03:12:59,{}
784382,funnel_start,2024-04-04T04:06:51,"{""funnel_type"": ""fasting""}"
784863,funnel_start,2024-04-04T06:28:00,"{""funnel_type"": ""activity""}"
784890,funnel_start,2024-04-04T06:37:06,"{""funnel_type"": ""fasting""}"
784890,profile_start,2024-04-04T06:37:15,{}
784892,funnel_start,2024-04-04T06:37:48,"{""funnel_type"": ""fasting""}"
784892,profile_start,2024-04-04T06:37:58,{}
784892,email_submit,2024-04-04T06:39:03,{}
784892,paywall_show,2024-04-04T06:44:12,{}
784972,funnel_start,2024-04-04T06:56:14,"{""funnel_type"": ""yoga""}"
785228,funnel_start,2024-04-04T07:50:43,"{""funnel_type"": ""activity""}"
785228,profile_start,2024-04-04T07:50:56,{}
785228,email_submit,2024-04-04T07:51:28,{}
785228,paywall_show,2024-04-04T07:56:25,{}
785477,funnel_start,2024-04-04T08:38:50,"{""funnel_type"": ""activity""}"
785477,profile_start,2024-04-04T08:39:00,{}
785555,funnel_start,2024-04-04T08:50:31,"{""funnel_type"": ""fasting""}"
785555,profile_start,2024-04-04T08:50:48,{}
785555,email_submit,2024-04-04T08:51:08,{}
785555,paywall_show,2024-04-04T08:58:50,{}
785624,funnel_start,2024-04-04T09:03:20,"{""funnel_type"": ""activity""}"
785690,funnel_start,2024-04-04T09:15:18,"{""funnel_type"": ""fasting""}"
785690,profile_start,2024-04-04T09:15:34,{}
785690,email_submit,2024-04-04T09:15:52,{}
785690,paywall_show,2024-04-04T09:21:30,{}
785972,funnel_start,2024-04-04T10:00:42,"{""funnel_type"": ""fasting""}"
785972,profile_start,2024-04-04T10:00:49,{}
785972,email_submit,2024-04-04T10:01:46,{}
785972,paywall_show,2024-04-04T10:11:22,{}
786056,funnel_start,2024-04-04T10:13:37,"{""funnel_type"": ""fasting""}"
786056,profile_start,2024-04-04T10:14:02,{}
786056,email_submit,2024-04-04T10:14:55,{}
786056,paywall_show,2024-04-04T10:25:04,{}
786182,funnel_start,2024-04-04T10:32:08,"{""funnel_type"": ""yoga""}"
786182,profile_start,2024-04-04T10:32:19,{}
786182,paywall_show,2024-04-04T10:44:29,{}
786604,funnel_start,2024-04-04T11:46:10,"{""funnel_type"": ""fasting""}"
786604,profile_start,2024-04-04T11:46:16,{}
786604,email_submit,2024-04-04T11:46:38,{}
786604,paywall_show,2024-04-04T12:00:17,{}
786835,funnel_start,2024-04-04T12:26:46,"{""funnel_type"": ""activity""}"
786835,profile_start,2024-04-04T12:27:02,{}
786835,email_submit,2024-04-04T12:27:07,{}
786835,paywall_show,2024-04-04T12:33:36,{}
786922,funnel_start,2024-04-04T12:36:37,"{""funnel_type"": ""fasting""}"
786922,profile_start,2024-04-04T12:36:51,{}
787072,funnel_start,2024-04-04T13:00:00,"{""funnel_type"": ""fasting""}"
787072,profile_start,2024-04-04T13:00:09,{}
787072,email_submit,2024-04-04T13:00:22,{}
787089,funnel_start,2024-04-04T13:02:25,"{""funnel_type"": ""fasting""}"
787089,profile_start,2024-04-04T13:02:35,{}
787089,email_submit,2024-04-04T13:03:06,{}
787089,paywall_show,2024-04-04T13:14:47,{}
787314,funnel_start,2024-04-04T13:47:50,"{""funnel_type"": ""fasting""}"
787314,profile_start,2024-04-04T13:47:59,{}
787314,email_submit,2024-04-04T13:48:30,{}
787336,funnel_start,2024-04-04T13:51:41,"{""funnel_type"": ""activity""}"
787336,profile_start,2024-04-04T13:51:51,{}
787336,email_submit,2024-04-04T13:52:10,{}
787336,paywall_show,2024-04-04T14:01:27,{}
787639,funnel_start,2024-04-04T14:49:07,"{""funnel_type"": ""fasting""}"
787639,profile_start,2024-04-04T14:49:12,{}
787639,email_submit,2024-04-04T14:49:21,{}
787691,funnel_start,2024-04-04T14:58:11,"{""funnel_type"": ""fasting""}"
787691,profile_start,2024-04-04T14:58:23,{}
787691,email_submit,2024-04-04T14:58:37,{}
787691,paywall_show,2024-04-04T15:05:21,{}
787783,funnel_start,2024-04-04T15:14:16,"{""funnel_type"": ""fasting""}"
787783,profile_start,2024-04-04T15:14:40,{}
787783,email_submit,2024-04-04T15:15:04,{}
787783,paywall_show,2024-04-04T15:20:05,{}
787872,funnel_start,2024-04-04T15:32:09,"{""funnel_type"": ""fasting""}"
788007,funnel_start,2024-04-04T15:56:40,"{""funnel_type"": ""fasting""}"
788007,profile_start,2024-04-04T15:56:47,{}
788007,email_submit,2024-04-04T15:57:08,{}
788136,funnel_start,2024-04-04T16:16:50,"{""funnel_type"": ""fasting""}"
788136,profile_start,2024-04-04T16:17:09,{}
788136,email_submit,2024-04-04T16:17:21,{}
788007,paywall_show,2024-04-04T16:18:43,{}
788136,paywall_show,2024-04-04T16:31:05,{}
788369,funnel_start,2024-04-04T16:59:25,"{""funnel_type"": ""fasting""}"
788369,profile_start,2024-04-04T16:59:35,{}
788406,funnel_start,2024-04-04T17:04:56,"{""funnel_type"": ""fasting""}"
788725,funnel_start,2024-04-04T17:59:24,"{""funnel_type"": ""activity""}"
789555,funnel_start,2024-04-04T20:05:49,"{""funnel_type"": ""fasting""}"
789555,profile_start,2024-04-04T20:05:58,{}
789555,email_submit,2024-04-04T20:06:19,{}
789555,paywall_show,2024-04-04T20:10:12,{}
789603,funnel_start,2024-04-04T20:12:13,"{""funnel_type"": ""activity""}"
789603,profile_start,2024-04-04T20:12:18,{}
789603,email_submit,2024-04-04T20:12:54,{}
789859,funnel_start,2024-04-04T20:45:14,"{""funnel_type"": ""activity""}"
789859,profile_start,2024-04-04T20:45:19,{}
790411,funnel_start,2024-04-04T21:56:31,"{""funnel_type"": ""fasting""}"
791640,funnel_start,2024-04-05T00:33:40,"{""funnel_type"": ""activity""}"
791640,profile_start,2024-04-05T00:33:43,{}
791640,email_submit,2024-04-05T00:33:58,{}
791640,paywall_show,2024-04-05T00:37:55,{}
791757,funnel_start,2024-04-05T00:52:19,"{""funnel_type"": ""fasting""}"
791757,profile_start,2024-04-05T00:52:27,{}
791941,funnel_start,2024-04-05T01:18:36,"{""funnel_type"": ""fasting""}"
791941,profile_start,2024-04-05T01:18:48,{}
791941,email_submit,2024-04-05T01:19:19,{}
791941,paywall_show,2024-04-05T01:29:00,{}
792090,funnel_start,2024-04-05T01:43:19,"{""funnel_type"": ""activity""}"
792183,funnel_start,2024-04-05T02:00:31,"{""funnel_type"": ""yoga""}"
792577,funnel_start,2024-04-05T03:18:59,"{""funnel_type"": ""fasting""}"
792577,profile_start,2024-04-05T03:19:05,{}
792663,funnel_start,2024-04-05T03:38:14,"{""funnel_type"": ""fasting""}"
792663,profile_start,2024-04-05T03:38:21,{}
792663,email_submit,2024-04-05T03:38:40,{}
793066,funnel_start,2024-04-05T05:35:51,"{""funnel_type"": ""activity""}"
793066,profile_start,2024-04-05T05:36:05,{}
793066,email_submit,2024-04-05T05:36:33,{}
793066,paywall_show,2024-04-05T05:41:13,{}
793421,funnel_start,2024-04-05T07:02:20,"{""funnel_type"": ""yoga""}"
793421,profile_start,2024-04-05T07:02:34,{}
793421,paywall_show,2024-04-05T07:11:19,{}
793761,funnel_start,2024-04-05T08:16:02,"{""funnel_type"": ""fasting""}"
793761,profile_start,2024-04-05T08:16:12,{}
793761,email_submit,2024-04-05T08:16:46,{}
793761,paywall_show,2024-04-05T08:27:32,{}
793867,funnel_start,2024-04-05T08:35:19,"{""funnel_type"": ""fasting""}"
793867,profile_start,2024-04-05T08:35:36,{}
793867,email_submit,2024-04-05T08:35:50,{}
793867,paywall_show,2024-04-05T08:38:35,{}
794146,funnel_start,2024-04-05T09:28:13,"{""funnel_type"": ""fasting""}"
794146,profile_start,2024-04-05T09:28:17,{}
794146,email_submit,2024-04-05T09:28:50,{}
794146,paywall_show,2024-04-05T09:34:37,{}
794196,funnel_start,2024-04-05T09:37:39,"{""funnel_type"": ""activity""}"
794196,profile_start,2024-04-05T09:37:44,{}
794196,email_submit,2024-04-05T09:37:56,{}
794196,paywall_show,2024-04-05T09:43:01,{}
794873,funnel_start,2024-04-05T11:30:49,"{""funnel_type"": ""fasting""}"
795171,funnel_start,2024-04-05T12:23:10,"{""funnel_type"": ""fasting""}"
795171,profile_start,2024-04-05T12:23:16,{}
795171,email_submit,2024-04-05T12:23:29,{}
795171,paywall_show,2024-04-05T12:27:04,{}
795270,funnel_start,2024-04-05T12:38:28,"{""funnel_type"": ""fasting""}"
795270,profile_start,2024-04-05T12:38:39,{}
795270,email_submit,2024-04-05T12:39:38,{}
795270,paywall_show,2024-04-05T12:42:25,{}
795486,funnel_start,2024-04-05T13:17:37,"{""funnel_type"": ""activity""}"
795486,profile_start,2024-04-05T13:17:43,{}
795486,email_submit,2024-04-05T13:18:09,{}
795495,funnel_start,2024-04-05T13:19:17,"{""funnel_type"": ""activity""}"
795486,paywall_show,2024-04-05T13:23:47,{}
796040,funnel_start,2024-04-05T15:05:36,"{""funnel_type"": ""activity""}"
796086,funnel_start,2024-04-05T15:12:35,"{""funnel_type"": ""fasting""}"
796086,profile_start,2024-04-05T15:12:45,{}
796086,email_submit,2024-04-05T15:13:42,{}
796086,paywall_show,2024-04-05T15:23:56,{}
796943,funnel_start,2024-04-05T17:33:17,"{""funnel_type"": ""fasting""}"
796943,profile_start,2024-04-05T17:33:30,{}
796943,email_submit,2024-04-05T17:33:54,{}
796943,paywall_show,2024-04-05T17:37:43,{}
797601,funnel_start,2024-04-05T19:21:50,"{""funnel_type"": ""activity""}"
797601,profile_start,2024-04-05T19:21:55,{}
797601,email_submit,2024-04-05T19:22:36,{}
797601,paywall_show,2024-04-05T19:29:03,{}
797881,funnel_start,2024-04-05T20:04:53,"{""funnel_type"": ""fasting""}"
797881,profile_start,2024-04-05T20:04:56,{}
797881,email_submit,2024-04-05T20:05:06,{}
797897,funnel_start,2024-04-05T20:07:31,"{""funnel_type"": ""fasting""}"
797881,paywall_show,2024-04-05T20:13:44,{}
798639,funnel_start,2024-04-05T21:44:05,"{""funnel_type"": ""activity""}"
798639,profile_start,2024-04-05T21:44:32,{}
798639,email_submit,2024-04-05T21:44:47,{}
798653,funnel_start,2024-04-05T21:46:05,"{""funnel_type"": ""fasting""}"
798639,paywall_show,2024-04-05T21:49:00,{}
798727,funnel_start,2024-04-05T21:55:40,"{""funnel_type"": ""fasting""}"
798759,funnel_start,2024-04-05T21:59:57,"{""funnel_type"": ""fasting""}"
798759,profile_start,2024-04-05T22:00:18,{}
798759,email_submit,2024-04-05T22:00:31,{}
798764,funnel_start,2024-04-05T22:00:52,"{""funnel_type"": ""activity""}"
798764,profile_start,2024-04-05T22:01:01,{}
798824,funnel_start,2024-04-05T22:08:07,"{""funnel_type"": ""activity""}"
798824,profile_start,2024-04-05T22:08:14,{}
798824,email_submit,2024-04-05T22:08:50,{}
798759,paywall_show,2024-04-05T22:10:04,{}
798824,paywall_show,2024-04-05T22:13:41,{}
799217,funnel_start,2024-04-05T22:53:33,"{""funnel_type"": ""fasting""}"
799217,profile_start,2024-04-05T22:53:49,{}
799217,email_submit,2024-04-05T22:54:19,{}
799681,funnel_start,2024-04-05T23:49:27,"{""funnel_type"": ""activity""}"
799794,funnel_start,2024-04-06T00:05:39,"{""funnel_type"": ""activity""}"
799794,profile_start,2024-04-06T00:05:47,{}
799995,funnel_start,2024-04-06T00:35:13,"{""funnel_type"": ""activity""}"
800146,funnel_start,2024-04-06T00:58:54,"{""funnel_type"": ""activity""}"
800268,funnel_start,2024-04-06T01:19:27,"{""funnel_type"": ""fasting""}"
800268,profile_start,2024-04-06T01:19:45,{}
800268,email_submit,2024-04-06T01:20:23,{}
800890,funnel_start,2024-04-06T03:36:40,"{""funnel_type"": ""yoga""}"
800890,profile_start,2024-04-06T03:36:46,{}
800906,funnel_start,2024-04-06T03:39:10,"{""funnel_type"": ""fasting""}"
800906,profile_start,2024-04-06T03:39:23,{}
800906,email_submit,2024-04-06T03:40:34,{}
800890,paywall_show,2024-04-06T03:46:44,{}
800906,paywall_show,2024-04-06T03:50:27,{}
801019,funnel_start,2024-04-06T04:08:54,"{""funnel_type"": ""fasting""}"
801019,profile_start,2024-04-06T04:09:01,{}
801019,email_submit,2024-04-06T04:09:22,{}
801019,paywall_show,2024-04-06T04:14:53,{}
801372,funnel_start,2024-04-06T05:49:12,"{""funnel_type"": ""activity""}"
801372,profile_start,2024-04-06T05:49:19,{}
801372,email_submit,2024-04-06T05:49:35,{}
801372,paywall_show,2024-04-06T06:03:19,{}
801736,funnel_start,2024-04-06T07:15:43,"{""funnel_type"": ""yoga""}"
801736,profile_start,2024-04-06T07:16:00,{}
801736,paywall_show,2024-04-06T07:24:27,{}
801882,funnel_start,2024-04-06T07:44:56,"{""funnel_type"": ""fasting""}"
801979,funnel_start,2024-04-06T08:04:43,"{""funnel_type"": ""activity""}"
801979,profile_start,2024-04-06T08:04:49,{}
801979,email_submit,2024-04-06T08:05:11,{}
801979,paywall_show,2024-04-06T08:09:14,{}
802210,funnel_start,2024-04-06T08:45:15,"{""funnel_type"": ""fasting""}"
802360,funnel_start,2024-04-06T09:12:31,"{""funnel_type"": ""activity""}"
802406,funnel_start,2024-04-06T09:22:01,"{""funnel_type"": ""activity""}"
802453,funnel_start,2024-04-06T09:28:49,"{""funnel_type"": ""activity""}"
802582,funnel_start,2024-04-06T09:56:30,"{""funnel_type"": ""fasting""}"
802582,profile_start,2024-04-06T09:56:38,{}
802582,email_submit,2024-04-06T09:57:09,{}
802661,funnel_start,2024-04-06T10:10:32,"{""funnel_type"": ""activity""}"
802661,profile_start,2024-04-06T10:10:40,{}
802661,email_submit,2024-04-06T10:10:56,{}
802661,paywall_show,2024-04-06T10:14:45,{}
802841,funnel_start,2024-04-06T10:40:04,"{""funnel_type"": ""activity""}"
802841,profile_start,2024-04-06T10:40:10,{}
802841,email_submit,2024-04-06T10:40:42,{}
802841,paywall_show,2024-04-06T10:50:54,{}
803048,funnel_start,2024-04-06T11:14:41,"{""funnel_type"": ""yoga""}"
803048,profile_start,2024-04-06T11:14:57,{}
803148,funnel_start,2024-04-06T11:29:04,"{""funnel_type"": ""fasting""}"
803148,profile_start,2024-04-06T11:29:09,{}
803148,email_submit,2024-04-06T11:29:59,{}
803148,paywall_show,2024-04-06T11:36:13,{}
803148,payment_done,2024-04-06T11:36:54,{}
803240,funnel_start,2024-04-06T11:44:25,"{""funnel_type"": ""fasting""}"
803568,funnel_start,2024-04-06T12:44:22,"{""funnel_type"": ""activity""}"
803568,profile_start,2024-04-06T12:44:30,{}
803568,email_submit,2024-04-06T12:45:31,{}
803568,paywall_show,2024-04-06T12:53:32,{}
803684,funnel_start,2024-04-06T13:02:07,"{""funnel_type"": ""fasting""}"
803684,profile_start,2024-04-06T13:02:15,{}
803684,email_submit,2024-04-06T13:02:50,{}
803714,funnel_start,2024-04-06T13:09:02,"{""funnel_type"": ""activity""}"
803684,paywall_show,2024-04-06T13:12:50,{}
803769,funnel_start,2024-04-06T13:20:48,"{""funnel_type"": ""fasting""}"
803769,profile_start,2024-04-06T13:21:17,{}
803769,email_submit,2024-04-06T13:21:33,{}
803769,paywall_show,2024-04-06T13:29:46,{}
803897,funnel_start,2024-04-06T13:45:32,"{""funnel_type"": ""fasting""}"
803897,profile_start,2024-04-06T13:45:39,{}
803897,email_submit,2024-04-06T13:45:54,{}
803897,paywall_show,2024-04-06T13:58:00,{}
803976,funnel_start,2024-04-06T13:59:15,"{""funnel_type"": ""activity""}"
803976,profile_start,2024-04-06T13:59:23,{}
803976,email_submit,2024-04-06T13:59:59,{}
803976,paywall_show,2024-04-06T14:13:22,{}
804076,funnel_start,2024-04-06T14:18:05,"{""funnel_type"": ""fasting""}"
804076,profile_start,2024-04-06T14:18:09,{}
804076,email_submit,2024-04-06T14:18:37,{}
804076,paywall_show,2024-04-06T14:29:47,{}
804399,funnel_start,2024-04-06T15:12:53,"{""funnel_type"": ""fasting""}"
804524,funnel_start,2024-04-06T15:33:59,"{""funnel_type"": ""fasting""}"
804524,profile_start,2024-04-06T15:34:08,{}
804524,email_submit,2024-04-06T15:34:22,{}
804524,paywall_show,2024-04-06T15:47:14,{}
804703,funnel_start,2024-04-06T16:06:56,"{""funnel_type"": ""fasting""}"
804703,profile_start,2024-04-06T16:07:05,{}
804703,email_submit,2024-04-06T16:07:21,{}
804754,funnel_start,2024-04-06T16:15:54,"{""funnel_type"": ""fasting""}"
804754,profile_start,2024-04-06T16:16:04,{}
804754,email_submit,2024-04-06T16:16:48,{}
804754,paywall_show,2024-04-06T16:19:33,{}
804703,paywall_show,2024-04-06T16:19:44,{}
804834,funnel_start,2024-04-06T16:31:00,"{""funnel_type"": ""fasting""}"
804834,profile_start,2024-04-06T16:31:07,{}
805054,funnel_start,2024-04-06T17:08:10,"{""funnel_type"": ""fasting""}"
805054,profile_start,2024-04-06T17:08:16,{}
805128,funnel_start,2024-04-06T17:19:37,"{""funnel_type"": ""fasting""}"
805128,profile_start,2024-04-06T17:19:44,{}
805128,email_submit,2024-04-06T17:20:09,{}
805128,paywall_show,2024-04-06T17:21:24,{}
805147,funnel_start,2024-04-06T17:22:17,"{""funnel_type"": ""fasting""}"
805147,profile_start,2024-04-06T17:22:32,{}
805147,email_submit,2024-04-06T17:22:59,{}
805147,paywall_show,2024-04-06T17:32:26,{}
805147,payment_done,2024-04-06T17:35:14,{}
805252,funnel_start,2024-04-06T17:40:07,"{""funnel_type"": ""yoga""}"
805252,profile_start,2024-04-06T17:40:26,{}
805252,paywall_show,2024-04-06T17:46:55,{}
805293,funnel_start,2024-04-06T17:47:18,"{""funnel_type"": ""activity""}"
805293,profile_start,2024-04-06T17:47:26,{}
805293,email_submit,2024-04-06T17:48:03,{}
805252,payment_done,2024-04-06T17:49:26,{}
805252,email_submit,2024-04-06T17:49:48,{}
805318,funnel_start,2024-04-06T17:52:23,"{""funnel_type"": ""activity""}"
805318,profile_start,2024-04-06T17:52:31,{}
805318,email_submit,2024-04-06T17:52:44,{}
805773,funnel_start,2024-04-06T19:03:32,"{""funnel_type"": ""yoga""}"
805773,profile_start,2024-04-06T19:03:54,{}
805773,paywall_show,2024-04-06T19:23:41,{}
805904,funnel_start,2024-04-06T19:23:43,"{""funnel_type"": ""fasting""}"
805904,profile_start,2024-04-06T19:23:54,{}
805904,email_submit,2024-04-06T19:24:27,{}
805911,funnel_start,2024-04-06T19:24:35,"{""funnel_type"": ""fasting""}"
805911,profile_start,2024-04-06T19:24:43,{}
805911,email_submit,2024-04-06T19:25:32,{}
805911,paywall_show,2024-04-06T19:29:53,{}
805911,payment_done,2024-04-06T19:33:01,{}
805904,paywall_show,2024-04-06T19:36:49,{}
806075,funnel_start,2024-04-06T19:50:30,"{""funnel_type"": ""fasting""}"
806084,funnel_start,2024-04-06T19:52:19,"{""funnel_type"": ""fasting""}"
807088,funnel_start,2024-04-06T22:04:00,"{""funnel_type"": ""fasting""}"
807384,funnel_start,2024-04-06T22:38:04,"{""funnel_type"": ""yoga""}"
807384,profile_start,2024-04-06T22:38:15,{}
807384,paywall_show,2024-04-06T22:52:12,{}
807573,funnel_start,2024-04-06T23:01:07,"{""funnel_type"": ""fasting""}"
807951,funnel_start,2024-04-06T23:49:40,"{""funnel_type"": ""fasting""}"
808146,funnel_start,2024-04-07T00:17:23,"{""funnel_type"": ""fasting""}"
808146,profile_start,2024-04-07T00:17:29,{}
808203,funnel_start,2024-04-07T00:26:50,"{""funnel_type"": ""fasting""}"
808203,profile_start,2024-04-07T00:27:15,{}
808203,email_submit,2024-04-07T00:27:33,{}
808357,funnel_start,2024-04-07T00:47:40,"{""funnel_type"": ""yoga""}"
808357,profile_start,2024-04-07T00:48:10,{}
808505,funnel_start,2024-04-07T01:10:42,"{""funnel_type"": ""fasting""}"
808505,profile_start,2024-04-07T01:10:56,{}
808505,email_submit,2024-04-07T01:11:11,{}
808505,paywall_show,2024-04-07T01:19:10,{}
808660,funnel_start,2024-04-07T01:40:06,"{""funnel_type"": ""fasting""}"
808660,profile_start,2024-04-07T01:40:14,{}
808660,email_submit,2024-04-07T01:40:29,{}
808660,paywall_show,2024-04-07T01:43:49,{}
808803,funnel_start,2024-04-07T02:05:15,"{""funnel_type"": ""activity""}"
808803,profile_start,2024-04-07T02:05:21,{}
808803,email_submit,2024-04-07T02:05:47,{}
808803,paywall_show,2024-04-07T02:11:20,{}
809181,funnel_start,2024-04-07T03:29:24,"{""funnel_type"": ""fasting""}"
809181,profile_start,2024-04-07T03:29:36,{}
809181,email_submit,2024-04-07T03:30:25,{}
809188,funnel_start,2024-04-07T03:31:33,"{""funnel_type"": ""activity""}"
809188,profile_start,2024-04-07T03:31:40,{}
809188,email_submit,2024-04-07T03:31:57,{}
809181,paywall_show,2024-04-07T03:32:57,{}
809188,paywall_show,2024-04-07T03:39:56,{}
809188,payment_done,2024-04-07T03:41:59,{}
809231,funnel_start,2024-04-07T03:42:21,"{""funnel_type"": ""fasting""}"
809231,profile_start,2024-04-07T03:42:24,{}
809231,email_submit,2024-04-07T03:42:44,{}
809231,paywall_show,2024-04-07T03:54:50,{}
809231,payment_done,2024-04-07T03:55:25,{}
809444,funnel_start,2024-04-07T04:49:01,"{""funnel_type"": ""fasting""}"
809444,profile_start,2024-04-07T04:49:06,{}
809444,email_submit,2024-04-07T04:49:21,{}
809976,funnel_start,2024-04-07T07:18:25,"{""funnel_type"": ""yoga""}"
809976,profile_start,2024-04-07T07:18:33,{}
809984,funnel_start,2024-04-07T07:20:52,"{""funnel_type"": ""activity""}"
809984,profile_start,2024-04-07T07:21:04,{}
809984,email_submit,2024-04-07T07:21:42,{}
810036,funnel_start,2024-04-07T07:32:33,"{""funnel_type"": ""fasting""}"
810036,profile_start,2024-04-07T07:32:42,{}
809976,paywall_show,2024-04-07T07:37:12,{}
810532,funnel_start,2024-04-07T09:06:12,"{""funnel_type"": ""fasting""}"
810577,funnel_start,2024-04-07T09:14:32,"{""funnel_type"": ""activity""}"
810577,profile_start,2024-04-07T09:14:41,{}
810577,email_submit,2024-04-07T09:15:02,{}
810616,funnel_start,2024-04-07T09:20:19,"{""funnel_type"": ""activity""}"
810577,paywall_show,2024-04-07T09:24:44,{}
810919,funnel_start,2024-04-07T10:14:02,"{""funnel_type"": ""activity""}"
810919,profile_start,2024-04-07T10:14:08,{}
811075,funnel_start,2024-04-07T10:37:59,"{""funnel_type"": ""fasting""}"
811075,profile_start,2024-04-07T10:38:07,{}
811075,email_submit,2024-04-07T10:38:34,{}
811075,paywall_show,2024-04-07T10:44:15,{}
811150,funnel_start,2024-04-07T10:50:06,"{""funnel_type"": ""fasting""}"
811150,profile_start,2024-04-07T10:50:16,{}
811150,email_submit,2024-04-07T10:51:06,{}
811161,funnel_start,2024-04-07T10:52:33,"{""funnel_type"": ""fasting""}"
811161,profile_start,2024-04-07T10:52:43,{}
811161,email_submit,2024-04-07T10:53:05,{}
811150,paywall_show,2024-04-07T10:56:15,{}
811161,paywall_show,2024-04-07T10:59:31,{}
811276,funnel_start,2024-04-07T11:13:51,"{""funnel_type"": ""activity""}"
811276,profile_start,2024-04-07T11:13:56,{}
811276,email_submit,2024-04-07T11:15:02,{}
811299,funnel_start,2024-04-07T11:18:54,"{""funnel_type"": ""activity""}"
811276,paywall_show,2024-04-07T11:19:53,{}
811353,funnel_start,2024-04-07T11:30:10,"{""funnel_type"": ""yoga""}"
811400,funnel_start,2024-04-07T11:35:58,"{""funnel_type"": ""fasting""}"
811400,profile_start,2024-04-07T11:36:09,{}
811400,email_submit,2024-04-07T11:36:36,{}
811400,paywall_show,2024-04-07T11:41:23,{}
811507,funnel_start,2024-04-07T11:54:23,"{""funnel_type"": ""fasting""}"
811507,profile_start,2024-04-07T11:54:29,{}
811550,funnel_start,2024-04-07T12:01:43,"{""funnel_type"": ""fasting""}"
811550,profile_start,2024-04-07T12:01:56,{}
811550,email_submit,2024-04-07T12:02:48,{}
811701,funnel_start,2024-04-07T12:26:32,"{""funnel_type"": ""fasting""}"
811701,profile_start,2024-04-07T12:26:43,{}
811701,email_submit,2024-04-07T12:27:03,{}
811701,paywall_show,2024-04-07T12:35:33,{}
812038,funnel_start,2024-04-07T13:29:16,"{""funnel_type"": ""yoga""}"
812038,profile_start,2024-04-07T13:29:43,{}
812139,funnel_start,2024-04-07T13:45:34,"{""funnel_type"": ""fasting""}"
812139,profile_start,2024-04-07T13:45:50,{}
812139,email_submit,2024-04-07T13:46:19,{}
812038,paywall_show,2024-04-07T13:47:50,{}
812139,paywall_show,2024-04-07T13:57:25,{}
812326,funnel_start,2024-04-07T14:20:46,"{""funnel_type"": ""activity""}"
812326,profile_start,2024-04-07T14:20:55,{}
812326,email_submit,2024-04-07T14:21:17,{}
812326,paywall_show,2024-04-07T14:29:41,{}
812444,funnel_start,2024-04-07T14:44:23,"{""funnel_type"": ""activity""}"
812444,profile_start,2024-04-07T14:44:28,{}
812444,email_submit,2024-04-07T14:44:44,{}
812444,paywall_show,2024-04-07T14:52:10,{}
812751,funnel_start,2024-04-07T15:37:15,"{""funnel_type"": ""fasting""}"
812751,profile_start,2024-04-07T15:37:25,{}
812751,email_submit,2024-04-07T15:37:45,{}
812751,paywall_show,2024-04-07T15:41:16,{}
813086,funnel_start,2024-04-07T16:32:26,"{""funnel_type"": ""fasting""}"
813086,profile_start,2024-04-07T16:32:34,{}
813086,email_submit,2024-04-07T16:33:03,{}
813086,paywall_show,2024-04-07T16:40:42,{}
813318,funnel_start,2024-04-07T17:10:00,"{""funnel_type"": ""yoga""}"
813425,funnel_start,2024-04-07T17:25:19,"{""funnel_type"": ""yoga""}"
813425,profile_start,2024-04-07T17:25:32,{}
813425,paywall_show,2024-04-07T17:32:04,{}
813498,funnel_start,2024-04-07T17:38:18,"{""funnel_type"": ""activity""}"
813498,profile_start,2024-04-07T17:38:26,{}
813498,email_submit,2024-04-07T17:38:43,{}
813498,paywall_show,2024-04-07T17:44:19,{}
813642,funnel_start,2024-04-07T18:02:59,"{""funnel_type"": ""fasting""}"
813642,profile_start,2024-04-07T18:03:09,{}
813642,email_submit,2024-04-07T18:03:37,{}
813655,funnel_start,2024-04-07T18:04:41,"{""funnel_type"": ""activity""}"
813655,profile_start,2024-04-07T18:04:46,{}
813655,email_submit,2024-04-07T18:05:12,{}
813668,funnel_start,2024-04-07T18:06:47,"{""funnel_type"": ""fasting""}"
813668,profile_start,2024-04-07T18:06:54,{}
813668,email_submit,2024-04-07T18:07:12,{}
813642,paywall_show,2024-04-07T18:10:18,{}
813668,paywall_show,2024-04-07T18:15:16,{}
813743,funnel_start,2024-04-07T18:18:22,"{""funnel_type"": ""fasting""}"
813896,funnel_start,2024-04-07T18:38:07,"{""funnel_type"": ""fasting""}"
813896,profile_start,2024-04-07T18:38:16,{}
813896,email_submit,2024-04-07T18:38:20,{}
813896,paywall_show,2024-04-07T18:54:13,{}
814264,funnel_start,2024-04-07T19:30:37,"{""funnel_type"": ""fasting""}"
814775,funnel_start,2024-04-07T20:36:49,"{""funnel_type"": ""yoga""}"
814775,profile_start,2024-04-07T20:37:03,{}
814775,paywall_show,2024-04-07T20:51:32,{}
814925,funnel_start,2024-04-07T20:56:17,"{""funnel_type"": ""activity""}"
814925,profile_start,2024-04-07T20:56:27,{}
814925,email_submit,2024-04-07T20:57:01,{}
814925,paywall_show,2024-04-07T20:58:58,{}
814925,payment_done,2024-04-07T21:01:26,{}
815019,funnel_start,2024-04-07T21:07:03,"{""funnel_type"": ""fasting""}"
815019,profile_start,2024-04-07T21:07:15,{}
815019,email_submit,2024-04-07T21:07:35,{}
815019,paywall_show,2024-04-07T21:15:08,{}
815429,funnel_start,2024-04-07T21:54:57,"{""funnel_type"": ""fasting""}"
815429,profile_start,2024-04-07T21:55:06,{}
815429,email_submit,2024-04-07T21:55:26,{}
815429,paywall_show,2024-04-07T22:00:54,{}
815746,funnel_start,2024-04-07T22:31:24,"{""funnel_type"": ""activity""}"
815746,profile_start,2024-04-07T22:31:32,{}
815746,email_submit,2024-04-07T22:31:59,{}
815746,paywall_show,2024-04-07T22:39:47,{}
815746,payment_done,2024-04-07T22:42:32,{}
815959,funnel_start,2024-04-07T22:58:49,"{""funnel_type"": ""yoga""}"
815959,profile_start,2024-04-07T22:59:22,{}
816029,funnel_start,2024-04-07T23:07:35,"{""funnel_type"": ""activity""}"
815959,paywall_show,2024-04-07T23:07:36,{}
816029,profile_start,2024-04-07T23:07:44,{}
816225,funnel_start,2024-04-07T23:31:10,"{""funnel_type"": ""fasting""}"
816225,profile_start,2024-04-07T23:31:14,{}
816225,email_submit,2024-04-07T23:31:37,{}
816466,funnel_start,2024-04-08T00:04:20,"{""funnel_type"": ""fasting""}"
816466,profile_start,2024-04-08T00:04:34,{}
816466,email_submit,2024-04-08T00:05:34,{}
816466,paywall_show,2024-04-08T00:24:18,{}
816607,funnel_start,2024-04-08T00:28:03,"{""funnel_type"": ""activity""}"
816607,profile_start,2024-04-08T00:28:09,{}
816607,email_submit,2024-04-08T00:28:26,{}
816607,paywall_show,2024-04-08T00:32:19,{}
816846,funnel_start,2024-04-08T01:03:12,"{""funnel_type"": ""activity""}"
817044,funnel_start,2024-04-08T01:38:33,"{""funnel_type"": ""activity""}"
817044,profile_start,2024-04-08T01:38:45,{}
817044,email_submit,2024-04-08T01:38:59,{}
817044,paywall_show,2024-04-08T01:42:54,{}
817194,funnel_start,2024-04-08T02:03:46,"{""funnel_type"": ""fasting""}"
817194,profile_start,2024-04-08T02:03:57,{}
817322,funnel_start,2024-04-08T02:30:48,"{""funnel_type"": ""fasting""}"
817322,profile_start,2024-04-08T02:30:53,{}
817322,email_submit,2024-04-08T02:31:10,{}
817322,paywall_show,2024-04-08T02:38:25,{}
817500,funnel_start,2024-04-08T03:06:35,"{""funnel_type"": ""fasting""}"
817500,profile_start,2024-04-08T03:06:40,{}
817500,email_submit,2024-04-08T03:07:08,{}
817500,paywall_show,2024-04-08T03:13:49,{}
817615,funnel_start,2024-04-08T03:32:29,"{""funnel_type"": ""fasting""}"
817615,profile_start,2024-04-08T03:32:36,{}
817615,email_submit,2024-04-08T03:32:53,{}
817615,paywall_show,2024-04-08T03:39:46,{}
817692,funnel_start,2024-04-08T03:50:21,"{""funnel_type"": ""fasting""}"
817692,profile_start,2024-04-08T03:50:29,{}
817692,email_submit,2024-04-08T03:50:50,{}
817692,paywall_show,2024-04-08T03:57:54,{}
817739,funnel_start,2024-04-08T04:00:14,"{""funnel_type"": ""activity""}"
818396,funnel_start,2024-04-08T07:08:25,"{""funnel_type"": ""activity""}"
818396,profile_start,2024-04-08T07:08:31,{}
818396,email_submit,2024-04-08T07:08:56,{}
818396,paywall_show,2024-04-08T07:14:36,{}
818488,funnel_start,2024-04-08T07:27:02,"{""funnel_type"": ""fasting""}"
818488,profile_start,2024-04-08T07:27:10,{}
818488,email_submit,2024-04-08T07:27:51,{}
818488,paywall_show,2024-04-08T07:38:10,{}
818617,funnel_start,2024-04-08T07:53:12,"{""funnel_type"": ""fasting""}"
818617,profile_start,2024-04-08T07:53:38,{}
818617,email_submit,2024-04-08T07:54:32,{}
818729,funnel_start,2024-04-08T08:19:32,"{""funnel_type"": ""fasting""}"
818729,profile_start,2024-04-08T08:19:35,{}
818729,email_submit,2024-04-08T08:20:17,{}
818897,funnel_start,2024-04-08T08:50:06,"{""funnel_type"": ""fasting""}"
818897,profile_start,2024-04-08T08:50:21,{}
818897,email_submit,2024-04-08T08:50:55,{}
818729,paywall_show,2024-04-08T08:57:33,{}
818897,paywall_show,2024-04-08T09:00:13,{}
819127,funnel_start,2024-04-08T09:29:45,"{""funnel_type"": ""activity""}"
819256,funnel_start,2024-04-08T09:54:07,"{""funnel_type"": ""fasting""}"
819349,funnel_start,2024-04-08T10:10:48,"{""funnel_type"": ""activity""}"
819383,funnel_start,2024-04-08T10:16:56,"{""funnel_type"": ""fasting""}"
819383,profile_start,2024-04-08T10:17:05,{}
819383,email_submit,2024-04-08T10:17:20,{}
819383,paywall_show,2024-04-08T10:23:28,{}
819653,funnel_start,2024-04-08T11:01:08,"{""funnel_type"": ""activity""}"
819653,profile_start,2024-04-08T11:01:13,{}
819653,email_submit,2024-04-08T11:01:35,{}
819653,paywall_show,2024-04-08T11:09:46,{}
819695,funnel_start,2024-04-08T11:10:45,"{""funnel_type"": ""fasting""}"
819695,profile_start,2024-04-08T11:10:52,{}
819695,email_submit,2024-04-08T11:11:26,{}
819695,paywall_show,2024-04-08T11:21:07,{}
819784,funnel_start,2024-04-08T11:28:29,"{""funnel_type"": ""fasting""}"
819784,profile_start,2024-04-08T11:28:38,{}
819784,email_submit,2024-04-08T11:28:54,{}
819787,funnel_start,2024-04-08T11:29:06,"{""funnel_type"": ""fasting""}"
819787,profile_start,2024-04-08T11:29:13,{}
819787,email_submit,2024-04-08T11:30:01,{}
819784,paywall_show,2024-04-08T11:35:22,{}
819787,paywall_show,2024-04-08T11:36:09,{}
819787,payment_done,2024-04-08T11:37:39,{}
820061,funnel_start,2024-04-08T12:11:01,"{""funnel_type"": ""fasting""}"
820061,profile_start,2024-04-08T12:11:15,{}
820061,email_submit,2024-04-08T12:11:42,{}
820127,funnel_start,2024-04-08T12:23:29,"{""funnel_type"": ""fasting""}"
820127,profile_start,2024-04-08T12:23:36,{}
820127,email_submit,2024-04-08T12:23:56,{}
820061,paywall_show,2024-04-08T12:24:12,{}
820238,funnel_start,2024-04-08T12:40:22,"{""funnel_type"": ""fasting""}"
820238,profile_start,2024-04-08T12:40:29,{}
820238,email_submit,2024-04-08T12:40:52,{}
820287,funnel_start,2024-04-08T12:49:55,"{""funnel_type"": ""activity""}"
820287,profile_start,2024-04-08T12:50:02,{}
820287,email_submit,2024-04-08T12:50:48,{}
820297,funnel_start,2024-04-08T12:51:12,"{""funnel_type"": ""fasting""}"
820297,profile_start,2024-04-08T12:51:22,{}
820238,paywall_show,2024-04-08T12:57:30,{}
820837,funnel_start,2024-04-08T14:30:37,"{""funnel_type"": ""fasting""}"
820837,profile_start,2024-04-08T14:30:52,{}
820837,email_submit,2024-04-08T14:32:18,{}
820837,paywall_show,2024-04-08T14:43:26,{}
820973,funnel_start,2024-04-08T14:53:05,"{""funnel_type"": ""fasting""}"
820973,profile_start,2024-04-08T14:53:18,{}
820973,email_submit,2024-04-08T14:53:53,{}
820973,paywall_show,2024-04-08T15:04:33,{}
821294,funnel_start,2024-04-08T15:47:09,"{""funnel_type"": ""activity""}"
821316,funnel_start,2024-04-08T15:50:43,"{""funnel_type"": ""yoga""}"
821316,profile_start,2024-04-08T15:50:55,{}
821316,paywall_show,2024-04-08T15:54:32,{}
821793,funnel_start,2024-04-08T17:08:22,"{""funnel_type"": ""activity""}"
821793,profile_start,2024-04-08T17:08:27,{}
821793,email_submit,2024-04-08T17:08:50,{}
821816,funnel_start,2024-04-08T17:13:13,"{""funnel_type"": ""fasting""}"
821793,paywall_show,2024-04-08T17:13:21,{}
821816,profile_start,2024-04-08T17:13:39,{}
822044,funnel_start,2024-04-08T17:51:33,"{""funnel_type"": ""fasting""}"
822245,funnel_start,2024-04-08T18:22:50,"{""funnel_type"": ""activity""}"
822245,profile_start,2024-04-08T18:22:54,{}
822245,email_submit,2024-04-08T18:23:11,{}
822245,paywall_show,2024-04-08T18:26:58,{}
822345,funnel_start,2024-04-08T18:43:29,"{""funnel_type"": ""fasting""}"
822359,funnel_start,2024-04-08T18:44:57,"{""funnel_type"": ""fasting""}"
822359,profile_start,2024-04-08T18:45:06,{}
822359,email_submit,2024-04-08T18:45:24,{}
822359,paywall_show,2024-04-08T19:08:57,{}
822930,funnel_start,2024-04-08T20:13:05,"{""funnel_type"": ""fasting""}"
822930,profile_start,2024-04-08T20:13:15,{}
822930,email_submit,2024-04-08T20:13:33,{}
822971,funnel_start,2024-04-08T20:19:04,"{""funnel_type"": ""activity""}"
822971,profile_start,2024-04-08T20:19:10,{}
822971,email_submit,2024-04-08T20:19:48,{}
822971,paywall_show,2024-04-08T20:25:15,{}
823017,funnel_start,2024-04-08T20:25:22,"{""funnel_type"": ""fasting""}"
822930,paywall_show,2024-04-08T20:27:57,{}
823044,funnel_start,2024-04-08T20:29:35,"{""funnel_type"": ""fasting""}"
823044,profile_start,2024-04-08T20:29:46,{}
823044,email_submit,2024-04-08T20:29:57,{}
823044,paywall_show,2024-04-08T20:36:34,{}
823044,payment_done,2024-04-08T20:38:02,{}
823177,funnel_start,2024-04-08T20:48:19,"{""funnel_type"": ""fasting""}"
823177,profile_start,2024-04-08T20:48:22,{}
823177,email_submit,2024-04-08T20:50:15,{}
823177,paywall_show,2024-04-08T20:56:04,{}
823373,funnel_start,2024-04-08T21:12:53,"{""funnel_type"": ""activity""}"
823400,funnel_start,2024-04-08T21:16:07,"{""funnel_type"": ""activity""}"
823400,profile_start,2024-04-08T21:16:13,{}
823400,email_submit,2024-04-08T21:16:39,{}
823421,funnel_start,2024-04-08T21:18:55,"{""funnel_type"": ""fasting""}"
823421,profile_start,2024-04-08T21:19:03,{}
823558,funnel_start,2024-04-08T21:35:09,"{""funnel_type"": ""fasting""}"
823558,profile_start,2024-04-08T21:35:24,{}
823558,email_submit,2024-04-08T21:35:49,{}
823558,paywall_show,2024-04-08T21:53:38,{}
824194,funnel_start,2024-04-08T22:45:38,"{""funnel_type"": ""fasting""}"
824194,profile_start,2024-04-08T22:45:52,{}
824194,email_submit,2024-04-08T22:46:19,{}
824194,paywall_show,2024-04-08T22:59:09,{}
824616,funnel_start,2024-04-08T23:37:38,"{""funnel_type"": ""fasting""}"
824616,profile_start,2024-04-08T23:37:44,{}
824616,email_submit,2024-04-08T23:38:19,{}
824616,paywall_show,2024-04-08T23:51:48,{}
824868,funnel_start,2024-04-09T00:11:20,"{""funnel_type"": ""fasting""}"
824868,profile_start,2024-04-09T00:11:28,{}
824868,email_submit,2024-04-09T00:11:41,{}
824868,paywall_show,2024-04-09T00:26:34,{}
825160,funnel_start,2024-04-09T00:57:05,"{""funnel_type"": ""fasting""}"
825160,profile_start,2024-04-09T00:57:31,{}
825160,email_submit,2024-04-09T00:57:58,{}
825160,paywall_show,2024-04-09T01:03:04,{}
825184,funnel_start,2024-04-09T01:03:07,"{""funnel_type"": ""activity""}"
825184,profile_start,2024-04-09T01:03:12,{}
825184,email_submit,2024-04-09T01:03:38,{}
825184,paywall_show,2024-04-09T01:06:34,{}
825804,funnel_start,2024-04-09T02:56:57,"{""funnel_type"": ""activity""}"
825804,profile_start,2024-04-09T02:57:03,{}
825804,email_submit,2024-04-09T02:57:53,{}
825804,paywall_show,2024-04-09T03:08:41,{}
826350,funnel_start,2024-04-09T05:26:23,"{""funnel_type"": ""fasting""}"
826637,funnel_start,2024-04-09T06:39:40,"{""funnel_type"": ""activity""}"
826637,profile_start,2024-04-09T06:39:48,{}
826637,email_submit,2024-04-09T06:40:13,{}
826650,funnel_start,2024-04-09T06:40:50,"{""funnel_type"": ""yoga""}"
826650,profile_start,2024-04-09T06:41:04,{}
826660,funnel_start,2024-04-09T06:43:04,"{""funnel_type"": ""fasting""}"
826660,profile_start,2024-04-09T06:43:12,{}
826660,email_submit,2024-04-09T06:43:28,{}
826660,paywall_show,2024-04-09T06:49:07,{}
826746,funnel_start,2024-04-09T06:59:17,"{""funnel_type"": ""fasting""}"
826746,profile_start,2024-04-09T06:59:22,{}
826746,email_submit,2024-04-09T06:59:38,{}
826746,paywall_show,2024-04-09T07:02:44,{}
826637,paywall_show,2024-04-09T07:04:20,{}
827117,funnel_start,2024-04-09T08:13:03,"{""funnel_type"": ""activity""}"
827117,profile_start,2024-04-09T08:13:08,{}
827188,funnel_start,2024-04-09T08:24:54,"{""funnel_type"": ""fasting""}"
827188,profile_start,2024-04-09T08:25:04,{}
827188,email_submit,2024-04-09T08:25:29,{}
827188,paywall_show,2024-04-09T08:39:40,{}
827422,funnel_start,2024-04-09T09:10:34,"{""funnel_type"": ""activity""}"
827422,profile_start,2024-04-09T09:10:44,{}
827422,email_submit,2024-04-09T09:10:58,{}
827422,paywall_show,2024-04-09T09:17:09,{}
827644,funnel_start,2024-04-09T09:46:55,"{""funnel_type"": ""fasting""}"
827997,funnel_start,2024-04-09T10:45:16,"{""funnel_type"": ""activity""}"
827997,profile_start,2024-04-09T10:45:20,{}
827997,email_submit,2024-04-09T10:45:28,{}
827997,paywall_show,2024-04-09T10:58:20,{}
828217,funnel_start,2024-04-09T11:24:37,"{""funnel_type"": ""fasting""}"
828217,profile_start,2024-04-09T11:24:43,{}
828511,funnel_start,2024-04-09T12:14:42,"{""funnel_type"": ""fasting""}"
828511,profile_start,2024-04-09T12:14:51,{}
828511,email_submit,2024-04-09T12:15:02,{}
828579,funnel_start,2024-04-09T12:25:56,"{""funnel_type"": ""fasting""}"
828579,profile_start,2024-04-09T12:26:04,{}
828579,email_submit,2024-04-09T12:26:31,{}
828511,paywall_show,2024-04-09T12:28:03,{}
828579,paywall_show,2024-04-09T12:32:02,{}
828825,funnel_start,2024-04-09T13:10:04,"{""funnel_type"": ""fasting""}"
828825,profile_start,2024-04-09T13:10:12,{}
828825,email_submit,2024-04-09T13:10:29,{}
828852,funnel_start,2024-04-09T13:14:37,"{""funnel_type"": ""activity""}"
828852,profile_start,2024-04-09T13:14:48,{}
828852,email_submit,2024-04-09T13:15:01,{}
828852,paywall_show,2024-04-09T13:16:47,{}
829338,funnel_start,2024-04-09T14:55:46,"{""funnel_type"": ""activity""}"
829338,profile_start,2024-04-09T14:55:53,{}
829338,email_submit,2024-04-09T14:56:40,{}
829338,paywall_show,2024-04-09T15:01:52,{}
829338,payment_done,2024-04-09T15:04:51,{}
829338,experiment_exposure,2024-04-09T15:04:51,"{""experiment_name"": ""exp_6"", ""experiment_group"": ""control""}"
829421,funnel_start,2024-04-09T15:11:54,"{""funnel_type"": ""activity""}"
829421,profile_start,2024-04-09T15:12:03,{}
829421,email_submit,2024-04-09T15:12:46,{}
829421,paywall_show,2024-04-09T15:19:36,{}
829635,funnel_start,2024-04-09T15:49:37,"{""funnel_type"": ""activity""}"
829829,funnel_start,2024-04-09T16:20:27,"{""funnel_type"": ""fasting""}"
829829,profile_start,2024-04-09T16:20:47,{}
829829,email_submit,2024-04-09T16:21:05,{}
829829,paywall_show,2024-04-09T16:26:45,{}
830260,experiment_exposure,2024-04-09T17:35:17,"{""experiment_name"": ""exp_8"", ""experiment_group"": ""control""}"
830260,funnel_start,2024-04-09T17:35:17,"{""funnel_type"": ""fasting""}"
830260,profile_start,2024-04-09T17:35:22,{}
830260,email_submit,2024-04-09T17:35:36,{}
830279,experiment_exposure,2024-04-09T17:38:51,"{""experiment_name"": ""exp_8"", ""experiment_group"": ""test""}"
830279,funnel_start,2024-04-09T17:38:51,"{""funnel_type"": ""fasting""}"
830279,profile_start,2024-04-09T17:39:13,{}
830279,email_submit,2024-04-09T17:39:39,{}
830260,paywall_show,2024-04-09T17:44:49,{}
830279,paywall_show,2024-04-09T17:46:13,{}
830424,funnel_start,2024-04-09T18:00:37,"{""funnel_type"": ""fasting""}"
830424,profile_start,2024-04-09T18:00:45,{}
830424,email_submit,2024-04-09T18:01:21,{}
830424,paywall_show,2024-04-09T18:09:53,{}
831125,funnel_start,2024-04-09T19:47:00,"{""funnel_type"": ""fasting""}"
831125,profile_start,2024-04-09T19:47:21,{}
831125,email_submit,2024-04-09T19:47:41,{}
831125,paywall_show,2024-04-09T19:59:04,{}
831248,funnel_start,2024-04-09T20:02:38,"{""funnel_type"": ""activity""}"
831248,profile_start,2024-04-09T20:02:45,{}
831248,email_submit,2024-04-09T20:03:23,{}
831317,funnel_start,2024-04-09T20:12:20,"{""funnel_type"": ""yoga""}"
831317,profile_start,2024-04-09T20:12:33,{}
831248,paywall_show,2024-04-09T20:17:25,{}
831428,funnel_start,2024-04-09T20:25:12,"{""funnel_type"": ""activity""}"
831317,paywall_show,2024-04-09T20:33:46,{}
831639,funnel_start,2024-04-09T20:52:28,"{""funnel_type"": ""activity""}"
831639,experiment_exposure,2024-04-09T20:52:28,"{""experiment_name"": ""exp_8"", ""experiment_group"": ""control""}"
831639,profile_start,2024-04-09T20:52:31,{}
831639,email_submit,2024-04-09T20:52:46,{}
831639,paywall_show,2024-04-09T21:12:12,{}
831952,funnel_start,2024-04-09T21:34:31,"{""funnel_type"": ""activity""}"
831952,profile_start,2024-04-09T21:34:45,{}
831952,email_submit,2024-04-09T21:35:02,{}
831952,paywall_show,2024-04-09T21:41:10,{}
832048,funnel_start,2024-04-09T21:45:44,"{""funnel_type"": ""fasting""}"
832048,profile_start,2024-04-09T21:45:50,{}
832048,email_submit,2024-04-09T21:46:19,{}
832048,paywall_show,2024-04-09T21:53:01,{}
832556,funnel_start,2024-04-09T22:46:26,"{""funnel_type"": ""activity""}"
832556,profile_start,2024-04-09T22:46:34,{}
832556,email_submit,2024-04-09T22:46:58,{}
832556,paywall_show,2024-04-09T22:58:05,{}
832901,funnel_start,2024-04-09T23:29:21,"{""funnel_type"": ""fasting""}"
832901,profile_start,2024-04-09T23:29:29,{}
832901,email_submit,2024-04-09T23:29:48,{}
832901,paywall_show,2024-04-09T23:39:36,{}
833333,funnel_start,2024-04-10T00:20:07,"{""funnel_type"": ""fasting""}"
833333,profile_start,2024-04-10T00:20:16,{}
833333,email_submit,2024-04-10T00:20:45,{}
833378,funnel_start,2024-04-10T00:27:48,"{""funnel_type"": ""fasting""}"
833378,profile_start,2024-04-10T00:28:00,{}
833378,email_submit,2024-04-10T00:28:19,{}
833333,paywall_show,2024-04-10T00:31:54,{}
833378,paywall_show,2024-04-10T00:34:00,{}
834061,funnel_start,2024-04-10T02:25:02,"{""funnel_type"": ""yoga""}"
834061,profile_start,2024-04-10T02:25:24,{}
834061,paywall_show,2024-04-10T02:29:46,{}
834092,funnel_start,2024-04-10T02:30:55,"{""funnel_type"": ""fasting""}"
834277,funnel_start,2024-04-10T03:13:41,"{""funnel_type"": ""fasting""}"
834277,profile_start,2024-04-10T03:13:49,{}
834277,email_submit,2024-04-10T03:14:04,{}
834293,funnel_start,2024-04-10T03:16:03,"{""funnel_type"": ""fasting""}"
834299,funnel_start,2024-04-10T03:18:30,"{""funnel_type"": ""fasting""}"
834299,profile_start,2024-04-10T03:18:37,{}
834277,paywall_show,2024-04-10T03:22:35,{}
834381,funnel_start,2024-04-10T03:39:25,"{""funnel_type"": ""fasting""}"
834656,funnel_start,2024-04-10T04:50:49,"{""funnel_type"": ""activity""}"
834656,profile_start,2024-04-10T04:51:02,{}
834656,email_submit,2024-04-10T04:51:37,{}
834661,funnel_start,2024-04-10T04:52:22,"{""funnel_type"": ""fasting""}"
834656,paywall_show,2024-04-10T04:59:10,{}
835054,funnel_start,2024-04-10T06:36:33,"{""funnel_type"": ""fasting""}"
835054,profile_start,2024-04-10T06:36:44,{}
835054,email_submit,2024-04-10T06:37:19,{}
835054,paywall_show,2024-04-10T06:42:56,{}
835139,funnel_start,2024-04-10T06:56:49,"{""funnel_type"": ""activity""}"
835139,profile_start,2024-04-10T06:56:55,{}
835139,email_submit,2024-04-10T06:57:09,{}
835139,paywall_show,2024-04-10T07:10:38,{}
835384,funnel_start,2024-04-10T07:53:33,"{""funnel_type"": ""activity""}"
835419,funnel_start,2024-04-10T08:01:41,"{""funnel_type"": ""fasting""}"
835419,profile_start,2024-04-10T08:01:49,{}
835419,email_submit,2024-04-10T08:02:13,{}
835419,paywall_show,2024-04-10T08:18:38,{}
835557,funnel_start,2024-04-10T08:25:08,"{""funnel_type"": ""fasting""}"
835557,profile_start,2024-04-10T08:25:16,{}
835557,email_submit,2024-04-10T08:26:04,{}
835631,funnel_start,2024-04-10T08:37:50,"{""funnel_type"": ""fasting""}"
835835,funnel_start,2024-04-10T09:11:40,"{""funnel_type"": ""activity""}"
835900,funnel_start,2024-04-10T09:23:49,"{""funnel_type"": ""fasting""}"
835900,profile_start,2024-04-10T09:24:00,{}
835900,email_submit,2024-04-10T09:24:17,{}
835900,paywall_show,2024-04-10T09:39:34,{}
836214,funnel_start,2024-04-10T10:16:29,"{""funnel_type"": ""activity""}"
836214,profile_start,2024-04-10T10:16:36,{}
836214,email_submit,2024-04-10T10:16:53,{}
836214,paywall_show,2024-04-10T10:29:37,{}
836405,funnel_start,2024-04-10T10:47:59,"{""funnel_type"": ""yoga""}"
836631,funnel_start,2024-04-10T11:25:24,"{""funnel_type"": ""fasting""}"
836631,profile_start,2024-04-10T11:25:35,{}
836631,email_submit,2024-04-10T11:26:33,{}
836631,paywall_show,2024-04-10T11:35:48,{}
836631,payment_done,2024-04-10T11:41:58,{}
837316,funnel_start,2024-04-10T13:22:27,"{""funnel_type"": ""fasting""}"
837316,profile_start,2024-04-10T13:22:40,{}
837316,email_submit,2024-04-10T13:22:53,{}
837316,paywall_show,2024-04-10T13:33:25,{}
837523,funnel_start,2024-04-10T14:02:52,"{""funnel_type"": ""activity""}"
837846,funnel_start,2024-04-10T14:54:40,"{""funnel_type"": ""fasting""}"
837846,profile_start,2024-04-10T14:54:45,{}
837846,email_submit,2024-04-10T14:55:19,{}
838665,funnel_start,2024-04-10T17:02:05,"{""funnel_type"": ""activity""}"
839416,funnel_start,2024-04-10T18:52:42,"{""funnel_type"": ""yoga""}"
839416,profile_start,2024-04-10T18:53:23,{}
839456,funnel_start,2024-04-10T18:59:20,"{""funnel_type"": ""activity""}"
839416,paywall_show,2024-04-10T19:10:14,{}
839929,funnel_start,2024-04-10T20:10:30,"{""funnel_type"": ""fasting""}"
839929,profile_start,2024-04-10T20:10:43,{}
839929,email_submit,2024-04-10T20:11:02,{}
839929,paywall_show,2024-04-10T20:19:21,{}
840258,funnel_start,2024-04-10T20:53:13,"{""funnel_type"": ""fasting""}"
840541,funnel_start,2024-04-10T21:32:12,"{""funnel_type"": ""yoga""}"
840541,profile_start,2024-04-10T21:32:31,{}
840541,paywall_show,2024-04-10T21:38:23,{}
840745,funnel_start,2024-04-10T21:59:25,"{""funnel_type"": ""activity""}"
840745,profile_start,2024-04-10T21:59:29,{}
840745,email_submit,2024-04-10T21:59:53,{}
840745,paywall_show,2024-04-10T22:10:01,{}
840890,funnel_start,2024-04-10T22:17:02,"{""funnel_type"": ""fasting""}"
840890,profile_start,2024-04-10T22:17:09,{}
840890,email_submit,2024-04-10T22:17:25,{}
840890,paywall_show,2024-04-10T22:23:55,{}
841579,funnel_start,2024-04-10T23:39:25,"{""funnel_type"": ""fasting""}"
841579,profile_start,2024-04-10T23:39:33,{}
841872,funnel_start,2024-04-11T00:18:59,"{""funnel_type"": ""activity""}"
841872,profile_start,2024-04-11T00:19:08,{}
841872,email_submit,2024-04-11T00:19:24,{}
841872,paywall_show,2024-04-11T00:28:57,{}
841962,funnel_start,2024-04-11T00:30:05,"{""funnel_type"": ""activity""}"
841962,profile_start,2024-04-11T00:30:12,{}
841962,email_submit,2024-04-11T00:30:38,{}
841975,funnel_start,2024-04-11T00:31:41,"{""funnel_type"": ""yoga""}"
841975,profile_start,2024-04-11T00:32:00,{}
841962,experiment_exposure,2024-04-11T00:40:57,"{""experiment_name"": ""exp_2"", ""experiment_group"": ""control""}"
841962,paywall_show,2024-04-11T00:40:57,{}
841975,paywall_show,2024-04-11T00:44:07,{}
841975,experiment_exposure,2024-04-11T00:44:07,"{""experiment_name"": ""exp_2"", ""experiment_group"": ""control""}"
842294,funnel_start,2024-04-11T01:17:26,"{""funnel_type"": ""activity""}"
842675,funnel_start,2024-04-11T02:25:09,"{""funnel_type"": ""fasting""}"
842675,profile_start,2024-04-11T02:25:15,{}
842675,email_submit,2024-04-11T02:26:35,{}
842675,paywall_show,2024-04-11T02:39:17,{}
842882,funnel_start,2024-04-11T03:12:00,"{""funnel_type"": ""activity""}"
842882,profile_start,2024-04-11T03:12:04,{}
843178,experiment_exposure,2024-04-11T04:30:03,"{""experiment_name"": ""exp_8"", ""experiment_group"": ""test""}"
843178,funnel_start,2024-04-11T04:30:03,"{""funnel_type"": ""activity""}"
843178,profile_start,2024-04-11T04:30:10,{}
843178,email_submit,2024-04-11T04:30:26,{}
843783,funnel_start,2024-04-11T07:12:58,"{""funnel_type"": ""fasting""}"
843783,profile_start,2024-04-11T07:13:05,{}
843783,email_submit,2024-04-11T07:13:29,{}
844159,funnel_start,2024-04-11T08:28:01,"{""funnel_type"": ""fasting""}"
844159,profile_start,2024-04-11T08:28:09,{}
844159,email_submit,2024-04-11T08:28:49,{}
844226,funnel_start,2024-04-11T08:41:08,"{""funnel_type"": ""activity""}"
844519,funnel_start,2024-04-11T09:32:30,"{""funnel_type"": ""fasting""}"
844572,funnel_start,2024-04-11T09:40:46,"{""funnel_type"": ""fasting""}"
844572,profile_start,2024-04-11T09:40:56,{}
844572,email_submit,2024-04-11T09:41:39,{}
844572,experiment_exposure,2024-04-11T09:48:46,"{""experiment_name"": ""exp_2"", ""experiment_group"": ""test""}"
844572,paywall_show,2024-04-11T09:48:46,{}
844810,funnel_start,2024-04-11T10:24:41,"{""funnel_type"": ""activity""}"
844872,funnel_start,2024-04-11T10:34:35,"{""funnel_type"": ""activity""}"
844916,funnel_start,2024-04-11T10:41:22,"{""funnel_type"": ""activity""}"
844916,profile_start,2024-04-11T10:41:28,{}
844916,email_submit,2024-04-11T10:41:58,{}
844916,paywall_show,2024-04-11T10:49:12,{}
845300,funnel_start,2024-04-11T11:44:17,"{""funnel_type"": ""fasting""}"
845489,funnel_start,2024-04-11T12:17:55,"{""funnel_type"": ""yoga""}"
845489,experiment_exposure,2024-04-11T12:17:55,"{""experiment_name"": ""exp_8"", ""experiment_group"": ""control""}"
845489,profile_start,2024-04-11T12:18:02,{}
845489,paywall_show,2024-04-11T12:23:01,{}
845783,funnel_start,2024-04-11T13:05:39,"{""funnel_type"": ""fasting""}"
845783,profile_start,2024-04-11T13:05:51,{}
845783,email_submit,2024-04-11T13:05:59,{}
845813,funnel_start,2024-04-11T13:13:21,"{""funnel_type"": ""activity""}"
845813,profile_start,2024-04-11T13:13:27,{}
845813,email_submit,2024-04-11T13:14:34,{}
845813,paywall_show,2024-04-11T13:27:43,{}
846449,funnel_start,2024-04-11T15:09:59,"{""funnel_type"": ""activity""}"
846532,funnel_start,2024-04-11T15:22:57,"{""funnel_type"": ""fasting""}"
846532,profile_start,2024-04-11T15:23:14,{}
846532,email_submit,2024-04-11T15:23:30,{}
846761,funnel_start,2024-04-11T16:02:07,"{""funnel_type"": ""activity""}"
846761,profile_start,2024-04-11T16:02:13,{}
846761,email_submit,2024-04-11T16:02:24,{}
846761,paywall_show,2024-04-11T16:08:42,{}
846761,experiment_exposure,2024-04-11T16:08:42,"{""experiment_name"": ""exp_2"", ""experiment_group"": ""control""}"
846987,funnel_start,2024-04-11T16:40:35,"{""funnel_type"": ""fasting""}"
846987,profile_start,2024-04-11T16:40:47,{}
846987,email_submit,2024-04-11T16:41:15,{}
846987,paywall_show,2024-04-11T16:46:00,{}
847261,funnel_start,2024-04-11T17:25:22,"{""funnel_type"": ""activity""}"
847376,funnel_start,2024-04-11T17:44:44,"{""funnel_type"": ""fasting""}"
847376,profile_start,2024-04-11T17:44:57,{}
847376,email_submit,2024-04-11T17:45:18,{}
847423,funnel_start,2024-04-11T17:51:35,"{""funnel_type"": ""activity""}"
847423,profile_start,2024-04-11T17:51:42,{}
847532,funnel_start,2024-04-11T18:07:42,"{""funnel_type"": ""activity""}"
847745,funnel_start,2024-04-11T18:39:14,"{""funnel_type"": ""activity""}"
847745,profile_start,2024-04-11T18:39:27,{}
847745,email_submit,2024-04-11T18:39:49,{}
847745,paywall_show,2024-04-11T18:42:51,{}
847803,funnel_start,2024-04-11T18:48:17,"{""funnel_type"": ""fasting""}"
847803,profile_start,2024-04-11T18:48:33,{}
847803,email_submit,2024-04-11T18:48:50,{}
847803,paywall_show,2024-04-11T18:53:04,{}
848070,funnel_start,2024-04-11T19:30:09,"{""funnel_type"": ""activity""}"
848070,profile_start,2024-04-11T19:30:16,{}
848533,funnel_start,2024-04-11T20:40:54,"{""funnel_type"": ""yoga""}"
848533,profile_start,2024-04-11T20:41:12,{}
848987,funnel_start,2024-04-11T21:39:34,"{""funnel_type"": ""fasting""}"
848987,profile_start,2024-04-11T21:39:40,{}
849002,experiment_exposure,2024-04-11T21:41:02,"{""experiment_name"": ""exp_8"", ""experiment_group"": ""control""}"
849002,funnel_start,2024-04-11T21:41:02,"{""funnel_type"": ""fasting""}"
849002,profile_start,2024-04-11T21:41:10,{}
849002,email_submit,2024-04-11T21:41:21,{}
849002,paywall_show,2024-04-11T21:50:27,{}
849150,funnel_start,2024-04-11T22:01:08,"{""funnel_type"": ""activity""}"
849466,funnel_start,2024-04-11T22:37:44,"{""funnel_type"": ""activity""}"
849695,funnel_start,2024-04-11T23:04:37,"{""funnel_type"": ""fasting""}"
849699,funnel_start,2024-04-11T23:04:57,"{""funnel_type"": ""activity""}"
849889,funnel_start,2024-04-11T23:29:05,"{""funnel_type"": ""fasting""}"
849889,profile_start,2024-04-11T23:29:13,{}
849889,email_submit,2024-04-11T23:29:38,{}
850509,funnel_start,2024-04-12T00:58:39,"{""funnel_type"": ""yoga""}"
850509,profile_start,2024-04-12T00:59:01,{}
850509,experiment_exposure,2024-04-12T01:08:33,"{""experiment_name"": ""exp_2"", ""experiment_group"": ""control""}"
850509,paywall_show,2024-04-12T01:08:33,{}
850660,funnel_start,2024-04-12T01:26:10,"{""funnel_type"": ""fasting""}"
850660,profile_start,2024-04-12T01:26:23,{}
850665,funnel_start,2024-04-12T01:27:02,"{""funnel_type"": ""activity""}"
850660,email_submit,2024-04-12T01:27:03,{}
850665,profile_start,2024-04-12T01:27:10,{}
850665,email_submit,2024-04-12T01:27:33,{}
850660,paywall_show,2024-04-12T01:36:49,{}
850660,payment_done,2024-04-12T01:37:55,{}
850660,experiment_exposure,2024-04-12T01:37:55,"{""experiment_name"": ""exp_6"", ""experiment_group"": ""test""}"
850665,paywall_show,2024-04-12T01:39:44,{}
850722,funnel_start,2024-04-12T01:40:37,"{""funnel_type"": ""fasting""}"
850722,profile_start,2024-04-12T01:40:46,{}
850722,email_submit,2024-04-12T01:41:02,{}
850722,paywall_show,2024-04-12T01:48:21,{}
851262,funnel_start,2024-04-12T03:36:35,"{""funnel_type"": ""fasting""}"
851262,profile_start,2024-04-12T03:36:42,{}
851269,funnel_start,2024-04-12T03:38:31,"{""funnel_type"": ""fasting""}"
851693,funnel_start,2024-04-12T05:37:08,"{""funnel_type"": ""fasting""}"
851693,profile_start,2024-04-12T05:37:29,{}
851693,email_submit,2024-04-12T05:37:45,{}
851693,paywall_show,2024-04-12T05:41:31,{}
851711,funnel_start,2024-04-12T05:42:05,"{""funnel_type"": ""fasting""}"
851711,experiment_exposure,2024-04-12T05:42:05,"{""experiment_name"": ""exp_8"", ""experiment_group"": ""control""}"
851711,profile_start,2024-04-12T05:42:21,{}
851711,email_submit,2024-04-12T05:42:56,{}
851711,paywall_show,2024-04-12T05:52:47,{}
851791,funnel_start,2024-04-12T06:08:26,"{""funnel_type"": ""yoga""}"
851791,profile_start,2024-04-12T06:08:36,{}
851791,paywall_show,2024-04-12T06:24:11,{}
852054,funnel_start,2024-04-12T07:09:09,"{""funnel_type"": ""activity""}"
852054,profile_start,2024-04-12T07:09:18,{}
852054,email_submit,2024-04-12T07:09:32,{}
852054,experiment_exposure,2024-04-12T07:21:38,"{""experiment_name"": ""exp_2"", ""experiment_group"": ""control""}"
852054,paywall_show,2024-04-12T07:21:38,{}
852296,funnel_start,2024-04-12T08:01:57,"{""funnel_type"": ""activity""}"
852340,funnel_start,2024-04-12T08:09:23,"{""funnel_type"": ""activity""}"
852340,experiment_exposure,2024-04-12T08:09:23,"{""experiment_name"": ""exp_8"", ""experiment_group"": ""control""}"
852340,profile_start,2024-04-12T08:09:29,{}
852340,email_submit,2024-04-12T08:09:47,{}
852340,paywall_show,2024-04-12T08:15:33,{}
852398,funnel_start,2024-04-12T08:20:59,"{""funnel_type"": ""fasting""}"
852398,profile_start,2024-04-12T08:21:09,{}
852398,email_submit,2024-04-12T08:21:27,{}
852398,paywall_show,2024-04-12T08:23:36,{}
852398,payment_done,2024-04-12T08:25:11,{}
852505,funnel_start,2024-04-12T08:42:34,"{""funnel_type"": ""fasting""}"
852651,funnel_start,2024-04-12T09:10:08,"{""funnel_type"": ""fasting""}"
852651,profile_start,2024-04-12T09:10:15,{}
852651,email_submit,2024-04-12T09:10:45,{}
852651,paywall_show,2024-04-12T09:20:03,{}
852863,funnel_start,2024-04-12T09:46:51,"{""funnel_type"": ""activity""}"
852974,funnel_start,2024-04-12T10:04:47,"{""funnel_type"": ""yoga""}"
852974,profile_start,2024-04-12T10:04:58,{}
853198,funnel_start,2024-04-12T10:46:47,"{""funnel_type"": ""fasting""}"
853426,funnel_start,2024-04-12T11:24:47,"{""funnel_type"": ""fasting""}"
853426,profile_start,2024-04-12T11:24:58,{}
853426,email_submit,2024-04-12T11:25:15,{}
853426,paywall_show,2024-04-12T11:33:55,{}
853545,funnel_start,2024-04-12T11:43:37,"{""funnel_type"": ""activity""}"
853587,funnel_start,2024-04-12T11:50:04,"{""funnel_type"": ""fasting""}"
853587,profile_start,2024-04-12T11:50:13,{}
853587,email_submit,2024-04-12T11:50:44,{}
853587,experiment_exposure,2024-04-12T12:01:20,"{""experiment_name"": ""exp_2"", ""experiment_group"": ""control""}"
853587,paywall_show,2024-04-12T12:01:20,{}
853784,funnel_start,2024-04-12T12:28:09,"{""funnel_type"": ""fasting""}"
853784,profile_start,2024-04-12T12:28:18,{}
853784,email_submit,2024-04-12T12:28:25,{}
853786,funnel_start,2024-04-12T12:28:38,"{""funnel_type"": ""activity""}"
853786,profile_start,2024-04-12T12:28:45,{}
853786,email_submit,2024-04-12T12:29:11,{}
853789,funnel_start,2024-04-12T12:29:13,"{""funnel_type"": ""fasting""}"
853784,paywall_show,2024-04-12T12:34:12,{}
853786,paywall_show,2024-04-12T12:41:17,{}
853850,funnel_start,2024-04-12T12:41:35,"{""funnel_type"": ""activity""}"
853850,profile_start,2024-04-12T12:41:41,{}
853850,email_submit,2024-04-12T12:42:02,{}
853850,paywall_show,2024-04-12T12:44:50,{}
854390,funnel_start,2024-04-12T14:16:04,"{""funnel_type"": ""activity""}"
854390,profile_start,2024-04-12T14:16:16,{}
854390,email_submit,2024-04-12T14:16:40,{}
854390,paywall_show,2024-04-12T14:20:09,{}
854458,funnel_start,2024-04-12T14:27:46,"{""funnel_type"": ""fasting""}"
854458,profile_start,2024-04-12T14:27:56,{}
854458,email_submit,2024-04-12T14:28:42,{}
854458,paywall_show,2024-04-12T14:39:21,{}
854861,funnel_start,2024-04-12T15:43:20,"{""funnel_type"": ""fasting""}"
854861,profile_start,2024-04-12T15:43:43,{}
854861,email_submit,2024-04-12T15:44:19,{}
854939,funnel_start,2024-04-12T15:57:00,"{""funnel_type"": ""fasting""}"
854939,profile_start,2024-04-12T15:57:13,{}
854939,email_submit,2024-04-12T15:57:51,{}
854939,paywall_show,2024-04-12T16:07:54,{}
854939,experiment_exposure,2024-04-12T16:07:54,"{""experiment_name"": ""exp_2"", ""experiment_group"": ""control""}"
855051,funnel_start,2024-04-12T16:16:11,"{""funnel_type"": ""activity""}"
855051,profile_start,2024-04-12T16:16:17,{}
855051,email_submit,2024-04-12T16:16:31,{}
855051,experiment_exposure,2024-04-12T16:22:25,"{""experiment_name"": ""exp_2"", ""experiment_group"": ""control""}"
855051,paywall_show,2024-04-12T16:22:25,{}
855214,funnel_start,2024-04-12T16:43:41,"{""funnel_type"": ""fasting""}"
855214,profile_start,2024-04-12T16:43:55,{}
855307,funnel_start,2024-04-12T16:58:40,"{""funnel_type"": ""fasting""}"
855307,profile_start,2024-04-12T16:58:47,{}
855307,email_submit,2024-04-12T16:59:14,{}
855485,funnel_start,2024-04-12T17:25:48,"{""funnel_type"": ""fasting""}"
855485,profile_start,2024-04-12T17:25:56,{}
855485,email_submit,2024-04-12T17:26:22,{}
855485,paywall_show,2024-04-12T17:37:23,{}
855549,funnel_start,2024-04-12T17:37:24,"{""funnel_type"": ""yoga""}"
855549,profile_start,2024-04-12T17:37:44,{}
855549,paywall_show,2024-04-12T17:43:29,{}
855771,funnel_start,2024-04-12T18:12:36,"{""funnel_type"": ""fasting""}"
856078,funnel_start,2024-04-12T19:00:14,"{""funnel_type"": ""fasting""}"
856078,profile_start,2024-04-12T19:00:22,{}
856078,email_submit,2024-04-12T19:00:33,{}
856078,paywall_show,2024-04-12T19:06:18,{}
856292,funnel_start,2024-04-12T19:32:46,"{""funnel_type"": ""fasting""}"
856292,profile_start,2024-04-12T19:32:58,{}
856292,email_submit,2024-04-12T19:33:25,{}
856492,funnel_start,2024-04-12T20:03:44,"{""funnel_type"": ""fasting""}"
856492,profile_start,2024-04-12T20:03:58,{}
856492,email_submit,2024-04-12T20:04:12,{}
856685,experiment_exposure,2024-04-12T20:31:57,"{""experiment_name"": ""exp_8"", ""experiment_group"": ""control""}"
856685,funnel_start,2024-04-12T20:31:57,"{""funnel_type"": ""yoga""}"
856685,profile_start,2024-04-12T20:32:09,{}
856828,funnel_start,2024-04-12T20:51:23,"{""funnel_type"": ""fasting""}"
856685,paywall_show,2024-04-12T20:51:33,{}
856828,profile_start,2024-04-12T20:51:40,{}
856828,email_submit,2024-04-12T20:51:58,{}
856685,payment_done,2024-04-12T20:53:34,{}
856685,email_submit,2024-04-12T20:54:03,{}
856828,paywall_show,2024-04-12T20:55:24,{}
857069,funnel_start,2024-04-12T21:18:50,"{""funnel_type"": ""fasting""}"
857069,profile_start,2024-04-12T21:19:04,{}
857348,funnel_start,2024-04-12T21:56:33,"{""funnel_type"": ""activity""}"
857348,experiment_exposure,2024-04-12T21:56:33,"{""experiment_name"": ""exp_8"", ""experiment_group"": ""test""}"
857348,profile_start,2024-04-12T21:56:39,{}
857348,email_submit,2024-04-12T21:57:08,{}
857578,funnel_start,2024-04-12T22:23:53,"{""funnel_type"": ""fasting""}"
857578,profile_start,2024-04-12T22:24:02,{}
857578,email_submit,2024-04-12T22:24:34,{}
857578,paywall_show,2024-04-12T22:33:52,{}
857705,funnel_start,2024-04-12T22:37:08,"{""funnel_type"": ""activity""}"
857705,profile_start,2024-04-12T22:37:19,{}
857705,email_submit,2024-04-12T22:37:36,{}
857705,paywall_show,2024-04-12T22:50:58,{}
857705,experiment_exposure,2024-04-12T22:50:58,"{""experiment_name"": ""exp_2"", ""experiment_group"": ""control""}"
857842,funnel_start,2024-04-12T22:54:22,"{""funnel_type"": ""activity""}"
857852,funnel_start,2024-04-12T22:55:27,"{""funnel_type"": ""activity""}"
857852,profile_start,2024-04-12T22:55:34,{}
857926,funnel_start,2024-04-12T23:04:08,"{""funnel_type"": ""fasting""}"
858182,funnel_start,2024-04-12T23:35:38,"{""funnel_type"": ""fasting""}"
858182,experiment_exposure,2024-04-12T23:35:38,"{""experiment_name"": ""exp_8"", ""experiment_group"": ""control""}"
858182,profile_start,2024-04-12T23:35:52,{}
858182,email_submit,2024-04-12T23:36:08,{}
858256,funnel_start,2024-04-12T23:45:01,"{""funnel_type"": ""activity""}"
858256,profile_start,2024-04-12T23:45:06,{}
858256,email_submit,2024-04-12T23:45:20,{}
858182,paywall_show,2024-04-12T23:46:27,{}
858256,paywall_show,2024-04-12T23:53:10,{}
858256,experiment_exposure,2024-04-12T23:53:10,"{""experiment_name"": ""exp_2"", ""experiment_group"": ""control""}"
858353,funnel_start,2024-04-12T23:55:56,"{""funnel_type"": ""yoga""}"
858353,profile_start,2024-04-12T23:56:07,{}
858353,paywall_show,2024-04-13T00:02:20,{}
858501,funnel_start,2024-04-13T00:17:29,"{""funnel_type"": ""fasting""}"
858501,profile_start,2024-04-13T00:17:39,{}
858501,email_submit,2024-04-13T00:17:54,{}
858501,paywall_show,2024-04-13T00:36:38,{}
858787,funnel_start,2024-04-13T01:05:00,"{""funnel_type"": ""activity""}"
858787,profile_start,2024-04-13T01:05:08,{}
858787,email_submit,2024-04-13T01:05:20,{}
858828,funnel_start,2024-04-13T01:10:41,"{""funnel_type"": ""fasting""}"
858828,profile_start,2024-04-13T01:10:50,{}
858828,email_submit,2024-04-13T01:11:11,{}
858787,paywall_show,2024-04-13T01:13:02,{}
858787,experiment_exposure,2024-04-13T01:13:02,"{""experiment_name"": ""exp_2"", ""experiment_group"": ""test""}"
858828,experiment_exposure,2024-04-13T01:18:17,"{""experiment_name"": ""exp_2"", ""experiment_group"": ""test""}"
858828,paywall_show,2024-04-13T01:18:17,{}
858884,funnel_start,2024-04-13T01:21:38,"{""funnel_type"": ""fasting""}"
858884,profile_start,2024-04-13T01:21:45,{}
858884,email_submit,2024-04-13T01:22:01,{}
858884,paywall_show,2024-04-13T01:39:16,{}
859120,funnel_start,2024-04-13T02:02:25,"{""funnel_type"": ""activity""}"
859353,funnel_start,2024-04-13T02:52:52,"{""funnel_type"": ""fasting""}"
859353,profile_start,2024-04-13T02:53:15,{}
859353,email_submit,2024-04-13T02:53:49,{}
859498,funnel_start,2024-04-13T03:26:38,"{""funnel_type"": ""fasting""}"
859498,profile_start,2024-04-13T03:26:45,{}
859498,email_submit,2024-04-13T03:27:13,{}
859498,experiment_exposure,2024-04-13T03:32:31,"{""experiment_name"": ""exp_2"", ""experiment_group"": ""test""}"
859498,paywall_show,2024-04-13T03:32:31,{}
859498,payment_done,2024-04-13T03:34:05,{}
859618,funnel_start,2024-04-13T03:57:55,"{""funnel_type"": ""fasting""}"
859618,profile_start,2024-04-13T03:58:00,{}
859618,email_submit,2024-04-13T03:58:09,{}
859618,paywall_show,2024-04-13T04:13:59,{}
859743,funnel_start,2024-04-13T04:33:52,"{""funnel_type"": ""fasting""}"
859743,profile_start,2024-04-13T04:34:03,{}
859743,email_submit,2024-04-13T04:35:28,{}
859743,paywall_show,2024-04-13T04:41:55,{}
859743,payment_done,2024-04-13T04:44:27,{}
859842,experiment_exposure,2024-04-13T05:03:09,"{""experiment_name"": ""exp_8"", ""experiment_group"": ""control""}"
859842,funnel_start,2024-04-13T05:03:09,"{""funnel_type"": ""fasting""}"
859842,profile_start,2024-04-13T05:03:16,{}
859842,email_submit,2024-04-13T05:03:36,{}
859842,paywall_show,2024-04-13T05:19:37,{}
859907,funnel_start,2024-04-13T05:23:33,"{""funnel_type"": ""fasting""}"
859907,profile_start,2024-04-13T05:23:45,{}
860002,funnel_start,2024-04-13T05:54:51,"{""funnel_type"": ""fasting""}"
860002,profile_start,2024-04-13T05:54:58,{}
860002,email_submit,2024-04-13T05:55:14,{}
860002,experiment_exposure,2024-04-13T05:58:07,"{""experiment_name"": ""exp_2"", ""experiment_group"": ""test""}"
860002,paywall_show,2024-04-13T05:58:07,{}
860371,funnel_start,2024-04-13T07:28:33,"{""funnel_type"": ""activity""}"
860371,profile_start,2024-04-13T07:28:40,{}
860508,funnel_start,2024-04-13T07:54:30,"{""funnel_type"": ""fasting""}"
860508,profile_start,2024-04-13T07:54:35,{}
860508,email_submit,2024-04-13T07:55:02,{}
860508,experiment_exposure,2024-04-13T08:04:45,"{""experiment_name"": ""exp_2"", ""experiment_group"": ""test""}"
860508,paywall_show,2024-04-13T08:04:45,{}
860776,funnel_start,2024-04-13T08:44:30,"{""funnel_type"": ""fasting""}"
860776,profile_start,2024-04-13T08:44:44,{}
860776,email_submit,2024-04-13T08:45:19,{}
860945,funnel_start,2024-04-13T09:17:50,"{""funnel_type"": ""fasting""}"
860945,profile_start,2024-04-13T09:18:01,{}
861041,funnel_start,2024-04-13T09:33:14,"{""funnel_type"": ""yoga""}"
861041,profile_start,2024-04-13T09:33:28,{}
861041,paywall_show,2024-04-13T09:44:10,{}
861310,funnel_start,2024-04-13T10:16:39,"{""funnel_type"": ""fasting""}"
861310,profile_start,2024-04-13T10:16:46,{}
861310,email_submit,2024-04-13T10:17:12,{}
861310,paywall_show,2024-04-13T10:22:37,{}
861310,experiment_exposure,2024-04-13T10:22:37,"{""experiment_name"": ""exp_2"", ""experiment_group"": ""control""}"
861495,funnel_start,2024-04-13T10:50:16,"{""funnel_type"": ""fasting""}"
861495,profile_start,2024-04-13T10:50:25,{}
861495,email_submit,2024-04-13T10:50:39,{}
861635,funnel_start,2024-04-13T11:14:21,"{""funnel_type"": ""fasting""}"
861635,experiment_exposure,2024-04-13T11:14:21,"{""experiment_name"": ""exp_8"", ""experiment_group"": ""control""}"
861635,profile_start,2024-04-13T11:14:34,{}
861635,email_submit,2024-04-13T11:15:11,{}
861495,paywall_show,2024-04-13T11:18:52,{}
861994,funnel_start,2024-04-13T12:08:06,"{""funnel_type"": ""fasting""}"
861994,profile_start,2024-04-13T12:08:13,{}
861994,email_submit,2024-04-13T12:08:56,{}
861994,paywall_show,2024-04-13T12:26:57,{}
861994,experiment_exposure,2024-04-13T12:26:57,"{""experiment_name"": ""exp_2"", ""experiment_group"": ""test""}"
862319,funnel_start,2024-04-13T13:02:20,"{""funnel_type"": ""activity""}"
862319,profile_start,2024-04-13T13:02:31,{}
862319,email_submit,2024-04-13T13:02:49,{}
862319,paywall_show,2024-04-13T13:12:26,{}
862319,experiment_exposure,2024-04-13T13:12:26,"{""experiment_name"": ""exp_2"", ""experiment_group"": ""control""}"
862459,funnel_start,2024-04-13T13:28:14,"{""funnel_type"": ""yoga""}"
862459,profile_start,2024-04-13T13:28:46,{}
863388,funnel_start,2024-04-13T16:10:28,"{""funnel_type"": ""fasting""}"
863784,funnel_start,2024-04-13T17:17:08,"{""funnel_type"": ""yoga""}"
863784,profile_start,2024-04-13T17:17:18,{}
863831,funnel_start,2024-04-13T17:24:58,"{""funnel_type"": ""fasting""}"
863784,paywall_show,2024-04-13T17:26:49,{}
864190,funnel_start,2024-04-13T18:20:03,"{""funnel_type"": ""fasting""}"
864190,profile_start,2024-04-13T18:20:12,{}
864190,email_submit,2024-04-13T18:20:36,{}
864190,paywall_show,2024-04-13T18:24:57,{}
864371,funnel_start,2024-04-13T18:47:24,"{""funnel_type"": ""activity""}"
864371,profile_start,2024-04-13T18:47:29,{}
864372,funnel_start,2024-04-13T18:47:52,"{""funnel_type"": ""fasting""}"
864371,email_submit,2024-04-13T18:48:10,{}
864411,funnel_start,2024-04-13T18:52:45,"{""funnel_type"": ""fasting""}"
864411,profile_start,2024-04-13T18:52:51,{}
864411,email_submit,2024-04-13T18:53:17,{}
864371,paywall_show,2024-04-13T18:55:13,{}
864741,funnel_start,2024-04-13T19:41:21,"{""funnel_type"": ""fasting""}"
864741,profile_start,2024-04-13T19:41:45,{}
864741,email_submit,2024-04-13T19:42:10,{}
864764,funnel_start,2024-04-13T19:44:27,"{""funnel_type"": ""fasting""}"
864764,profile_start,2024-04-13T19:44:35,{}
864741,paywall_show,2024-04-13T19:44:50,{}
864764,email_submit,2024-04-13T19:45:07,{}
864764,paywall_show,2024-04-13T19:54:16,{}
865140,funnel_start,2024-04-13T20:37:43,"{""funnel_type"": ""fasting""}"
865140,profile_start,2024-04-13T20:37:57,{}
865140,email_submit,2024-04-13T20:38:09,{}
865181,funnel_start,2024-04-13T20:43:08,"{""funnel_type"": ""activity""}"
865181,profile_start,2024-04-13T20:43:18,{}
865181,email_submit,2024-04-13T20:43:39,{}
865181,paywall_show,2024-04-13T20:49:15,{}
865140,paywall_show,2024-04-13T20:53:01,{}
865260,funnel_start,2024-04-13T20:54:03,"{""funnel_type"": ""fasting""}"
865140,payment_done,2024-04-13T20:54:34,{}
865359,funnel_start,2024-04-13T21:06:50,"{""funnel_type"": ""fasting""}"
865359,profile_start,2024-04-13T21:06:59,{}
865359,email_submit,2024-04-13T21:07:12,{}
865359,paywall_show,2024-04-13T21:16:29,{}
865359,experiment_exposure,2024-04-13T21:16:29,"{""experiment_name"": ""exp_2"", ""experiment_group"": ""control""}"
865821,funnel_start,2024-04-13T22:03:54,"{""funnel_type"": ""activity""}"
865901,funnel_start,2024-04-13T22:14:10,"{""funnel_type"": ""fasting""}"
865901,profile_start,2024-04-13T22:14:19,{}
865901,email_submit,2024-04-13T22:14:54,{}
865946,funnel_start,2024-04-13T22:19:27,"{""funnel_type"": ""fasting""}"
865946,profile_start,2024-04-13T22:19:40,{}
865946,email_submit,2024-04-13T22:20:03,{}
866791,funnel_start,2024-04-14T00:05:57,"{""funnel_type"": ""fasting""}"
866791,profile_start,2024-04-14T00:06:09,{}
866791,email_submit,2024-04-14T00:06:22,{}
866791,paywall_show,2024-04-14T00:10:09,{}
867118,experiment_exposure,2024-04-14T00:59:02,"{""experiment_name"": ""exp_8"", ""experiment_group"": ""test""}"
867118,funnel_start,2024-04-14T00:59:02,"{""funnel_type"": ""fasting""}"
867680,funnel_start,2024-04-14T02:44:36,"{""funnel_type"": ""activity""}"
867680,profile_start,2024-04-14T02:44:40,{}
867680,email_submit,2024-04-14T02:44:54,{}
868012,funnel_start,2024-04-14T04:04:02,"{""funnel_type"": ""activity""}"
868012,profile_start,2024-04-14T04:04:14,{}
868012,email_submit,2024-04-14T04:05:07,{}
868012,paywall_show,2024-04-14T04:09:29,{}
868206,funnel_start,2024-04-14T05:00:27,"{""funnel_type"": ""yoga""}"
868206,profile_start,2024-04-14T05:00:51,{}
868206,paywall_show,2024-04-14T05:10:21,{}
868325,funnel_start,2024-04-14T05:29:10,"{""funnel_type"": ""fasting""}"
868325,profile_start,2024-04-14T05:29:14,{}
868697,funnel_start,2024-04-14T07:05:07,"{""funnel_type"": ""fasting""}"
868951,funnel_start,2024-04-14T07:54:44,"{""funnel_type"": ""activity""}"
869188,funnel_start,2024-04-14T08:38:22,"{""funnel_type"": ""fasting""}"
869188,profile_start,2024-04-14T08:38:29,{}
869188,email_submit,2024-04-14T08:39:03,{}
869217,funnel_start,2024-04-14T08:44:58,"{""funnel_type"": ""fasting""}"
869217,profile_start,2024-04-14T08:45:06,{}
869217,email_submit,2024-04-14T08:45:22,{}
869188,paywall_show,2024-04-14T08:47:17,{}
869291,funnel_start,2024-04-14T09:00:07,"{""funnel_type"": ""fasting""}"
869291,profile_start,2024-04-14T09:00:38,{}
869291,email_submit,2024-04-14T09:01:07,{}
869291,paywall_show,2024-04-14T09:05:54,{}
869632,funnel_start,2024-04-14T10:05:17,"{""funnel_type"": ""fasting""}"
869632,profile_start,2024-04-14T10:05:28,{}
869632,email_submit,2024-04-14T10:06:08,{}
869632,paywall_show,2024-04-14T10:11:53,{}
870289,funnel_start,2024-04-14T11:59:29,"{""funnel_type"": ""activity""}"
870386,funnel_start,2024-04-14T12:15:28,"{""funnel_type"": ""fasting""}"
870386,profile_start,2024-04-14T12:15:34,{}
870386,email_submit,2024-04-14T12:15:46,{}
870470,funnel_start,2024-04-14T12:33:42,"{""funnel_type"": ""activity""}"
870470,profile_start,2024-04-14T12:33:48,{}
870470,email_submit,2024-04-14T12:34:18,{}
870470,paywall_show,2024-04-14T12:40:34,{}
871293,funnel_start,2024-04-14T15:00:43,"{""funnel_type"": ""activity""}"
871293,profile_start,2024-04-14T15:00:49,{}
871293,email_submit,2024-04-14T15:01:16,{}
871293,paywall_show,2024-04-14T15:09:01,{}
871293,experiment_exposure,2024-04-14T15:09:01,"{""experiment_name"": ""exp_2"", ""experiment_group"": ""control""}"
871397,funnel_start,2024-04-14T15:20:07,"{""funnel_type"": ""yoga""}"
871397,profile_start,2024-04-14T15:20:19,{}
871397,paywall_show,2024-04-14T15:32:12,{}
871465,funnel_start,2024-04-14T15:33:10,"{""funnel_type"": ""activity""}"
871579,funnel_start,2024-04-14T15:52:34,"{""funnel_type"": ""yoga""}"
871579,profile_start,2024-04-14T15:53:10,{}
871579,paywall_show,2024-04-14T16:02:40,{}
871579,experiment_exposure,2024-04-14T16:02:40,"{""experiment_name"": ""exp_2"", ""experiment_group"": ""test""}"
871696,funnel_start,2024-04-14T16:09:38,"{""funnel_type"": ""activity""}"
871696,profile_start,2024-04-14T16:09:54,{}
871696,email_submit,2024-04-14T16:10:14,{}
871696,paywall_show,2024-04-14T16:14:02,{}
871823,funnel_start,2024-04-14T16:28:06,"{""funnel_type"": ""activity""}"
871823,profile_start,2024-04-14T16:28:10,{}
871823,email_submit,2024-04-14T16:28:18,{}
871823,paywall_show,2024-04-14T16:38:46,{}
872324,funnel_start,2024-04-14T17:51:18,"{""funnel_type"": ""fasting""}"
872419,funnel_start,2024-04-14T18:07:06,"{""funnel_type"": ""activity""}"
872559,funnel_start,2024-04-14T18:29:29,"{""funnel_type"": ""activity""}"
872559,profile_start,2024-04-14T18:29:34,{}
872559,email_submit,2024-04-14T18:29:49,{}
872614,funnel_start,2024-04-14T18:38:12,"{""funnel_type"": ""fasting""}"
872959,funnel_start,2024-04-14T19:32:02,"{""funnel_type"": ""fasting""}"
873209,funnel_start,2024-04-14T20:09:32,"{""funnel_type"": ""activity""}"
873209,profile_start,2024-04-14T20:09:44,{}
873209,email_submit,2024-04-14T20:10:13,{}
873209,paywall_show,2024-04-14T20:22:02,{}
873504,funnel_start,2024-04-14T20:52:59,"{""funnel_type"": ""activity""}"
873504,profile_start,2024-04-14T20:53:07,{}
873504,email_submit,2024-04-14T20:53:47,{}
873542,funnel_start,2024-04-14T20:58:09,"{""funnel_type"": ""fasting""}"
873542,profile_start,2024-04-14T20:58:28,{}
873542,email_submit,2024-04-14T20:58:41,{}
873504,paywall_show,2024-04-14T20:58:50,{}
873504,experiment_exposure,2024-04-14T20:58:50,"{""experiment_name"": ""exp_2"", ""experiment_group"": ""test""}"
873542,paywall_show,2024-04-14T21:03:39,{}
873542,experiment_exposure,2024-04-14T21:03:39,"{""experiment_name"": ""exp_2"", ""experiment_group"": ""control""}"
873588,funnel_start,2024-04-14T21:05:25,"{""funnel_type"": ""fasting""}"
873588,profile_start,2024-04-14T21:05:38,{}
873588,email_submit,2024-04-14T21:06:07,{}
873633,funnel_start,2024-04-14T21:09:41,"{""funnel_type"": ""activity""}"
873633,profile_start,2024-04-14T21:09:48,{}
873633,email_submit,2024-04-14T21:10:12,{}
873588,paywall_show,2024-04-14T21:14:32,{}
873768,funnel_start,2024-04-14T21:28:24,"{""funnel_type"": ""fasting""}"
873768,profile_start,2024-04-14T21:28:36,{}
873768,email_submit,2024-04-14T21:29:17,{}
873768,paywall_show,2024-04-14T21:37:50,{}
873859,funnel_start,2024-04-14T21:38:26,"{""funnel_type"": ""fasting""}"
873859,profile_start,2024-04-14T21:38:46,{}
873768,payment_done,2024-04-14T21:39:18,{}
874662,funnel_start,2024-04-14T23:10:08,"{""funnel_type"": ""fasting""}"
874662,profile_start,2024-04-14T23:10:19,{}
874662,email_submit,2024-04-14T23:10:36,{}
874662,paywall_show,2024-04-14T23:26:43,{}
874941,funnel_start,2024-04-14T23:46:57,"{""funnel_type"": ""fasting""}"
874956,funnel_start,2024-04-14T23:50:08,"{""funnel_type"": ""fasting""}"
874956,profile_start,2024-04-14T23:50:12,{}
874956,email_submit,2024-04-14T23:50:25,{}
875034,funnel_start,2024-04-14T23:59:23,"{""funnel_type"": ""yoga""}"
875034,profile_start,2024-04-14T23:59:32,{}
875034,paywall_show,2024-04-15T00:12:20,{}
875143,funnel_start,2024-04-15T00:15:08,"{""funnel_type"": ""fasting""}"
875277,experiment_exposure,2024-04-15T00:35:09,"{""experiment_name"": ""exp_8"", ""experiment_group"": ""control""}"
875277,funnel_start,2024-04-15T00:35:09,"{""funnel_type"": ""fasting""}"
875396,funnel_start,2024-04-15T00:53:28,"{""funnel_type"": ""yoga""}"
875396,profile_start,2024-04-15T00:53:45,{}
875430,funnel_start,2024-04-15T00:57:28,"{""funnel_type"": ""yoga""}"
875396,paywall_show,2024-04-15T01:39:58,{}
875396,experiment_exposure,2024-04-15T01:39:58,"{""experiment_name"": ""exp_2"", ""experiment_group"": ""test""}"
875799,funnel_start,2024-04-15T01:58:47,"{""funnel_type"": ""activity""}"
875799,profile_start,2024-04-15T01:58:53,{}
875799,email_submit,2024-04-15T01:59:08,{}
875933,funnel_start,2024-04-15T02:27:38,"{""funnel_type"": ""fasting""}"
875933,profile_start,2024-04-15T02:27:49,{}
875933,email_submit,2024-04-15T02:28:07,{}
876086,funnel_start,2024-04-15T03:01:35,"{""funnel_type"": ""fasting""}"
876086,profile_start,2024-04-15T03:01:41,{}
876086,email_submit,2024-04-15T03:01:50,{}
876144,funnel_start,2024-04-15T03:14:42,"{""funnel_type"": ""fasting""}"
876144,profile_start,2024-04-15T03:14:47,{}
876144,email_submit,2024-04-15T03:15:00,{}
876086,paywall_show,2024-04-15T03:15:00,{}
876144,paywall_show,2024-04-15T03:29:48,{}
876375,funnel_start,2024-04-15T04:11:39,"{""funnel_type"": ""fasting""}"
876375,profile_start,2024-04-15T04:11:55,{}
876375,email_submit,2024-04-15T04:12:21,{}
876375,paywall_show,2024-04-15T04:18:08,{}
876437,funnel_start,2024-04-15T04:32:48,"{""funnel_type"": ""fasting""}"
876437,profile_start,2024-04-15T04:33:02,{}
876437,email_submit,2024-04-15T04:33:14,{}
876437,paywall_show,2024-04-15T04:36:12,{}
876437,experiment_exposure,2024-04-15T04:36:12,"{""experiment_name"": ""exp_2"", ""experiment_group"": ""control""}"
876582,funnel_start,2024-04-15T05:12:58,"{""funnel_type"": ""fasting""}"
877037,funnel_start,2024-04-15T07:08:29,"{""funnel_type"": ""fasting""}"
877037,profile_start,2024-04-15T07:08:45,{}
877037,email_submit,2024-04-15T07:09:00,{}
877247,funnel_start,2024-04-15T07:52:11,"{""funnel_type"": ""fasting""}"
877247,profile_start,2024-04-15T07:52:28,{}
877313,funnel_start,2024-04-15T08:06:46,"{""funnel_type"": ""activity""}"
877313,profile_start,2024-04-15T08:06:52,{}
877313,email_submit,2024-04-15T08:08:06,{}
877530,funnel_start,2024-04-15T08:47:12,"{""funnel_type"": ""fasting""}"
877530,profile_start,2024-04-15T08:47:26,{}
877655,funnel_start,2024-04-15T09:10:03,"{""funnel_type"": ""activity""}"
877655,profile_start,2024-04-15T09:10:07,{}
877655,email_submit,2024-04-15T09:10:19,{}
877710,funnel_start,2024-04-15T09:18:32,"{""funnel_type"": ""fasting""}"
877710,profile_start,2024-04-15T09:18:48,{}
877710,email_submit,2024-04-15T09:19:15,{}
877655,paywall_show,2024-04-15T09:23:27,{}
877837,funnel_start,2024-04-15T09:39:39,"{""funnel_type"": ""activity""}"
877837,profile_start,2024-04-15T09:39:50,{}
877837,email_submit,2024-04-15T09:40:12,{}
877710,paywall_show,2024-04-15T09:42:11,{}
877837,paywall_show,2024-04-15T09:50:38,{}
877837,experiment_exposure,2024-04-15T09:50:38,"{""experiment_name"": ""exp_2"", ""experiment_group"": ""test""}"
878007,funnel_start,2024-04-15T10:06:37,"{""funnel_type"": ""activity""}"
878443,funnel_start,2024-04-15T11:18:41,"{""funnel_type"": ""fasting""}"
878443,profile_start,2024-04-15T11:18:48,{}
878443,email_submit,2024-04-15T11:19:15,{}
878460,funnel_start,2024-04-15T11:22:04,"{""funnel_type"": ""fasting""}"
878460,profile_start,2024-04-15T11:22:12,{}
878460,email_submit,2024-04-15T11:22:23,{}
878443,paywall_show,2024-04-15T11:22:30,{}
878460,paywall_show,2024-04-15T11:28:05,{}
878555,funnel_start,2024-04-15T11:38:31,"{""funnel_type"": ""fasting""}"
878601,funnel_start,2024-04-15T11:46:38,"{""funnel_type"": ""activity""}"
878601,profile_start,2024-04-15T11:46:43,{}
878601,email_submit,2024-04-15T11:46:51,{}
878601,paywall_show,2024-04-15T11:53:25,{}
878807,funnel_start,2024-04-15T12:23:04,"{""funnel_type"": ""fasting""}"
878807,profile_start,2024-04-15T12:23:10,{}
878807,email_submit,2024-04-15T12:23:37,{}
878856,funnel_start,2024-04-15T12:32:24,"{""funnel_type"": ""activity""}"
878856,profile_start,2024-04-15T12:32:30,{}
878856,email_submit,2024-04-15T12:32:41,{}
878807,paywall_show,2024-04-15T12:40:58,{}
878856,paywall_show,2024-04-15T12:42:12,{}
878902,funnel_start,2024-04-15T12:42:16,"{""funnel_type"": ""activity""}"
878902,profile_start,2024-04-15T12:42:24,{}
878902,email_submit,2024-04-15T12:42:42,{}
878927,funnel_start,2024-04-15T12:46:26,"{""funnel_type"": ""fasting""}"
878927,profile_start,2024-04-15T12:46:35,{}
878927,email_submit,2024-04-15T12:47:05,{}
878902,paywall_show,2024-04-15T12:50:58,{}
878973,funnel_start,2024-04-15T12:59:14,"{""funnel_type"": ""activity""}"
878973,profile_start,2024-04-15T12:59:22,{}
878973,email_submit,2024-04-15T13:00:08,{}
879039,funnel_start,2024-04-15T13:10:08,"{""funnel_type"": ""fasting""}"
878973,paywall_show,2024-04-15T13:10:11,{}
879039,profile_start,2024-04-15T13:10:14,{}
879039,email_submit,2024-04-15T13:10:43,{}
879039,paywall_show,2024-04-15T13:21:46,{}
879165,funnel_start,2024-04-15T13:33:00,"{""funnel_type"": ""activity""}"
879165,profile_start,2024-04-15T13:33:05,{}
879165,email_submit,2024-04-15T13:33:27,{}
879165,experiment_exposure,2024-04-15T13:39:34,"{""experiment_name"": ""exp_2"", ""experiment_group"": ""test""}"
879165,paywall_show,2024-04-15T13:39:34,{}
880164,funnel_start,2024-04-15T16:23:02,"{""funnel_type"": ""fasting""}"
880500,funnel_start,2024-04-15T17:18:45,"{""funnel_type"": ""activity""}"
880549,funnel_start,2024-04-15T17:24:48,"{""funnel_type"": ""activity""}"
880549,profile_start,2024-04-15T17:24:57,{}
880549,email_submit,2024-04-15T17:25:15,{}
880556,funnel_start,2024-04-15T17:25:51,"{""funnel_type"": ""fasting""}"
880776,experiment_exposure,2024-04-15T18:00:25,"{""experiment_name"": ""exp_8"", ""experiment_group"": ""test""}"
880776,funnel_start,2024-04-15T18:00:25,"{""funnel_type"": ""fasting""}"
880776,profile_start,2024-04-15T18:00:42,{}
880776,email_submit,2024-04-15T18:01:08,{}
880787,funnel_start,2024-04-15T18:02:15,"{""funnel_type"": ""fasting""}"
880787,profile_start,2024-04-15T18:02:19,{}
880787,email_submit,2024-04-15T18:03:11,{}
880776,paywall_show,2024-04-15T18:08:16,{}
880864,funnel_start,2024-04-15T18:13:02,"{""funnel_type"": ""fasting""}"
880864,profile_start,2024-04-15T18:13:08,{}
880864,email_submit,2024-04-15T18:13:45,{}
881162,funnel_start,2024-04-15T18:59:39,"{""funnel_type"": ""fasting""}"
881162,profile_start,2024-04-15T18:59:44,{}
881162,email_submit,2024-04-15T18:59:59,{}
881162,paywall_show,2024-04-15T19:09:20,{}
881261,funnel_start,2024-04-15T19:16:23,"{""funnel_type"": ""yoga""}"
881261,profile_start,2024-04-15T19:16:34,{}
881261,paywall_show,2024-04-15T19:22:01,{}
881794,funnel_start,2024-04-15T20:34:24,"{""funnel_type"": ""yoga""}"
882362,funnel_start,2024-04-15T21:48:35,"{""funnel_type"": ""fasting""}"
882362,experiment_exposure,2024-04-15T21:48:35,"{""experiment_name"": ""exp_8"", ""experiment_group"": ""test""}"
882362,profile_start,2024-04-15T21:48:44,{}
882362,email_submit,2024-04-15T21:48:57,{}
882362,paywall_show,2024-04-15T21:58:25,{}
882681,funnel_start,2024-04-15T22:27:50,"{""funnel_type"": ""fasting""}"
882681,profile_start,2024-04-15T22:27:57,{}
882681,email_submit,2024-04-15T22:28:23,{}
882681,paywall_show,2024-04-15T22:33:17,{}
882681,payment_done,2024-04-15T22:35:44,{}
882681,experiment_exposure,2024-04-15T22:35:44,"{""experiment_name"": ""exp_6"", ""experiment_group"": ""control""}"
883019,funnel_start,2024-04-15T23:03:43,"{""funnel_type"": ""yoga""}"
883019,profile_start,2024-04-15T23:03:55,{}
883019,experiment_exposure,2024-04-15T23:15:41,"{""experiment_name"": ""exp_2"", ""experiment_group"": ""test""}"
883019,paywall_show,2024-04-15T23:15:41,{}
883200,funnel_start,2024-04-15T23:27:01,"{""funnel_type"": ""activity""}"
883249,funnel_start,2024-04-15T23:34:47,"{""funnel_type"": ""fasting""}"
883249,profile_start,2024-04-15T23:35:11,{}
883249,email_submit,2024-04-15T23:35:49,{}
883265,funnel_start,2024-04-15T23:36:44,"{""funnel_type"": ""activity""}"
883249,paywall_show,2024-04-15T23:42:21,{}
884148,funnel_start,2024-04-16T01:52:56,"{""funnel_type"": ""fasting""}"
884148,profile_start,2024-04-16T01:53:04,{}
884148,email_submit,2024-04-16T01:53:31,{}
884338,funnel_start,2024-04-16T02:30:58,"{""funnel_type"": ""activity""}"
884338,profile_start,2024-04-16T02:31:05,{}
884424,funnel_start,2024-04-16T02:48:33,"{""funnel_type"": ""fasting""}"
884424,profile_start,2024-04-16T02:48:38,{}
884424,email_submit,2024-04-16T02:48:55,{}
884590,funnel_start,2024-04-16T03:30:08,"{""funnel_type"": ""fasting""}"
884685,funnel_start,2024-04-16T03:55:37,"{""funnel_type"": ""fasting""}"
884685,profile_start,2024-04-16T03:55:48,{}
884685,email_submit,2024-04-16T03:56:17,{}
885300,funnel_start,2024-04-16T06:48:16,"{""funnel_type"": ""fasting""}"
885300,profile_start,2024-04-16T06:48:24,{}
885300,email_submit,2024-04-16T06:48:40,{}
885300,experiment_exposure,2024-04-16T06:55:32,"{""experiment_name"": ""exp_2"", ""experiment_group"": ""control""}"
885300,paywall_show,2024-04-16T06:55:32,{}
885300,payment_done,2024-04-16T07:00:31,{}
885522,funnel_start,2024-04-16T07:40:58,"{""funnel_type"": ""activity""}"
885522,profile_start,2024-04-16T07:41:04,{}
885522,email_submit,2024-04-16T07:41:26,{}
885767,funnel_start,2024-04-16T08:26:03,"{""funnel_type"": ""yoga""}"
885767,profile_start,2024-04-16T08:26:13,{}
885767,paywall_show,2024-04-16T08:32:28,{}
885804,funnel_start,2024-04-16T08:33:08,"{""funnel_type"": ""activity""}"
885804,profile_start,2024-04-16T08:33:17,{}
885937,funnel_start,2024-04-16T08:57:12,"{""funnel_type"": ""activity""}"
885937,experiment_exposure,2024-04-16T08:57:12,"{""experiment_name"": ""exp_8"", ""experiment_group"": ""test""}"
885999,funnel_start,2024-04-16T09:08:38,"{""funnel_type"": ""activity""}"
885999,profile_start,2024-04-16T09:08:44,{}
885999,email_submit,2024-04-16T09:09:28,{}
886860,funnel_start,2024-04-16T11:37:27,"{""funnel_type"": ""activity""}"
886872,funnel_start,2024-04-16T11:39:52,"{""funnel_type"": ""activity""}"
886872,profile_start,2024-04-16T11:39:57,{}
886872,email_submit,2024-04-16T11:40:19,{}
886916,funnel_start,2024-04-16T11:46:24,"{""funnel_type"": ""activity""}"
886916,profile_start,2024-04-16T11:46:31,{}
886916,email_submit,2024-04-16T11:46:51,{}
886932,funnel_start,2024-04-16T11:49:06,"{""funnel_type"": ""fasting""}"
886932,profile_start,2024-04-16T11:49:26,{}
886932,email_submit,2024-04-16T11:49:48,{}
886916,paywall_show,2024-04-16T11:54:18,{}
887064,funnel_start,2024-04-16T12:10:10,"{""funnel_type"": ""fasting""}"
887064,profile_start,2024-04-16T12:10:19,{}
887064,email_submit,2024-04-16T12:10:44,{}
887064,paywall_show,2024-04-16T12:18:36,{}
887125,funnel_start,2024-04-16T12:22:26,"{""funnel_type"": ""activity""}"
887154,funnel_start,2024-04-16T12:27:00,"{""funnel_type"": ""fasting""}"
887154,profile_start,2024-04-16T12:27:05,{}
887311,funnel_start,2024-04-16T12:55:35,"{""funnel_type"": ""fasting""}"
887311,profile_start,2024-04-16T12:55:40,{}
887311,email_submit,2024-04-16T12:56:23,{}
888211,funnel_start,2024-04-16T15:39:22,"{""funnel_type"": ""fasting""}"
888211,profile_start,2024-04-16T15:39:32,{}
888211,email_submit,2024-04-16T15:40:06,{}
888211,paywall_show,2024-04-16T15:45:41,{}
888610,funnel_start,2024-04-16T16:43:43,"{""funnel_type"": ""activity""}"
888610,experiment_exposure,2024-04-16T16:43:43,"{""experiment_name"": ""exp_8"", ""experiment_group"": ""control""}"
888610,profile_start,2024-04-16T16:43:53,{}
888610,email_submit,2024-04-16T16:44:26,{}
888610,paywall_show,2024-04-16T16:48:59,{}
888744,funnel_start,2024-04-16T17:09:37,"{""funnel_type"": ""fasting""}"
888744,profile_start,2024-04-16T17:09:49,{}
888744,email_submit,2024-04-16T17:10:11,{}
888744,paywall_show,2024-04-16T17:19:11,{}
888917,funnel_start,2024-04-16T17:37:54,"{""funnel_type"": ""activity""}"
888917,profile_start,2024-04-16T17:38:04,{}
888917,email_submit,2024-04-16T17:38:24,{}
888917,paywall_show,2024-04-16T17:42:37,{}
888917,experiment_exposure,2024-04-16T17:42:37,"{""experiment_name"": ""exp_2"", ""experiment_group"": ""control""}"
889145,funnel_start,2024-04-16T18:11:42,"{""funnel_type"": ""fasting""}"
889145,profile_start,2024-04-16T18:11:53,{}
889145,email_submit,2024-04-16T18:12:21,{}
889145,experiment_exposure,2024-04-16T18:18:27,"{""experiment_name"": ""exp_2"", ""experiment_group"": ""control""}"
889145,paywall_show,2024-04-16T18:18:27,{}
889358,funnel_start,2024-04-16T18:43:47,"{""funnel_type"": ""yoga""}"
889358,profile_start,2024-04-16T18:44:00,{}
889358,paywall_show,2024-04-16T18:53:05,{}
889358,payment_done,2024-04-16T18:54:15,{}
889358,email_submit,2024-04-16T18:54:30,{}
889659,funnel_start,2024-04-16T19:25:53,"{""funnel_type"": ""activity""}"
889822,funnel_start,2024-04-16T19:48:47,"{""funnel_type"": ""fasting""}"
889822,profile_start,2024-04-16T19:49:05,{}
889827,funnel_start,2024-04-16T19:49:41,"{""funnel_type"": ""fasting""}"
889822,email_submit,2024-04-16T19:49:55,{}
889822,paywall_show,2024-04-16T20:05:13,{}
890140,funnel_start,2024-04-16T20:26:54,"{""funnel_type"": ""fasting""}"
890426,funnel_start,2024-04-16T21:02:47,"{""funnel_type"": ""fasting""}"
890426,profile_start,2024-04-16T21:03:10,{}
890426,email_submit,2024-04-16T21:03:46,{}
890788,funnel_start,2024-04-16T21:51:22,"{""funnel_type"": ""fasting""}"
890788,profile_start,2024-04-16T21:51:29,{}
890788,email_submit,2024-04-16T21:51:42,{}
890814,funnel_start,2024-04-16T21:54:28,"{""funnel_type"": ""activity""}"
890814,profile_start,2024-04-16T21:54:33,{}
890814,email_submit,2024-04-16T21:54:46,{}
890814,paywall_show,2024-04-16T22:04:50,{}
890906,funnel_start,2024-04-16T22:05:27,"{""funnel_type"": ""fasting""}"
890906,profile_start,2024-04-16T22:05:44,{}
890906,email_submit,2024-04-16T22:05:54,{}
890906,experiment_exposure,2024-04-16T22:27:37,"{""experiment_name"": ""exp_2"", ""experiment_group"": ""test""}"
890906,paywall_show,2024-04-16T22:27:37,{}
891364,funnel_start,2024-04-16T22:56:22,"{""funnel_type"": ""fasting""}"
891364,profile_start,2024-04-16T22:56:29,{}
891364,email_submit,2024-04-16T22:56:49,{}
891364,paywall_show,2024-04-16T23:03:45,{}
891460,funnel_start,2024-04-16T23:07:49,"{""funnel_type"": ""fasting""}"
891460,profile_start,2024-04-16T23:07:58,{}
891460,email_submit,2024-04-16T23:08:13,{}
891556,funnel_start,2024-04-16T23:20:40,"{""funnel_type"": ""fasting""}"
891556,profile_start,2024-04-16T23:20:53,{}
891556,email_submit,2024-04-16T23:21:13,{}
891460,experiment_exposure,2024-04-16T23:29:29,"{""experiment_name"": ""exp_2"", ""experiment_group"": ""test""}"
891460,paywall_show,2024-04-16T23:29:29,{}
891556,experiment_exposure,2024-04-16T23:32:42,"{""experiment_name"": ""exp_2"", ""experiment_group"": ""test""}"
891556,paywall_show,2024-04-16T23:32:42,{}
892183,funnel_start,2024-04-17T00:46:14,"{""funnel_type"": ""fasting""}"
892183,profile_start,2024-04-17T00:46:37,{}
892183,email_submit,2024-04-17T00:46:59,{}
892183,paywall_show,2024-04-17T00:58:58,{}
892518,funnel_start,2024-04-17T01:41:51,"{""funnel_type"": ""fasting""}"
892518,profile_start,2024-04-17T01:42:01,{}
892518,email_submit,2024-04-17T01:42:40,{}
892518,paywall_show,2024-04-17T01:47:07,{}
892636,funnel_start,2024-04-17T02:01:58,"{""funnel_type"": ""fasting""}"
892655,funnel_start,2024-04-17T02:04:46,"{""funnel_type"": ""fasting""}"
892655,profile_start,2024-04-17T02:04:51,{}
892655,email_submit,2024-04-17T02:05:20,{}
892655,paywall_show,2024-04-17T02:09:27,{}
892873,funnel_start,2024-04-17T02:49:12,"{""funnel_type"": ""activity""}"
892977,funnel_start,2024-04-17T03:16:04,"{""funnel_type"": ""fasting""}"
892977,profile_start,2024-04-17T03:16:20,{}
892977,email_submit,2024-04-17T03:16:56,{}
892977,experiment_exposure,2024-04-17T03:23:02,"{""experiment_name"": ""exp_2"", ""experiment_group"": ""test""}"
892977,paywall_show,2024-04-17T03:23:02,{}
893310,funnel_start,2024-04-17T04:44:48,"{""funnel_type"": ""activity""}"
893310,profile_start,2024-04-17T04:44:52,{}
893310,email_submit,2024-04-17T04:45:27,{}
893310,experiment_exposure,2024-04-17T04:51:17,"{""experiment_name"": ""exp_2"", ""experiment_group"": ""control""}"
893310,paywall_show,2024-04-17T04:51:17,{}
893770,funnel_start,2024-04-17T06:52:15,"{""funnel_type"": ""fasting""}"
893770,profile_start,2024-04-17T06:52:20,{}
893770,email_submit,2024-04-17T06:53:06,{}
893770,paywall_show,2024-04-17T06:56:40,{}
894170,funnel_start,2024-04-17T08:16:28,"{""funnel_type"": ""activity""}"
894170,profile_start,2024-04-17T08:16:35,{}
894170,email_submit,2024-04-17T08:16:53,{}
894170,paywall_show,2024-04-17T08:24:02,{}
894170,payment_done,2024-04-17T08:25:07,{}
894338,funnel_start,2024-04-17T08:47:27,"{""funnel_type"": ""activity""}"
894338,profile_start,2024-04-17T08:47:36,{}
894338,email_submit,2024-04-17T08:48:03,{}
894649,funnel_start,2024-04-17T09:45:50,"{""funnel_type"": ""fasting""}"
894649,profile_start,2024-04-17T09:45:59,{}
894649,email_submit,2024-04-17T09:46:28,{}
894661,funnel_start,2024-04-17T09:47:31,"{""funnel_type"": ""yoga""}"
894661,profile_start,2024-04-17T09:47:41,{}
894679,funnel_start,2024-04-17T09:49:56,"{""funnel_type"": ""fasting""}"
894661,paywall_show,2024-04-17T09:57:55,{}
894770,funnel_start,2024-04-17T10:05:29,"{""funnel_type"": ""activity""}"
894770,experiment_exposure,2024-04-17T10:05:29,"{""experiment_name"": ""exp_8"", ""experiment_group"": ""control""}"
894770,profile_start,2024-04-17T10:05:33,{}
895016,funnel_start,2024-04-17T10:46:35,"{""funnel_type"": ""fasting""}"
895016,profile_start,2024-04-17T10:46:41,{}
895016,email_submit,2024-04-17T10:46:59,{}
895016,experiment_exposure,2024-04-17T10:51:11,"{""experiment_name"": ""exp_2"", ""experiment_group"": ""control""}"
895016,paywall_show,2024-04-17T10:51:11,{}
895156,funnel_start,2024-04-17T11:11:45,"{""funnel_type"": ""yoga""}"
895156,profile_start,2024-04-17T11:12:03,{}
895211,funnel_start,2024-04-17T11:23:09,"{""funnel_type"": ""activity""}"
895211,profile_start,2024-04-17T11:23:15,{}
895211,email_submit,2024-04-17T11:23:47,{}
895211,paywall_show,2024-04-17T11:27:51,{}
895234,funnel_start,2024-04-17T11:27:57,"{""funnel_type"": ""activity""}"
895234,profile_start,2024-04-17T11:28:09,{}
895211,payment_done,2024-04-17T11:28:47,{}
895234,email_submit,2024-04-17T11:28:48,{}
895234,paywall_show,2024-04-17T11:33:29,{}
895234,payment_done,2024-04-17T11:35:47,{}
895577,funnel_start,2024-04-17T12:30:50,"{""funnel_type"": ""activity""}"
895577,profile_start,2024-04-17T12:30:56,{}
895577,email_submit,2024-04-17T12:31:42,{}
895577,paywall_show,2024-04-17T12:36:42,{}
895958,funnel_start,2024-04-17T13:44:59,"{""funnel_type"": ""fasting""}"
895958,profile_start,2024-04-17T13:45:05,{}
895958,email_submit,2024-04-17T13:45:42,{}
895958,paywall_show,2024-04-17T13:54:44,{}
896180,funnel_start,2024-04-17T14:21:08,"{""funnel_type"": ""fasting""}"
896180,profile_start,2024-04-17T14:21:17,{}
896180,email_submit,2024-04-17T14:21:27,{}
896187,funnel_start,2024-04-17T14:23:08,"{""funnel_type"": ""fasting""}"
896180,paywall_show,2024-04-17T14:27:18,{}
896577,funnel_start,2024-04-17T15:27:01,"{""funnel_type"": ""activity""}"
896577,profile_start,2024-04-17T15:27:06,{}
896827,funnel_start,2024-04-17T16:09:29,"{""funnel_type"": ""activity""}"
896987,funnel_start,2024-04-17T16:41:29,"{""funnel_type"": ""activity""}"
897247,funnel_start,2024-04-17T17:24:57,"{""funnel_type"": ""fasting""}"
897247,profile_start,2024-04-17T17:25:04,{}
897247,email_submit,2024-04-17T17:25:25,{}
897247,paywall_show,2024-04-17T17:29:16,{}
897342,experiment_exposure,2024-04-17T17:40:35,"{""experiment_name"": ""exp_8"", ""experiment_group"": ""test""}"
897342,funnel_start,2024-04-17T17:40:35,"{""funnel_type"": ""fasting""}"
897520,funnel_start,2024-04-17T18:10:04,"{""funnel_type"": ""yoga""}"
897520,profile_start,2024-04-17T18:10:22,{}
897623,funnel_start,2024-04-17T18:26:40,"{""funnel_type"": ""fasting""}"
897760,funnel_start,2024-04-17T18:48:40,"{""funnel_type"": ""fasting""}"
897828,funnel_start,2024-04-17T18:56:13,"{""funnel_type"": ""fasting""}"
897828,profile_start,2024-04-17T18:56:21,{}
897828,email_submit,2024-04-17T18:56:41,{}
897828,paywall_show,2024-04-17T19:05:20,{}
897967,funnel_start,2024-04-17T19:15:14,"{""funnel_type"": ""activity""}"
897967,profile_start,2024-04-17T19:15:27,{}
897967,email_submit,2024-04-17T19:16:33,{}
897967,paywall_show,2024-04-17T19:26:28,{}
898317,funnel_start,2024-04-17T20:12:34,"{""funnel_type"": ""fasting""}"
898317,profile_start,2024-04-17T20:12:39,{}
898317,email_submit,2024-04-17T20:12:57,{}
898317,paywall_show,2024-04-17T20:19:18,{}
898498,funnel_start,2024-04-17T20:38:58,"{""funnel_type"": ""activity""}"
898498,profile_start,2024-04-17T20:39:11,{}
898498,email_submit,2024-04-17T20:39:28,{}
898678,funnel_start,2024-04-17T20:59:33,"{""funnel_type"": ""fasting""}"
898951,funnel_start,2024-04-17T21:31:51,"{""funnel_type"": ""fasting""}"
898951,profile_start,2024-04-17T21:32:01,{}
898951,email_submit,2024-04-17T21:32:22,{}
899027,funnel_start,2024-04-17T21:40:46,"{""funnel_type"": ""fasting""}"
899027,profile_start,2024-04-17T21:40:53,{}
899027,email_submit,2024-04-17T21:41:13,{}
898951,paywall_show,2024-04-17T21:43:40,{}
899027,paywall_show,2024-04-17T21:47:26,{}
899494,funnel_start,2024-04-17T22:36:05,"{""funnel_type"": ""yoga""}"
899589,funnel_start,2024-04-17T22:47:01,"{""funnel_type"": ""activity""}"
899603,funnel_start,2024-04-17T22:49:09,"{""funnel_type"": ""fasting""}"
899603,profile_start,2024-04-17T22:49:14,{}
899699,funnel_start,2024-04-17T22:59:32,"{""funnel_type"": ""activity""}"
899699,profile_start,2024-04-17T22:59:36,{}
899699,email_submit,2024-04-17T22:59:48,{}
899699,paywall_show,2024-04-17T23:17:01,{}
899935,funnel_start,2024-04-17T23:30:47,"{""funnel_type"": ""fasting""}"
900013,funnel_start,2024-04-17T23:40:23,"{""funnel_type"": ""fasting""}"
900046,funnel_start,2024-04-17T23:44:12,"{""funnel_type"": ""activity""}"
900046,profile_start,2024-04-17T23:44:20,{}
900270,funnel_start,2024-04-18T00:10:51,"{""funnel_type"": ""fasting""}"
900270,profile_start,2024-04-18T00:10:56,{}
900270,email_submit,2024-04-18T00:11:19,{}
900489,funnel_start,2024-04-18T00:42:41,"{""funnel_type"": ""fasting""}"
900489,profile_start,2024-04-18T00:42:57,{}
900834,funnel_start,2024-04-18T01:40:42,"{""funnel_type"": ""activity""}"
900834,profile_start,2024-04-18T01:40:52,{}
900834,email_submit,2024-04-18T01:41:46,{}
900834,paywall_show,2024-04-18T01:47:23,{}
900834,payment_done,2024-04-18T01:49:05,{}
901398,funnel_start,2024-04-18T03:39:18,"{""funnel_type"": ""fasting""}"
901398,profile_start,2024-04-18T03:39:24,{}
901398,email_submit,2024-04-18T03:40:11,{}
901398,paywall_show,2024-04-18T04:17:53,{}
901728,funnel_start,2024-04-18T05:15:17,"{""funnel_type"": ""fasting""}"
901728,experiment_exposure,2024-04-18T05:15:17,"{""experiment_name"": ""exp_8"", ""experiment_group"": ""test""}"
901728,profile_start,2024-04-18T05:15:30,{}
901728,email_submit,2024-04-18T05:16:00,{}
901796,funnel_start,2024-04-18T05:33:54,"{""funnel_type"": ""fasting""}"
901796,profile_start,2024-04-18T05:34:03,{}
901796,email_submit,2024-04-18T05:34:52,{}
901728,paywall_show,2024-04-18T05:35:16,{}
901728,payment_done,2024-04-18T05:37:42,{}
901796,paywall_show,2024-04-18T05:42:07,{}
901848,funnel_start,2024-04-18T05:50:35,"{""funnel_type"": ""fasting""}"
901848,profile_start,2024-04-18T05:50:49,{}
901848,email_submit,2024-04-18T05:51:18,{}
901848,paywall_show,2024-04-18T05:58:29,{}
901959,funnel_start,2024-04-18T06:18:13,"{""funnel_type"": ""activity""}"
901959,profile_start,2024-04-18T06:18:18,{}
901959,email_submit,2024-04-18T06:19:16,{}
901959,paywall_show,2024-04-18T06:30:26,{}
902072,funnel_start,2024-04-18T06:48:01,"{""funnel_type"": ""fasting""}"
902174,funnel_start,2024-04-18T07:15:41,"{""funnel_type"": ""fasting""}"
902174,profile_start,2024-04-18T07:15:50,{}
902174,email_submit,2024-04-18T07:16:05,{}
902220,funnel_start,2024-04-18T07:24:10,"{""funnel_type"": ""activity""}"
902174,paywall_show,2024-04-18T07:27:06,{}
902174,payment_done,2024-04-18T07:29:17,{}
902296,funnel_start,2024-04-18T07:42:00,"{""funnel_type"": ""yoga""}"
902296,profile_start,2024-04-18T07:42:20,{}
902296,paywall_show,2024-04-18T07:53:18,{}
902463,funnel_start,2024-04-18T08:17:56,"{""funnel_type"": ""fasting""}"
902486,funnel_start,2024-04-18T08:22:44,"{""funnel_type"": ""activity""}"
903093,funnel_start,2024-04-18T10:23:18,"{""funnel_type"": ""fasting""}"
903340,funnel_start,2024-04-18T11:09:03,"{""funnel_type"": ""fasting""}"
903343,funnel_start,2024-04-18T11:09:17,"{""funnel_type"": ""fasting""}"
903343,profile_start,2024-04-18T11:09:30,{}
903343,email_submit,2024-04-18T11:10:00,{}
903343,paywall_show,2024-04-18T11:22:38,{}
903553,experiment_exposure,2024-04-18T11:42:45,"{""experiment_name"": ""exp_8"", ""experiment_group"": ""test""}"
903553,funnel_start,2024-04-18T11:42:45,"{""funnel_type"": ""fasting""}"
903553,profile_start,2024-04-18T11:42:54,{}
903553,email_submit,2024-04-18T11:43:14,{}
903553,paywall_show,2024-04-18T11:54:12,{}
903726,funnel_start,2024-04-18T12:15:21,"{""funnel_type"": ""yoga""}"
903726,profile_start,2024-04-18T12:15:43,{}
903726,paywall_show,2024-04-18T12:23:31,{}
903820,funnel_start,2024-04-18T12:31:55,"{""funnel_type"": ""activity""}"
903820,profile_start,2024-04-18T12:32:06,{}
903820,email_submit,2024-04-18T12:32:31,{}
903820,paywall_show,2024-04-18T12:43:39,{}
904484,funnel_start,2024-04-18T14:33:06,"{""funnel_type"": ""activity""}"
904743,funnel_start,2024-04-18T15:17:04,"{""funnel_type"": ""fasting""}"
904743,profile_start,2024-04-18T15:17:19,{}
904743,email_submit,2024-04-18T15:17:32,{}
904782,funnel_start,2024-04-18T15:24:37,"{""funnel_type"": ""fasting""}"
904782,profile_start,2024-04-18T15:24:48,{}
904743,paywall_show,2024-04-18T15:25:03,{}
904917,funnel_start,2024-04-18T15:48:47,"{""funnel_type"": ""fasting""}"
904917,profile_start,2024-04-18T15:49:04,{}
904917,email_submit,2024-04-18T15:49:33,{}
904917,paywall_show,2024-04-18T15:56:31,{}
904985,funnel_start,2024-04-18T15:59:15,"{""funnel_type"": ""activity""}"
904985,profile_start,2024-04-18T15:59:26,{}
905249,funnel_start,2024-04-18T16:43:40,"{""funnel_type"": ""fasting""}"
905739,funnel_start,2024-04-18T18:04:51,"{""funnel_type"": ""fasting""}"
905860,funnel_start,2024-04-18T18:23:33,"{""funnel_type"": ""activity""}"
906039,funnel_start,2024-04-18T18:51:44,"{""funnel_type"": ""activity""}"
906039,profile_start,2024-04-18T18:51:57,{}
906039,email_submit,2024-04-18T18:52:30,{}
906039,paywall_show,2024-04-18T19:03:18,{}
906462,funnel_start,2024-04-18T19:56:31,"{""funnel_type"": ""activity""}"
906462,profile_start,2024-04-18T19:56:39,{}
906462,email_submit,2024-04-18T19:56:55,{}
906522,experiment_exposure,2024-04-18T20:04:27,"{""experiment_name"": ""exp_8"", ""experiment_group"": ""test""}"
906522,funnel_start,2024-04-18T20:04:27,"{""funnel_type"": ""fasting""}"
906462,paywall_show,2024-04-18T20:04:36,{}
906522,profile_start,2024-04-18T20:04:37,{}
906522,email_submit,2024-04-18T20:05:00,{}
906538,funnel_start,2024-04-18T20:06:35,"{""funnel_type"": ""fasting""}"
906538,profile_start,2024-04-18T20:06:43,{}
906538,email_submit,2024-04-18T20:07:19,{}
906538,paywall_show,2024-04-18T20:10:48,{}
906522,paywall_show,2024-04-18T20:12:09,{}
906911,funnel_start,2024-04-18T20:56:57,"{""funnel_type"": ""activity""}"
906985,funnel_start,2024-04-18T21:04:57,"{""funnel_type"": ""fasting""}"
906985,profile_start,2024-04-18T21:05:06,{}
907074,funnel_start,2024-04-18T21:17:19,"{""funnel_type"": ""fasting""}"
907074,profile_start,2024-04-18T21:17:24,{}
907074,email_submit,2024-04-18T21:17:34,{}
907083,funnel_start,2024-04-18T21:18:28,"{""funnel_type"": ""fasting""}"
907083,profile_start,2024-04-18T21:18:43,{}
907083,email_submit,2024-04-18T21:19:12,{}
907083,paywall_show,2024-04-18T21:24:23,{}
907074,paywall_show,2024-04-18T21:25:36,{}
907083,payment_done,2024-04-18T21:26:01,{}
907746,funnel_start,2024-04-18T22:34:28,"{""funnel_type"": ""activity""}"
907746,profile_start,2024-04-18T22:34:32,{}
907746,email_submit,2024-04-18T22:35:00,{}
907746,paywall_show,2024-04-18T22:58:56,{}
908756,funnel_start,2024-04-19T00:38:59,"{""funnel_type"": ""fasting""}"
908756,profile_start,2024-04-19T00:39:20,{}
908756,email_submit,2024-04-19T00:40:01,{}
908756,paywall_show,2024-04-19T00:54:02,{}
908877,funnel_start,2024-04-19T00:57:11,"{""funnel_type"": ""fasting""}"
908877,profile_start,2024-04-19T00:57:18,{}
908877,email_submit,2024-04-19T00:57:59,{}
908877,paywall_show,2024-04-19T01:07:56,{}
909157,funnel_start,2024-04-19T01:39:37,"{""funnel_type"": ""fasting""}"
909428,funnel_start,2024-04-19T02:27:20,"{""funnel_type"": ""activity""}"
909428,profile_start,2024-04-19T02:27:32,{}
909428,email_submit,2024-04-19T02:27:58,{}
909428,paywall_show,2024-04-19T02:32:22,{}
909891,funnel_start,2024-04-19T04:15:24,"{""funnel_type"": ""activity""}"
909891,profile_start,2024-04-19T04:15:34,{}
909891,email_submit,2024-04-19T04:15:51,{}
909952,funnel_start,2024-04-19T04:35:53,"{""funnel_type"": ""activity""}"
910079,funnel_start,2024-04-19T05:17:48,"{""funnel_type"": ""activity""}"
910079,profile_start,2024-04-19T05:17:55,{}
910142,funnel_start,2024-04-19T05:36:36,"{""funnel_type"": ""fasting""}"
910167,funnel_start,2024-04-19T05:47:01,"{""funnel_type"": ""fasting""}"
910167,profile_start,2024-04-19T05:47:06,{}
910167,email_submit,2024-04-19T05:47:16,{}
910861,funnel_start,2024-04-19T08:26:03,"{""funnel_type"": ""yoga""}"
910995,funnel_start,2024-04-19T08:50:04,"{""funnel_type"": ""fasting""}"
911166,funnel_start,2024-04-19T09:19:23,"{""funnel_type"": ""fasting""}"
911166,profile_start,2024-04-19T09:19:34,{}
911166,email_submit,2024-04-19T09:19:49,{}
911255,funnel_start,2024-04-19T09:32:21,"{""funnel_type"": ""activity""}"
911255,profile_start,2024-04-19T09:32:34,{}
911255,email_submit,2024-04-19T09:33:04,{}
911166,paywall_show,2024-04-19T09:33:48,{}
911255,paywall_show,2024-04-19T09:36:15,{}
911536,funnel_start,2024-04-19T10:17:04,"{""funnel_type"": ""activity""}"
911536,profile_start,2024-04-19T10:17:13,{}
911536,email_submit,2024-04-19T10:17:40,{}
911554,funnel_start,2024-04-19T10:19:40,"{""funnel_type"": ""fasting""}"
911554,profile_start,2024-04-19T10:19:50,{}
911554,email_submit,2024-04-19T10:20:12,{}
911536,paywall_show,2024-04-19T10:23:32,{}
911554,paywall_show,2024-04-19T10:27:34,{}
912041,funnel_start,2024-04-19T11:39:43,"{""funnel_type"": ""fasting""}"
912041,profile_start,2024-04-19T11:39:51,{}
912041,email_submit,2024-04-19T11:40:16,{}
912041,paywall_show,2024-04-19T11:53:39,{}
912237,funnel_start,2024-04-19T12:13:02,"{""funnel_type"": ""fasting""}"
912351,funnel_start,2024-04-19T12:32:45,"{""funnel_type"": ""yoga""}"
912351,profile_start,2024-04-19T12:32:55,{}
912351,paywall_show,2024-04-19T12:39:57,{}
912351,payment_done,2024-04-19T12:41:42,{}
912351,email_submit,2024-04-19T12:41:54,{}
912474,funnel_start,2024-04-19T12:55:39,"{""funnel_type"": ""activity""}"
912474,profile_start,2024-04-19T12:55:43,{}
912474,email_submit,2024-04-19T12:56:26,{}
912630,funnel_start,2024-04-19T13:23:57,"{""funnel_type"": ""fasting""}"
912630,profile_start,2024-04-19T13:24:07,{}
912630,email_submit,2024-04-19T13:24:28,{}
912680,funnel_start,2024-04-19T13:34:55,"{""funnel_type"": ""activity""}"
912680,profile_start,2024-04-19T13:35:01,{}
912680,email_submit,2024-04-19T13:35:22,{}
912630,paywall_show,2024-04-19T13:37:02,{}
913148,funnel_start,2024-04-19T15:07:21,"{""funnel_type"": ""fasting""}"
913275,funnel_start,2024-04-19T15:28:24,"{""funnel_type"": ""activity""}"
913275,profile_start,2024-04-19T15:28:29,{}
913465,funnel_start,2024-04-19T16:02:03,"{""funnel_type"": ""fasting""}"
913610,funnel_start,2024-04-19T16:28:37,"{""funnel_type"": ""fasting""}"
913610,profile_start,2024-04-19T16:28:47,{}
913610,email_submit,2024-04-19T16:29:21,{}
913610,paywall_show,2024-04-19T16:33:18,{}
913610,experiment_exposure,2024-04-19T16:34:34,"{""experiment_name"": ""exp_6"", ""experiment_group"": ""test""}"
913610,payment_done,2024-04-19T16:34:34,{}
914020,funnel_start,2024-04-19T17:38:05,"{""funnel_type"": ""fasting""}"
914020,profile_start,2024-04-19T17:38:11,{}
914020,email_submit,2024-04-19T17:38:39,{}
914020,paywall_show,2024-04-19T17:47:24,{}
914287,funnel_start,2024-04-19T18:18:12,"{""funnel_type"": ""activity""}"
914398,funnel_start,2024-04-19T18:35:48,"{""funnel_type"": ""fasting""}"
914399,funnel_start,2024-04-19T18:35:50,"{""funnel_type"": ""fasting""}"
914398,profile_start,2024-04-19T18:35:54,{}
914399,profile_start,2024-04-19T18:36:09,{}
914398,email_submit,2024-04-19T18:36:18,{}
914399,email_submit,2024-04-19T18:36:24,{}
914427,funnel_start,2024-04-19T18:39:45,"{""funnel_type"": ""yoga""}"
914399,paywall_show,2024-04-19T18:44:29,{}
914398,paywall_show,2024-04-19T18:44:41,{}
914579,funnel_start,2024-04-19T19:03:20,"{""funnel_type"": ""fasting""}"
914770,funnel_start,2024-04-19T19:30:38,"{""funnel_type"": ""yoga""}"
914770,profile_start,2024-04-19T19:31:11,{}
914770,paywall_show,2024-04-19T19:47:14,{}
914888,funnel_start,2024-04-19T19:50:02,"{""funnel_type"": ""activity""}"
914895,funnel_start,2024-04-19T19:51:08,"{""funnel_type"": ""activity""}"
914895,profile_start,2024-04-19T19:51:16,{}
914895,email_submit,2024-04-19T19:52:09,{}
914895,paywall_show,2024-04-19T19:57:22,{}
915212,funnel_start,2024-04-19T20:39:11,"{""funnel_type"": ""fasting""}"
915212,profile_start,2024-04-19T20:39:19,{}
915212,email_submit,2024-04-19T20:39:26,{}
915353,funnel_start,2024-04-19T20:58:27,"{""funnel_type"": ""fasting""}"
915353,profile_start,2024-04-19T20:58:43,{}
915353,email_submit,2024-04-19T20:59:19,{}
915353,paywall_show,2024-04-19T21:04:09,{}
915734,funnel_start,2024-04-19T21:44:35,"{""funnel_type"": ""fasting""}"
916209,funnel_start,2024-04-19T22:43:18,"{""funnel_type"": ""yoga""}"
916209,profile_start,2024-04-19T22:43:25,{}
916278,funnel_start,2024-04-19T22:51:11,"{""funnel_type"": ""fasting""}"
916278,profile_start,2024-04-19T22:51:17,{}
916278,email_submit,2024-04-19T22:52:01,{}
916278,paywall_show,2024-04-19T22:54:05,{}
916209,paywall_show,2024-04-19T22:54:17,{}
916278,payment_done,2024-04-19T22:56:34,{}
916539,funnel_start,2024-04-19T23:25:49,"{""funnel_type"": ""fasting""}"
916539,profile_start,2024-04-19T23:26:08,{}
916539,email_submit,2024-04-19T23:26:30,{}
916539,paywall_show,2024-04-19T23:33:55,{}
916539,payment_done,2024-04-19T23:35:47,{}
916954,funnel_start,2024-04-20T00:19:56,"{""funnel_type"": ""fasting""}"
917176,funnel_start,2024-04-20T00:53:50,"{""funnel_type"": ""yoga""}"
917176,profile_start,2024-04-20T00:54:17,{}
917176,paywall_show,2024-04-20T01:03:08,{}
917329,funnel_start,2024-04-20T01:15:08,"{""funnel_type"": ""yoga""}"
917329,profile_start,2024-04-20T01:15:22,{}
917329,paywall_show,2024-04-20T01:22:20,{}
917527,funnel_start,2024-04-20T01:46:25,"{""funnel_type"": ""activity""}"
917527,profile_start,2024-04-20T01:46:35,{}
917819,funnel_start,2024-04-20T02:48:55,"{""funnel_type"": ""fasting""}"
917945,funnel_start,2024-04-20T03:16:14,"{""funnel_type"": ""fasting""}"
917988,funnel_start,2024-04-20T03:27:31,"{""funnel_type"": ""fasting""}"
917988,profile_start,2024-04-20T03:27:38,{}
917988,email_submit,2024-04-20T03:28:00,{}
918192,funnel_start,2024-04-20T04:16:15,"{""funnel_type"": ""fasting""}"
918230,funnel_start,2024-04-20T04:28:18,"{""funnel_type"": ""fasting""}"
918230,experiment_exposure,2024-04-20T04:28:18,"{""experiment_name"": ""exp_8"", ""experiment_group"": ""test""}"
919181,funnel_start,2024-04-20T08:24:42,"{""funnel_type"": ""fasting""}"
919181,profile_start,2024-04-20T08:24:47,{}
919181,email_submit,2024-04-20T08:25:20,{}
919181,paywall_show,2024-04-20T08:29:32,{}
919286,funnel_start,2024-04-20T08:44:30,"{""funnel_type"": ""fasting""}"
919286,profile_start,2024-04-20T08:44:49,{}
919547,funnel_start,2024-04-20T09:35:05,"{""funnel_type"": ""fasting""}"
919547,profile_start,2024-04-20T09:35:12,{}
919547,email_submit,2024-04-20T09:35:28,{}
919547,paywall_show,2024-04-20T09:40:07,{}
919743,funnel_start,2024-04-20T10:06:51,"{""funnel_type"": ""fasting""}"
919743,profile_start,2024-04-20T10:06:55,{}
919743,email_submit,2024-04-20T10:07:11,{}
919743,paywall_show,2024-04-20T10:13:39,{}
919780,funnel_start,2024-04-20T10:15:17,"{""funnel_type"": ""activity""}"
919780,profile_start,2024-04-20T10:15:22,{}
919780,email_submit,2024-04-20T10:15:47,{}
919780,paywall_show,2024-04-20T10:24:11,{}
919873,funnel_start,2024-04-20T10:32:32,"{""funnel_type"": ""fasting""}"
919873,profile_start,2024-04-20T10:32:43,{}
919873,email_submit,2024-04-20T10:33:03,{}
919873,paywall_show,2024-04-20T10:41:24,{}
920126,funnel_start,2024-04-20T11:14:43,"{""funnel_type"": ""activity""}"
920126,experiment_exposure,2024-04-20T11:14:43,"{""experiment_name"": ""exp_8"", ""experiment_group"": ""control""}"
920175,funnel_start,2024-04-20T11:23:19,"{""funnel_type"": ""fasting""}"
920175,profile_start,2024-04-20T11:23:38,{}
920175,email_submit,2024-04-20T11:23:58,{}
920175,paywall_show,2024-04-20T11:31:51,{}
920175,payment_done,2024-04-20T11:34:32,{}
920348,funnel_start,2024-04-20T11:51:50,"{""funnel_type"": ""activity""}"
920348,experiment_exposure,2024-04-20T11:51:50,"{""experiment_name"": ""exp_8"", ""experiment_group"": ""test""}"
920348,profile_start,2024-04-20T11:52:02,{}
920540,funnel_start,2024-04-20T12:23:34,"{""funnel_type"": ""fasting""}"
920540,profile_start,2024-04-20T12:23:41,{}
920540,email_submit,2024-04-20T12:24:08,{}
920589,funnel_start,2024-04-20T12:34:04,"{""funnel_type"": ""fasting""}"
920623,funnel_start,2024-04-20T12:44:28,"{""funnel_type"": ""activity""}"
920623,profile_start,2024-04-20T12:44:36,{}
920623,email_submit,2024-04-20T12:44:47,{}
920623,paywall_show,2024-04-20T12:49:15,{}
920653,funnel_start,2024-04-20T12:50:26,"{""funnel_type"": ""yoga""}"
920653,profile_start,2024-04-20T12:50:42,{}
920653,paywall_show,2024-04-20T12:54:50,{}
920727,funnel_start,2024-04-20T13:06:09,"{""funnel_type"": ""fasting""}"
920813,funnel_start,2024-04-20T13:24:30,"{""funnel_type"": ""activity""}"
920813,profile_start,2024-04-20T13:24:36,{}
920813,email_submit,2024-04-20T13:25:04,{}
920813,paywall_show,2024-04-20T13:37:38,{}
920977,funnel_start,2024-04-20T13:57:20,"{""funnel_type"": ""fasting""}"
920977,profile_start,2024-04-20T13:57:37,{}
920977,email_submit,2024-04-20T13:58:15,{}
921005,funnel_start,2024-04-20T14:01:44,"{""funnel_type"": ""activity""}"
921026,funnel_start,2024-04-20T14:06:24,"{""funnel_type"": ""fasting""}"
921026,profile_start,2024-04-20T14:06:33,{}
921026,email_submit,2024-04-20T14:06:52,{}
920977,paywall_show,2024-04-20T14:07:31,{}
921026,paywall_show,2024-04-20T14:20:10,{}
921165,funnel_start,2024-04-20T14:31:00,"{""funnel_type"": ""yoga""}"
921165,profile_start,2024-04-20T14:31:22,{}
921165,paywall_show,2024-04-20T14:40:06,{}
921401,funnel_start,2024-04-20T15:12:39,"{""funnel_type"": ""fasting""}"
921629,funnel_start,2024-04-20T15:54:48,"{""funnel_type"": ""fasting""}"
921629,profile_start,2024-04-20T15:54:57,{}
921629,email_submit,2024-04-20T15:55:18,{}
921629,paywall_show,2024-04-20T16:11:35,{}
921914,funnel_start,2024-04-20T16:39:36,"{""funnel_type"": ""fasting""}"
921914,profile_start,2024-04-20T16:39:43,{}
921914,email_submit,2024-04-20T16:40:01,{}
921914,paywall_show,2024-04-20T16:49:04,{}
922765,funnel_start,2024-04-20T18:52:51,"{""funnel_type"": ""fasting""}"
922821,funnel_start,2024-04-20T19:00:27,"{""funnel_type"": ""fasting""}"
922821,profile_start,2024-04-20T19:00:36,{}
922910,funnel_start,2024-04-20T19:15:52,"{""funnel_type"": ""yoga""}"
922910,profile_start,2024-04-20T19:16:05,{}
922910,paywall_show,2024-04-20T19:26:34,{}
922910,payment_done,2024-04-20T19:29:07,{}
922910,email_submit,2024-04-20T19:30:15,{}
923237,funnel_start,2024-04-20T20:06:28,"{""funnel_type"": ""fasting""}"
923237,profile_start,2024-04-20T20:06:42,{}
923237,email_submit,2024-04-20T20:07:07,{}
923237,paywall_show,2024-04-20T20:17:23,{}
923502,funnel_start,2024-04-20T20:43:04,"{""funnel_type"": ""activity""}"
923502,profile_start,2024-04-20T20:43:13,{}
923502,email_submit,2024-04-20T20:43:29,{}
923502,paywall_show,2024-04-20T20:47:51,{}
923786,funnel_start,2024-04-20T21:19:11,"{""funnel_type"": ""fasting""}"
924034,funnel_start,2024-04-20T21:52:04,"{""funnel_type"": ""fasting""}"
924110,funnel_start,2024-04-20T22:01:14,"{""funnel_type"": ""fasting""}"
924110,profile_start,2024-04-20T22:01:24,{}
924112,funnel_start,2024-04-20T22:01:39,"{""funnel_type"": ""yoga""}"
924110,email_submit,2024-04-20T22:01:40,{}
924112,profile_start,2024-04-20T22:01:59,{}
924110,paywall_show,2024-04-20T22:05:36,{}
924112,paywall_show,2024-04-20T22:05:40,{}
924238,funnel_start,2024-04-20T22:18:29,"{""funnel_type"": ""fasting""}"
924238,profile_start,2024-04-20T22:18:36,{}
924238,email_submit,2024-04-20T22:19:10,{}
924238,paywall_show,2024-04-20T22:26:31,{}
924644,funnel_start,2024-04-20T23:04:21,"{""funnel_type"": ""activity""}"
924644,profile_start,2024-04-20T23:04:34,{}
924644,email_submit,2024-04-20T23:04:46,{}
924644,paywall_show,2024-04-20T23:10:41,{}
924727,funnel_start,2024-04-20T23:13:48,"{""funnel_type"": ""yoga""}"
924727,experiment_exposure,2024-04-20T23:13:48,"{""experiment_name"": ""exp_8"", ""experiment_group"": ""test""}"
924727,profile_start,2024-04-20T23:13:56,{}
924727,paywall_show,2024-04-20T23:22:24,{}
925259,funnel_start,2024-04-21T00:25:35,"{""funnel_type"": ""fasting""}"
925259,profile_start,2024-04-21T00:25:43,{}
925259,email_submit,2024-04-21T00:25:56,{}
925280,funnel_start,2024-04-21T00:29:03,"{""funnel_type"": ""fasting""}"
925280,profile_start,2024-04-21T00:29:19,{}
925280,email_submit,2024-04-21T00:30:05,{}
925259,paywall_show,2024-04-21T00:34:50,{}
925697,funnel_start,2024-04-21T01:34:23,"{""funnel_type"": ""activity""}"
925697,profile_start,2024-04-21T01:34:31,{}
925738,funnel_start,2024-04-21T01:41:13,"{""funnel_type"": ""activity""}"
926558,funnel_start,2024-04-21T05:02:00,"{""funnel_type"": ""yoga""}"
926558,profile_start,2024-04-21T05:02:09,{}
926625,funnel_start,2024-04-21T05:23:12,"{""funnel_type"": ""activity""}"
926625,profile_start,2024-04-21T05:23:21,{}
926625,email_submit,2024-04-21T05:23:56,{}
926910,funnel_start,2024-04-21T06:41:02,"{""funnel_type"": ""activity""}"
927291,funnel_start,2024-04-21T07:51:25,"{""funnel_type"": ""fasting""}"
927742,funnel_start,2024-04-21T09:19:51,"{""funnel_type"": ""fasting""}"
927742,experiment_exposure,2024-04-21T09:19:51,"{""experiment_name"": ""exp_8"", ""experiment_group"": ""control""}"
927742,profile_start,2024-04-21T09:20:05,{}
927742,email_submit,2024-04-21T09:20:20,{}
927742,paywall_show,2024-04-21T09:30:51,{}
928024,funnel_start,2024-04-21T10:07:23,"{""funnel_type"": ""fasting""}"
928024,profile_start,2024-04-21T10:07:41,{}
928024,email_submit,2024-04-21T10:08:14,{}
928024,paywall_show,2024-04-21T10:18:12,{}
928346,funnel_start,2024-04-21T11:05:48,"{""funnel_type"": ""fasting""}"
928829,funnel_start,2024-04-21T12:34:04,"{""funnel_type"": ""fasting""}"
928829,profile_start,2024-04-21T12:34:10,{}
928829,email_submit,2024-04-21T12:34:34,{}
928829,paywall_show,2024-04-21T12:37:59,{}
929224,funnel_start,2024-04-21T13:46:59,"{""funnel_type"": ""activity""}"
929322,funnel_start,2024-04-21T14:03:23,"{""funnel_type"": ""fasting""}"
929322,profile_start,2024-04-21T14:03:45,{}
929322,email_submit,2024-04-21T14:04:10,{}
929322,paywall_show,2024-04-21T14:09:26,{}
929485,funnel_start,2024-04-21T14:32:27,"{""funnel_type"": ""activity""}"
929485,profile_start,2024-04-21T14:32:36,{}
929485,email_submit,2024-04-21T14:33:02,{}
929485,paywall_show,2024-04-21T14:38:50,{}
929680,funnel_start,2024-04-21T15:08:00,"{""funnel_type"": ""fasting""}"
929680,profile_start,2024-04-21T15:08:08,{}
929680,email_submit,2024-04-21T15:08:42,{}
930040,funnel_start,2024-04-21T16:14:16,"{""funnel_type"": ""activity""}"
930040,profile_start,2024-04-21T16:14:21,{}
930040,email_submit,2024-04-21T16:15:06,{}
930040,paywall_show,2024-04-21T16:18:35,{}
930079,funnel_start,2024-04-21T16:19:01,"{""funnel_type"": ""activity""}"
930079,experiment_exposure,2024-04-21T16:19:01,"{""experiment_name"": ""exp_8"", ""experiment_group"": ""test""}"
930079,profile_start,2024-04-21T16:19:08,{}
930079,email_submit,2024-04-21T16:19:27,{}
930079,paywall_show,2024-04-21T16:31:36,{}
930175,funnel_start,2024-04-21T16:35:43,"{""funnel_type"": ""yoga""}"
930175,profile_start,2024-04-21T16:35:49,{}
930248,funnel_start,2024-04-21T16:49:38,"{""funnel_type"": ""fasting""}"
930248,profile_start,2024-04-21T16:49:48,{}
930248,email_submit,2024-04-21T16:50:32,{}
930248,paywall_show,2024-04-21T16:59:26,{}
930589,funnel_start,2024-04-21T17:47:55,"{""funnel_type"": ""fasting""}"
930855,funnel_start,2024-04-21T18:27:31,"{""funnel_type"": ""fasting""}"
930855,profile_start,2024-04-21T18:27:43,{}
930855,email_submit,2024-04-21T18:28:01,{}
930855,paywall_show,2024-04-21T18:36:16,{}
930940,funnel_start,2024-04-21T18:40:55,"{""funnel_type"": ""fasting""}"
930940,profile_start,2024-04-21T18:41:21,{}
930940,email_submit,2024-04-21T18:41:40,{}
930940,paywall_show,2024-04-21T18:45:40,{}
931066,funnel_start,2024-04-21T18:56:34,"{""funnel_type"": ""fasting""}"
931066,profile_start,2024-04-21T18:56:49,{}
931066,email_submit,2024-04-21T18:58:03,{}
931066,paywall_show,2024-04-21T19:04:27,{}
931204,funnel_start,2024-04-21T19:16:10,"{""funnel_type"": ""activity""}"
931204,profile_start,2024-04-21T19:16:25,{}
931204,email_submit,2024-04-21T19:16:50,{}
931204,paywall_show,2024-04-21T19:23:39,{}
931424,funnel_start,2024-04-21T19:49:47,"{""funnel_type"": ""fasting""}"
931424,profile_start,2024-04-21T19:49:57,{}
931424,email_submit,2024-04-21T19:50:17,{}
931424,paywall_show,2024-04-21T19:56:03,{}
931658,funnel_start,2024-04-21T20:24:58,"{""funnel_type"": ""activity""}"
931658,profile_start,2024-04-21T20:25:02,{}
931658,email_submit,2024-04-21T20:25:22,{}
931747,funnel_start,2024-04-21T20:38:53,"{""funnel_type"": ""fasting""}"
931747,profile_start,2024-04-21T20:39:01,{}
931747,email_submit,2024-04-21T20:39:55,{}
931747,paywall_show,2024-04-21T20:49:37,{}
931864,funnel_start,2024-04-21T20:52:57,"{""funnel_type"": ""activity""}"
931864,profile_start,2024-04-21T20:53:00,{}
932335,funnel_start,2024-04-21T21:50:48,"{""funnel_type"": ""fasting""}"
932335,experiment_exposure,2024-04-21T21:50:48,"{""experiment_name"": ""exp_8"", ""experiment_group"": ""test""}"
932404,funnel_start,2024-04-21T21:58:26,"{""funnel_type"": ""yoga""}"
932404,profile_start,2024-04-21T21:58:36,{}
932404,paywall_show,2024-04-21T22:05:20,{}
932537,funnel_start,2024-04-21T22:14:34,"{""funnel_type"": ""fasting""}"
932537,profile_start,2024-04-21T22:14:42,{}
932537,email_submit,2024-04-21T22:15:03,{}
932537,paywall_show,2024-04-21T22:25:40,{}
932943,funnel_start,2024-04-21T23:04:27,"{""funnel_type"": ""fasting""}"
933152,funnel_start,2024-04-21T23:32:13,"{""funnel_type"": ""fasting""}"
933152,profile_start,2024-04-21T23:32:21,{}
933152,email_submit,2024-04-21T23:32:40,{}
933152,paywall_show,2024-04-21T23:40:33,{}
933257,funnel_start,2024-04-21T23:44:13,"{""funnel_type"": ""activity""}"
933281,funnel_start,2024-04-21T23:48:42,"{""funnel_type"": ""fasting""}"
933281,profile_start,2024-04-21T23:48:53,{}
933281,email_submit,2024-04-21T23:49:02,{}
933281,paywall_show,2024-04-21T23:51:41,{}
933370,funnel_start,2024-04-21T23:59:55,"{""funnel_type"": ""fasting""}"
933370,profile_start,2024-04-22T00:00:07,{}
933456,funnel_start,2024-04-22T00:13:09,"{""funnel_type"": ""fasting""}"
933456,profile_start,2024-04-22T00:13:18,{}
933456,email_submit,2024-04-22T00:13:33,{}
933456,paywall_show,2024-04-22T00:17:34,{}
933530,funnel_start,2024-04-22T00:24:07,"{""funnel_type"": ""activity""}"
934074,funnel_start,2024-04-22T01:56:30,"{""funnel_type"": ""fasting""}"
934074,profile_start,2024-04-22T01:56:59,{}
934074,email_submit,2024-04-22T01:57:15,{}
934074,paywall_show,2024-04-22T02:01:50,{}
934186,funnel_start,2024-04-22T02:21:07,"{""funnel_type"": ""fasting""}"
934186,experiment_exposure,2024-04-22T02:21:07,"{""experiment_name"": ""exp_8"", ""experiment_group"": ""control""}"
934186,profile_start,2024-04-22T02:21:21,{}
934186,email_submit,2024-04-22T02:22:05,{}
934186,paywall_show,2024-04-22T02:34:28,{}
934288,funnel_start,2024-04-22T02:41:26,"{""funnel_type"": ""fasting""}"
934288,profile_start,2024-04-22T02:41:38,{}
934288,email_submit,2024-04-22T02:42:08,{}
934288,paywall_show,2024-04-22T02:50:22,{}
934431,funnel_start,2024-04-22T03:15:21,"{""funnel_type"": ""activity""}"
934431,profile_start,2024-04-22T03:15:28,{}
934514,funnel_start,2024-04-22T03:39:10,"{""funnel_type"": ""activity""}"
934514,profile_start,2024-04-22T03:39:14,{}
934514,email_submit,2024-04-22T03:39:43,{}
934514,paywall_show,2024-04-22T03:43:19,{}
934881,funnel_start,2024-04-22T05:21:24,"{""funnel_type"": ""activity""}"
934881,profile_start,2024-04-22T05:21:39,{}
934881,email_submit,2024-04-22T05:21:52,{}
934881,paywall_show,2024-04-22T05:26:14,{}
934968,funnel_start,2024-04-22T05:45:17,"{""funnel_type"": ""fasting""}"
934968,profile_start,2024-04-22T05:45:26,{}
934968,email_submit,2024-04-22T05:45:38,{}
934981,funnel_start,2024-04-22T05:49:53,"{""funnel_type"": ""activity""}"
934981,profile_start,2024-04-22T05:50:02,{}
934981,email_submit,2024-04-22T05:50:11,{}
934968,paywall_show,2024-04-22T05:55:04,{}
934981,paywall_show,2024-04-22T05:55:51,{}
935018,funnel_start,2024-04-22T06:01:45,"{""funnel_type"": ""yoga""}"
935018,experiment_exposure,2024-04-22T06:01:45,"{""experiment_name"": ""exp_8"", ""experiment_group"": ""control""}"
935018,profile_start,2024-04-22T06:01:58,{}
935025,funnel_start,2024-04-22T06:04:24,"{""funnel_type"": ""activity""}"
935025,profile_start,2024-04-22T06:04:34,{}
935018,paywall_show,2024-04-22T06:08:10,{}
935271,funnel_start,2024-04-22T07:06:29,"{""funnel_type"": ""fasting""}"
935376,funnel_start,2024-04-22T07:29:14,"{""funnel_type"": ""fasting""}"
935376,profile_start,2024-04-22T07:29:23,{}
935376,email_submit,2024-04-22T07:29:35,{}
935376,paywall_show,2024-04-22T07:38:38,{}
935619,funnel_start,2024-04-22T08:23:10,"{""funnel_type"": ""fasting""}"
935619,profile_start,2024-04-22T08:23:23,{}
935619,email_submit,2024-04-22T08:24:27,{}
935997,funnel_start,2024-04-22T09:30:35,"{""funnel_type"": ""yoga""}"
935997,profile_start,2024-04-22T09:31:08,{}
936008,funnel_start,2024-04-22T09:31:27,"{""funnel_type"": ""fasting""}"
936008,profile_start,2024-04-22T09:31:37,{}
936008,email_submit,2024-04-22T09:31:53,{}
936008,paywall_show,2024-04-22T09:42:43,{}
936133,funnel_start,2024-04-22T09:56:39,"{""funnel_type"": ""yoga""}"
936133,profile_start,2024-04-22T09:56:52,{}
936448,funnel_start,2024-04-22T10:50:39,"{""funnel_type"": ""activity""}"
936448,profile_start,2024-04-22T10:50:45,{}
936448,email_submit,2024-04-22T10:50:56,{}
936448,paywall_show,2024-04-22T10:53:44,{}
936761,funnel_start,2024-04-22T11:43:15,"{""funnel_type"": ""fasting""}"
936761,profile_start,2024-04-22T11:43:21,{}
936761,email_submit,2024-04-22T11:43:40,{}
936791,funnel_start,2024-04-22T11:48:40,"{""funnel_type"": ""fasting""}"
936761,paywall_show,2024-04-22T11:49:52,{}
936862,funnel_start,2024-04-22T12:01:47,"{""funnel_type"": ""yoga""}"
936862,profile_start,2024-04-22T12:01:57,{}
936862,paywall_show,2024-04-22T12:16:26,{}
937153,funnel_start,2024-04-22T12:57:44,"{""funnel_type"": ""fasting""}"
937153,profile_start,2024-04-22T12:57:56,{}
937173,funnel_start,2024-04-22T13:00:26,"{""funnel_type"": ""activity""}"
937315,funnel_start,2024-04-22T13:29:16,"{""funnel_type"": ""activity""}"
937315,profile_start,2024-04-22T13:29:23,{}
937315,email_submit,2024-04-22T13:29:48,{}
937315,paywall_show,2024-04-22T13:34:32,{}
937397,funnel_start,2024-04-22T13:46:07,"{""funnel_type"": ""fasting""}"
937397,profile_start,2024-04-22T13:46:22,{}
937397,email_submit,2024-04-22T13:46:55,{}
937397,paywall_show,2024-04-22T14:02:24,{}
937680,funnel_start,2024-04-22T14:37:00,"{""funnel_type"": ""activity""}"
937700,funnel_start,2024-04-22T14:40:16,"{""funnel_type"": ""fasting""}"
937700,profile_start,2024-04-22T14:40:37,{}
937700,email_submit,2024-04-22T14:41:19,{}
937700,paywall_show,2024-04-22T14:47:43,{}
937867,experiment_exposure,2024-04-22T15:05:58,"{""experiment_name"": ""exp_8"", ""experiment_group"": ""control""}"
937867,funnel_start,2024-04-22T15:05:58,"{""funnel_type"": ""fasting""}"
938094,funnel_start,2024-04-22T15:49:59,"{""funnel_type"": ""fasting""}"
938094,profile_start,2024-04-22T15:50:07,{}
938094,email_submit,2024-04-22T15:50:30,{}
938188,funnel_start,2024-04-22T16:04:45,"{""funnel_type"": ""fasting""}"
938188,profile_start,2024-04-22T16:04:53,{}
938380,funnel_start,2024-04-22T16:41:33,"{""funnel_type"": ""fasting""}"
938395,funnel_start,2024-04-22T16:44:23,"{""funnel_type"": ""activity""}"
938395,profile_start,2024-04-22T16:44:29,{}
938395,email_submit,2024-04-22T16:44:52,{}
938395,paywall_show,2024-04-22T17:09:19,{}
938625,funnel_start,2024-04-22T17:21:33,"{""funnel_type"": ""fasting""}"
938626,funnel_start,2024-04-22T17:21:38,"{""funnel_type"": ""fasting""}"
938625,profile_start,2024-04-22T17:21:41,{}
938625,email_submit,2024-04-22T17:21:58,{}
938626,profile_start,2024-04-22T17:21:59,{}
938626,email_submit,2024-04-22T17:22:49,{}
938635,funnel_start,2024-04-22T17:23:28,"{""funnel_type"": ""fasting""}"
938635,profile_start,2024-04-22T17:23:38,{}
938635,email_submit,2024-04-22T17:24:04,{}
938626,paywall_show,2024-04-22T17:27:47,{}
938635,paywall_show,2024-04-22T17:33:35,{}
938625,paywall_show,2024-04-22T17:36:54,{}
938812,funnel_start,2024-04-22T17:50:37,"{""funnel_type"": ""fasting""}"
938942,funnel_start,2024-04-22T18:10:08,"{""funnel_type"": ""activity""}"
938942,profile_start,2024-04-22T18:10:13,{}
938942,email_submit,2024-04-22T18:10:26,{}
938942,paywall_show,2024-04-22T18:15:40,{}
939140,funnel_start,2024-04-22T18:38:36,"{""funnel_type"": ""fasting""}"
939287,funnel_start,2024-04-22T19:00:48,"{""funnel_type"": ""fasting""}"
939287,profile_start,2024-04-22T19:00:56,{}
939287,email_submit,2024-04-22T19:01:15,{}
939287,paywall_show,2024-04-22T19:07:02,{}
939414,funnel_start,2024-04-22T19:21:02,"{""funnel_type"": ""activity""}"
939414,profile_start,2024-04-22T19:21:08,{}
939414,email_submit,2024-04-22T19:21:26,{}
939414,paywall_show,2024-04-22T19:26:16,{}
939604,funnel_start,2024-04-22T19:51:07,"{""funnel_type"": ""fasting""}"
939604,profile_start,2024-04-22T19:51:14,{}
939604,email_submit,2024-04-22T19:51:34,{}
939712,funnel_start,2024-04-22T20:05:42,"{""funnel_type"": ""activity""}"
940388,funnel_start,2024-04-22T21:32:28,"{""funnel_type"": ""activity""}"
940388,profile_start,2024-04-22T21:32:35,{}
940388,email_submit,2024-04-22T21:32:49,{}
940388,paywall_show,2024-04-22T21:47:29,{}
940616,funnel_start,2024-04-22T22:01:28,"{""funnel_type"": ""fasting""}"
940830,funnel_start,2024-04-22T22:27:04,"{""funnel_type"": ""fasting""}"
940830,profile_start,2024-04-22T22:27:12,{}
940830,email_submit,2024-04-22T22:27:43,{}
940968,funnel_start,2024-04-22T22:42:47,"{""funnel_type"": ""activity""}"
940968,profile_start,2024-04-22T22:42:56,{}
940970,funnel_start,2024-04-22T22:42:57,"{""funnel_type"": ""fasting""}"
940968,email_submit,2024-04-22T22:43:12,{}
940970,profile_start,2024-04-22T22:43:14,{}
940968,paywall_show,2024-04-22T22:49:13,{}
941419,funnel_start,2024-04-22T23:39:21,"{""funnel_type"": ""fasting""}"
941565,funnel_start,2024-04-22T23:59:07,"{""funnel_type"": ""fasting""}"
941565,profile_start,2024-04-22T23:59:20,{}
941565,email_submit,2024-04-22T23:59:35,{}
941565,paywall_show,2024-04-23T00:21:43,{}
941993,funnel_start,2024-04-23T01:02:06,"{""funnel_type"": ""activity""}"
941993,profile_start,2024-04-23T01:02:24,{}
941993,email_submit,2024-04-23T01:02:57,{}
941993,paywall_show,2024-04-23T01:08:06,{}
942088,funnel_start,2024-04-23T01:17:30,"{""funnel_type"": ""fasting""}"
942088,profile_start,2024-04-23T01:17:34,{}
942088,email_submit,2024-04-23T01:18:20,{}
942088,paywall_show,2024-04-23T01:22:25,{}
942184,funnel_start,2024-04-23T01:33:07,"{""funnel_type"": ""activity""}"
942184,profile_start,2024-04-23T01:33:12,{}
942184,email_submit,2024-04-23T01:33:38,{}
942184,paywall_show,2024-04-23T01:38:14,{}
942282,funnel_start,2024-04-23T01:50:29,"{""funnel_type"": ""fasting""}"
942282,profile_start,2024-04-23T01:50:40,{}
942282,email_submit,2024-04-23T01:51:12,{}
942282,paywall_show,2024-04-23T01:58:04,{}
942491,experiment_exposure,2024-04-23T02:34:28,"{""experiment_name"": ""exp_8"", ""experiment_group"": ""test""}"
942491,funnel_start,2024-04-23T02:34:28,"{""funnel_type"": ""fasting""}"
942491,profile_start,2024-04-23T02:34:40,{}
942491,email_submit,2024-04-23T02:35:13,{}
942491,paywall_show,2024-04-23T02:47:42,{}
942596,funnel_start,2024-04-23T02:56:18,"{""funnel_type"": ""activity""}"
942735,funnel_start,2024-04-23T03:29:07,"{""funnel_type"": ""fasting""}"
942735,profile_start,2024-04-23T03:29:19,{}
942741,funnel_start,2024-04-23T03:30:08,"{""funnel_type"": ""fasting""}"
942794,funnel_start,2024-04-23T03:44:29,"{""funnel_type"": ""fasting""}"
942794,profile_start,2024-04-23T03:44:36,{}
942794,email_submit,2024-04-23T03:45:09,{}
942794,paywall_show,2024-04-23T04:01:10,{}
943122,funnel_start,2024-04-23T05:21:32,"{""funnel_type"": ""yoga""}"
943122,profile_start,2024-04-23T05:21:40,{}
943122,paywall_show,2024-04-23T05:26:19,{}
943202,funnel_start,2024-04-23T05:49:43,"{""funnel_type"": ""fasting""}"
943202,profile_start,2024-04-23T05:49:50,{}
943202,email_submit,2024-04-23T05:50:19,{}
943202,paywall_show,2024-04-23T05:56:45,{}
943251,funnel_start,2024-04-23T06:04:19,"{""funnel_type"": ""activity""}"
943251,profile_start,2024-04-23T06:04:33,{}
943251,email_submit,2024-04-23T06:04:49,{}
943251,paywall_show,2024-04-23T06:11:13,{}
943368,funnel_start,2024-04-23T06:34:22,"{""funnel_type"": ""activity""}"
943368,profile_start,2024-04-23T06:34:30,{}
943368,email_submit,2024-04-23T06:34:46,{}
943378,funnel_start,2024-04-23T06:36:51,"{""funnel_type"": ""activity""}"
943368,paywall_show,2024-04-23T06:39:39,{}
943521,funnel_start,2024-04-23T07:13:04,"{""funnel_type"": ""yoga""}"
943521,profile_start,2024-04-23T07:13:20,{}
943541,funnel_start,2024-04-23T07:17:18,"{""funnel_type"": ""yoga""}"
943541,profile_start,2024-04-23T07:17:31,{}
943521,paywall_show,2024-04-23T07:18:56,{}
943541,paywall_show,2024-04-23T07:23:11,{}
943663,funnel_start,2024-04-23T07:45:13,"{""funnel_type"": ""fasting""}"
943663,profile_start,2024-04-23T07:45:18,{}
943663,email_submit,2024-04-23T07:45:44,{}
943885,funnel_start,2024-04-23T08:31:40,"{""funnel_type"": ""activity""}"
943885,profile_start,2024-04-23T08:31:49,{}
943885,email_submit,2024-04-23T08:32:25,{}
943885,paywall_show,2024-04-23T08:43:21,{}
944172,funnel_start,2024-04-23T09:25:28,"{""funnel_type"": ""yoga""}"
944172,profile_start,2024-04-23T09:25:40,{}
944184,funnel_start,2024-04-23T09:27:32,"{""funnel_type"": ""yoga""}"
944184,profile_start,2024-04-23T09:27:51,{}
944184,paywall_show,2024-04-23T09:34:57,{}
944296,funnel_start,2024-04-23T09:48:26,"{""funnel_type"": ""fasting""}"
944296,profile_start,2024-04-23T09:49:08,{}
944296,email_submit,2024-04-23T09:49:52,{}
944296,paywall_show,2024-04-23T09:59:06,{}
944296,payment_done,2024-04-23T10:00:55,{}
944952,funnel_start,2024-04-23T11:38:59,"{""funnel_type"": ""activity""}"
945167,funnel_start,2024-04-23T12:16:48,"{""funnel_type"": ""fasting""}"
945167,profile_start,2024-04-23T12:16:59,{}
945167,email_submit,2024-04-23T12:17:21,{}
945184,funnel_start,2024-04-23T12:19:25,"{""funnel_type"": ""activity""}"
945184,profile_start,2024-04-23T12:19:32,{}
945187,funnel_start,2024-04-23T12:19:56,"{""funnel_type"": ""fasting""}"
945187,profile_start,2024-04-23T12:20:16,{}
945187,email_submit,2024-04-23T12:20:38,{}
945167,paywall_show,2024-04-23T12:21:54,{}
945333,funnel_start,2024-04-23T12:47:12,"{""funnel_type"": ""fasting""}"
945333,profile_start,2024-04-23T12:47:20,{}
945333,email_submit,2024-04-23T12:47:51,{}
945333,paywall_show,2024-04-23T12:52:23,{}
945547,funnel_start,2024-04-23T13:24:43,"{""funnel_type"": ""fasting""}"
945547,profile_start,2024-04-23T13:24:53,{}
945793,funnel_start,2024-04-23T14:11:18,"{""funnel_type"": ""activity""}"
945880,funnel_start,2024-04-23T14:27:15,"{""funnel_type"": ""yoga""}"
945880,profile_start,2024-04-23T14:27:29,{}
945880,paywall_show,2024-04-23T14:41:30,{}
946013,funnel_start,2024-04-23T14:49:20,"{""funnel_type"": ""fasting""}"
946013,profile_start,2024-04-23T14:49:33,{}
946013,email_submit,2024-04-23T14:49:47,{}
946013,paywall_show,2024-04-23T14:55:28,{}
946120,funnel_start,2024-04-23T15:04:44,"{""funnel_type"": ""fasting""}"
946120,profile_start,2024-04-23T15:04:57,{}
946120,email_submit,2024-04-23T15:05:13,{}
946120,paywall_show,2024-04-23T15:13:44,{}
946227,funnel_start,2024-04-23T15:21:51,"{""funnel_type"": ""yoga""}"
946227,profile_start,2024-04-23T15:22:03,{}
946299,funnel_start,2024-04-23T15:32:43,"{""funnel_type"": ""activity""}"
946299,profile_start,2024-04-23T15:32:47,{}
946299,email_submit,2024-04-23T15:33:23,{}
946227,paywall_show,2024-04-23T15:34:52,{}
946299,paywall_show,2024-04-23T15:39:23,{}
946375,funnel_start,2024-04-23T15:43:03,"{""funnel_type"": ""activity""}"
946375,profile_start,2024-04-23T15:43:12,{}
946375,email_submit,2024-04-23T15:43:30,{}
946375,paywall_show,2024-04-23T15:46:50,{}
947163,funnel_start,2024-04-23T18:00:10,"{""funnel_type"": ""activity""}"
947163,profile_start,2024-04-23T18:00:16,{}
947185,funnel_start,2024-04-23T18:03:25,"{""funnel_type"": ""activity""}"
947185,profile_start,2024-04-23T18:03:29,{}
947185,email_submit,2024-04-23T18:03:43,{}
947237,funnel_start,2024-04-23T18:09:39,"{""funnel_type"": ""activity""}"
947185,paywall_show,2024-04-23T18:11:51,{}
947300,funnel_start,2024-04-23T18:17:35,"{""funnel_type"": ""activity""}"
947556,funnel_start,2024-04-23T18:53:57,"{""funnel_type"": ""activity""}"
947556,profile_start,2024-04-23T18:54:03,{}
947556,email_submit,2024-04-23T18:54:35,{}
947556,paywall_show,2024-04-23T18:59:45,{}
947556,payment_done,2024-04-23T19:00:30,{}
947797,funnel_start,2024-04-23T19:27:53,"{""funnel_type"": ""fasting""}"
948051,funnel_start,2024-04-23T20:04:53,"{""funnel_type"": ""fasting""}"
948051,profile_start,2024-04-23T20:05:00,{}
948051,email_submit,2024-04-23T20:05:22,{}
948051,paywall_show,2024-04-23T20:14:52,{}
948364,funnel_start,2024-04-23T20:49:07,"{""funnel_type"": ""fasting""}"
948560,funnel_start,2024-04-23T21:13:10,"{""funnel_type"": ""fasting""}"
948560,profile_start,2024-04-23T21:13:14,{}
948560,email_submit,2024-04-23T21:13:41,{}
948560,paywall_show,2024-04-23T21:17:36,{}
948743,funnel_start,2024-04-23T21:35:48,"{""funnel_type"": ""activity""}"
949111,funnel_start,2024-04-23T22:20:34,"{""funnel_type"": ""fasting""}"
949111,profile_start,2024-04-23T22:20:43,{}
949111,email_submit,2024-04-23T22:21:02,{}
949111,paywall_show,2024-04-23T22:30:54,{}
949428,funnel_start,2024-04-23T22:55:51,"{""funnel_type"": ""activity""}"
949760,funnel_start,2024-04-23T23:33:02,"{""funnel_type"": ""activity""}"
949760,profile_start,2024-04-23T23:33:06,{}
949854,funnel_start,2024-04-23T23:45:35,"{""funnel_type"": ""fasting""}"
949905,funnel_start,2024-04-23T23:51:55,"{""funnel_type"": ""fasting""}"
949905,profile_start,2024-04-23T23:52:19,{}
949905,email_submit,2024-04-23T23:52:31,{}
950043,funnel_start,2024-04-24T00:13:25,"{""funnel_type"": ""activity""}"
950086,funnel_start,2024-04-24T00:21:50,"{""funnel_type"": ""activity""}"
950086,profile_start,2024-04-24T00:22:04,{}
950086,email_submit,2024-04-24T00:22:17,{}
950086,paywall_show,2024-04-24T00:36:41,{}
950260,funnel_start,2024-04-24T00:48:16,"{""funnel_type"": ""fasting""}"
950260,profile_start,2024-04-24T00:48:19,{}
950260,email_submit,2024-04-24T00:48:52,{}
950260,paywall_show,2024-04-24T00:54:09,{}
950798,funnel_start,2024-04-24T02:14:12,"{""funnel_type"": ""fasting""}"
950798,profile_start,2024-04-24T02:14:25,{}
950798,email_submit,2024-04-24T02:14:57,{}
950798,paywall_show,2024-04-24T02:20:45,{}
950836,funnel_start,2024-04-24T02:21:29,"{""funnel_type"": ""fasting""}"
951140,funnel_start,2024-04-24T03:35:50,"{""funnel_type"": ""activity""}"
951140,profile_start,2024-04-24T03:35:57,{}
951140,email_submit,2024-04-24T03:36:08,{}
951440,funnel_start,2024-04-24T05:01:38,"{""funnel_type"": ""activity""}"
951440,profile_start,2024-04-24T05:01:42,{}
951440,email_submit,2024-04-24T05:02:11,{}
951440,paywall_show,2024-04-24T05:06:08,{}
951521,funnel_start,2024-04-24T05:21:29,"{""funnel_type"": ""fasting""}"
951628,funnel_start,2024-04-24T05:57:32,"{""funnel_type"": ""fasting""}"
951628,profile_start,2024-04-24T05:57:44,{}
951628,email_submit,2024-04-24T05:58:03,{}
951814,funnel_start,2024-04-24T06:43:20,"{""funnel_type"": ""fasting""}"
952531,funnel_start,2024-04-24T09:13:32,"{""funnel_type"": ""activity""}"
952531,profile_start,2024-04-24T09:13:38,{}
952531,email_submit,2024-04-24T09:13:59,{}
952531,paywall_show,2024-04-24T09:23:45,{}
952531,payment_done,2024-04-24T09:26:46,{}
953012,funnel_start,2024-04-24T10:35:10,"{""funnel_type"": ""fasting""}"
953012,profile_start,2024-04-24T10:35:20,{}
953331,funnel_start,2024-04-24T11:31:53,"{""funnel_type"": ""activity""}"
953331,profile_start,2024-04-24T11:32:10,{}
953331,email_submit,2024-04-24T11:32:55,{}
953361,funnel_start,2024-04-24T11:36:48,"{""funnel_type"": ""activity""}"
953361,profile_start,2024-04-24T11:36:57,{}
953361,email_submit,2024-04-24T11:37:07,{}
953331,paywall_show,2024-04-24T11:43:58,{}
954057,funnel_start,2024-04-24T13:49:35,"{""funnel_type"": ""fasting""}"
954057,profile_start,2024-04-24T13:49:39,{}
954057,email_submit,2024-04-24T13:49:55,{}
954057,paywall_show,2024-04-24T13:53:23,{}
954173,funnel_start,2024-04-24T14:11:38,"{""funnel_type"": ""fasting""}"
954726,funnel_start,2024-04-24T15:50:54,"{""funnel_type"": ""yoga""}"
954794,funnel_start,2024-04-24T16:01:32,"{""funnel_type"": ""activity""}"
954794,profile_start,2024-04-24T16:01:44,{}
954794,email_submit,2024-04-24T16:02:46,{}
954794,paywall_show,2024-04-24T16:09:13,{}
955338,funnel_start,2024-04-24T17:23:25,"{""funnel_type"": ""activity""}"
955338,profile_start,2024-04-24T17:23:33,{}
955338,email_submit,2024-04-24T17:23:59,{}
955338,paywall_show,2024-04-24T17:43:21,{}
955529,funnel_start,2024-04-24T17:55:59,"{""funnel_type"": ""fasting""}"
955529,profile_start,2024-04-24T17:56:06,{}
955529,email_submit,2024-04-24T17:56:41,{}
955663,funnel_start,2024-04-24T18:17:02,"{""funnel_type"": ""activity""}"
955809,funnel_start,2024-04-24T18:38:32,"{""funnel_type"": ""activity""}"
955809,profile_start,2024-04-24T18:38:45,{}
955962,funnel_start,2024-04-24T19:01:03,"{""funnel_type"": ""activity""}"
955962,profile_start,2024-04-24T19:01:10,{}
956397,funnel_start,2024-04-24T19:59:59,"{""funnel_type"": ""activity""}"
956397,profile_start,2024-04-24T20:00:13,{}
956397,email_submit,2024-04-24T20:00:33,{}
956397,paywall_show,2024-04-24T20:19:07,{}
956599,funnel_start,2024-04-24T20:26:35,"{""funnel_type"": ""fasting""}"
956627,funnel_start,2024-04-24T20:31:00,"{""funnel_type"": ""fasting""}"
956627,profile_start,2024-04-24T20:31:07,{}
956627,email_submit,2024-04-24T20:31:28,{}
956627,paywall_show,2024-04-24T20:40:09,{}
957144,funnel_start,2024-04-24T21:38:34,"{""funnel_type"": ""activity""}"
957196,funnel_start,2024-04-24T21:44:28,"{""funnel_type"": ""fasting""}"
957196,profile_start,2024-04-24T21:44:38,{}
957196,email_submit,2024-04-24T21:44:59,{}
957640,funnel_start,2024-04-24T22:38:03,"{""funnel_type"": ""fasting""}"
957737,funnel_start,2024-04-24T22:49:11,"{""funnel_type"": ""fasting""}"
957737,profile_start,2024-04-24T22:49:24,{}
957737,email_submit,2024-04-24T22:49:47,{}
957737,paywall_show,2024-04-24T23:01:14,{}
957877,funnel_start,2024-04-24T23:06:26,"{""funnel_type"": ""fasting""}"
957877,profile_start,2024-04-24T23:06:41,{}
957892,funnel_start,2024-04-24T23:08:12,"{""funnel_type"": ""fasting""}"
957892,profile_start,2024-04-24T23:08:21,{}
957892,email_submit,2024-04-24T23:08:35,{}
958859,funnel_start,2024-04-25T01:20:17,"{""funnel_type"": ""yoga""}"
958859,profile_start,2024-04-25T01:20:25,{}
958880,funnel_start,2024-04-25T01:23:17,"{""funnel_type"": ""fasting""}"
958880,profile_start,2024-04-25T01:23:36,{}
958859,paywall_show,2024-04-25T01:24:09,{}
958880,email_submit,2024-04-25T01:24:22,{}
958859,payment_done,2024-04-25T01:27:01,{}
958859,email_submit,2024-04-25T01:27:28,{}
958880,paywall_show,2024-04-25T01:28:15,{}
958980,funnel_start,2024-04-25T01:38:50,"{""funnel_type"": ""fasting""}"
959041,funnel_start,2024-04-25T01:48:28,"{""funnel_type"": ""fasting""}"
959041,profile_start,2024-04-25T01:48:36,{}
959041,email_submit,2024-04-25T01:48:52,{}
959041,paywall_show,2024-04-25T02:08:35,{}
959041,payment_done,2024-04-25T02:10:24,{}
959284,funnel_start,2024-04-25T02:38:40,"{""funnel_type"": ""activity""}"
959351,funnel_start,2024-04-25T02:51:39,"{""funnel_type"": ""activity""}"
959351,profile_start,2024-04-25T02:51:44,{}
959351,email_submit,2024-04-25T02:52:00,{}
959375,funnel_start,2024-04-25T02:57:11,"{""funnel_type"": ""yoga""}"
959375,profile_start,2024-04-25T02:57:23,{}
959351,paywall_show,2024-04-25T02:59:15,{}
959375,paywall_show,2024-04-25T03:04:40,{}
959512,funnel_start,2024-04-25T03:33:17,"{""funnel_type"": ""activity""}"
959512,profile_start,2024-04-25T03:33:23,{}
959512,email_submit,2024-04-25T03:33:35,{}
959512,paywall_show,2024-04-25T03:42:36,{}
959764,funnel_start,2024-04-25T04:36:12,"{""funnel_type"": ""fasting""}"
960203,funnel_start,2024-04-25T06:39:44,"{""funnel_type"": ""activity""}"
960203,profile_start,2024-04-25T06:39:52,{}
960203,email_submit,2024-04-25T06:40:15,{}
960203,paywall_show,2024-04-25T06:44:55,{}
960203,payment_done,2024-04-25T06:46:10,{}
960456,funnel_start,2024-04-25T07:30:39,"{""funnel_type"": ""fasting""}"
960456,profile_start,2024-04-25T07:30:52,{}
960456,email_submit,2024-04-25T07:31:26,{}
960456,paywall_show,2024-04-25T07:36:39,{}
960536,funnel_start,2024-04-25T07:45:47,"{""funnel_type"": ""fasting""}"
960536,profile_start,2024-04-25T07:45:54,{}
960536,email_submit,2024-04-25T07:46:29,{}
960560,funnel_start,2024-04-25T07:51:08,"{""funnel_type"": ""activity""}"
960560,profile_start,2024-04-25T07:51:11,{}
960744,funnel_start,2024-04-25T08:26:02,"{""funnel_type"": ""fasting""}"
960744,profile_start,2024-04-25T08:26:07,{}
960744,email_submit,2024-04-25T08:26:36,{}
960744,paywall_show,2024-04-25T08:33:00,{}
961100,funnel_start,2024-04-25T09:27:34,"{""funnel_type"": ""fasting""}"
961100,profile_start,2024-04-25T09:27:47,{}
961100,email_submit,2024-04-25T09:28:06,{}
961100,paywall_show,2024-04-25T09:40:25,{}
961314,funnel_start,2024-04-25T10:04:57,"{""funnel_type"": ""activity""}"
961314,profile_start,2024-04-25T10:05:04,{}
961314,email_submit,2024-04-25T10:05:38,{}
961314,paywall_show,2024-04-25T10:08:09,{}
961338,funnel_start,2024-04-25T10:09:15,"{""funnel_type"": ""activity""}"
961338,profile_start,2024-04-25T10:09:22,{}
961338,email_submit,2024-04-25T10:09:45,{}
961367,funnel_start,2024-04-25T10:18:06,"{""funnel_type"": ""fasting""}"
961367,profile_start,2024-04-25T10:18:25,{}
961367,email_submit,2024-04-25T10:18:44,{}
961338,paywall_show,2024-04-25T10:19:21,{}
961381,funnel_start,2024-04-25T10:20:38,"{""funnel_type"": ""fasting""}"
961564,funnel_start,2024-04-25T10:52:27,"{""funnel_type"": ""fasting""}"
961564,profile_start,2024-04-25T10:52:33,{}
961667,funnel_start,2024-04-25T11:11:40,"{""funnel_type"": ""fasting""}"
961667,profile_start,2024-04-25T11:11:51,{}
961667,email_submit,2024-04-25T11:12:25,{}
961667,paywall_show,2024-04-25T11:17:53,{}
961951,funnel_start,2024-04-25T11:59:59,"{""funnel_type"": ""activity""}"
961951,profile_start,2024-04-25T12:00:06,{}
961951,email_submit,2024-04-25T12:00:31,{}
961975,funnel_start,2024-04-25T12:05:14,"{""funnel_type"": ""activity""}"
961975,profile_start,2024-04-25T12:05:19,{}
961975,email_submit,2024-04-25T12:05:42,{}
961951,paywall_show,2024-04-25T12:11:05,{}
961975,paywall_show,2024-04-25T12:17:00,{}
962125,funnel_start,2024-04-25T12:32:58,"{""funnel_type"": ""activity""}"
962125,profile_start,2024-04-25T12:33:12,{}
962125,email_submit,2024-04-25T12:33:35,{}
962125,paywall_show,2024-04-25T12:37:29,{}
963477,funnel_start,2024-04-25T16:26:58,"{""funnel_type"": ""fasting""}"
963839,funnel_start,2024-04-25T17:24:42,"{""funnel_type"": ""activity""}"
963839,profile_start,2024-04-25T17:24:46,{}
963839,email_submit,2024-04-25T17:25:05,{}
963839,paywall_show,2024-04-25T17:29:10,{}
964372,funnel_start,2024-04-25T18:45:34,"{""funnel_type"": ""activity""}"
964440,funnel_start,2024-04-25T18:57:09,"{""funnel_type"": ""activity""}"
964440,profile_start,2024-04-25T18:57:17,{}
964440,email_submit,2024-04-25T18:58:00,{}
964597,funnel_start,2024-04-25T19:19:17,"{""funnel_type"": ""activity""}"
964597,profile_start,2024-04-25T19:19:27,{}
964597,email_submit,2024-04-25T19:19:53,{}
964610,funnel_start,2024-04-25T19:20:57,"{""funnel_type"": ""activity""}"
964610,profile_start,2024-04-25T19:21:13,{}
964610,email_submit,2024-04-25T19:21:34,{}
964628,funnel_start,2024-04-25T19:24:51,"{""funnel_type"": ""fasting""}"
964597,paywall_show,2024-04-25T19:25:16,{}
964610,paywall_show,2024-04-25T19:28:10,{}
964755,funnel_start,2024-04-25T19:42:40,"{""funnel_type"": ""activity""}"
964755,profile_start,2024-04-25T19:42:52,{}
964755,email_submit,2024-04-25T19:43:14,{}
964783,funnel_start,2024-04-25T19:47:06,"{""funnel_type"": ""activity""}"
964783,profile_start,2024-04-25T19:47:12,{}
964801,funnel_start,2024-04-25T19:49:23,"{""funnel_type"": ""activity""}"
964755,paywall_show,2024-04-25T19:49:34,{}
964801,profile_start,2024-04-25T19:49:34,{}
964906,funnel_start,2024-04-25T20:02:30,"{""funnel_type"": ""fasting""}"
964906,profile_start,2024-04-25T20:02:41,{}
964906,email_submit,2024-04-25T20:03:05,{}
964938,funnel_start,2024-04-25T20:06:57,"{""funnel_type"": ""fasting""}"
964938,profile_start,2024-04-25T20:07:09,{}
964938,email_submit,2024-04-25T20:07:45,{}
964938,paywall_show,2024-04-25T20:12:37,{}
964988,funnel_start,2024-04-25T20:13:37,"{""funnel_type"": ""fasting""}"
964988,profile_start,2024-04-25T20:13:42,{}
964988,email_submit,2024-04-25T20:13:56,{}
965027,funnel_start,2024-04-25T20:18:36,"{""funnel_type"": ""activity""}"
965027,profile_start,2024-04-25T20:18:48,{}
965027,email_submit,2024-04-25T20:19:05,{}
964988,paywall_show,2024-04-25T20:20:26,{}
965141,funnel_start,2024-04-25T20:34:03,"{""funnel_type"": ""fasting""}"
965141,profile_start,2024-04-25T20:34:10,{}
965141,email_submit,2024-04-25T20:34:30,{}
965141,paywall_show,2024-04-25T20:40:34,{}
965339,funnel_start,2024-04-25T20:59:39,"{""funnel_type"": ""fasting""}"
965339,profile_start,2024-04-25T20:59:54,{}
965339,email_submit,2024-04-25T21:00:21,{}
965339,paywall_show,2024-04-25T21:03:52,{}
965385,funnel_start,2024-04-25T21:05:12,"{""funnel_type"": ""fasting""}"
965385,profile_start,2024-04-25T21:05:30,{}
965385,email_submit,2024-04-25T21:05:59,{}
965412,funnel_start,2024-04-25T21:07:56,"{""funnel_type"": ""fasting""}"
965412,profile_start,2024-04-25T21:08:05,{}
965412,email_submit,2024-04-25T21:08:18,{}
965419,funnel_start,2024-04-25T21:08:59,"{""funnel_type"": ""fasting""}"
965419,profile_start,2024-04-25T21:09:10,{}
965419,email_submit,2024-04-25T21:09:22,{}
965385,paywall_show,2024-04-25T21:15:19,{}
965412,paywall_show,2024-04-25T21:17:13,{}
965419,paywall_show,2024-04-25T21:17:20,{}
965854,funnel_start,2024-04-25T22:03:35,"{""funnel_type"": ""activity""}"
966082,funnel_start,2024-04-25T22:29:09,"{""funnel_type"": ""activity""}"
966084,funnel_start,2024-04-25T22:29:16,"{""funnel_type"": ""activity""}"
966084,profile_start,2024-04-25T22:29:20,{}
966084,email_submit,2024-04-25T22:29:46,{}
966308,funnel_start,2024-04-25T22:51:09,"{""funnel_type"": ""activity""}"
966308,profile_start,2024-04-25T22:51:19,{}
966308,email_submit,2024-04-25T22:51:36,{}
966337,funnel_start,2024-04-25T22:54:11,"{""funnel_type"": ""yoga""}"
966337,profile_start,2024-04-25T22:54:27,{}
966337,paywall_show,2024-04-25T23:03:13,{}
966904,funnel_start,2024-04-26T00:08:37,"{""funnel_type"": ""fasting""}"
966904,profile_start,2024-04-26T00:08:40,{}
966904,email_submit,2024-04-26T00:09:15,{}
966904,paywall_show,2024-04-26T00:33:37,{}
967113,funnel_start,2024-04-26T00:39:04,"{""funnel_type"": ""activity""}"
967113,profile_start,2024-04-26T00:39:11,{}
967266,funnel_start,2024-04-26T01:02:18,"{""funnel_type"": ""fasting""}"
967266,profile_start,2024-04-26T01:02:39,{}
967266,email_submit,2024-04-26T01:03:05,{}
967266,paywall_show,2024-04-26T01:10:33,{}
967909,funnel_start,2024-04-26T03:04:11,"{""funnel_type"": ""activity""}"
967909,profile_start,2024-04-26T03:04:16,{}
967909,email_submit,2024-04-26T03:04:59,{}
967937,funnel_start,2024-04-26T03:11:01,"{""funnel_type"": ""fasting""}"
967959,funnel_start,2024-04-26T03:15:03,"{""funnel_type"": ""fasting""}"
967959,profile_start,2024-04-26T03:15:16,{}
967959,email_submit,2024-04-26T03:15:45,{}
967959,paywall_show,2024-04-26T03:23:37,{}
968087,funnel_start,2024-04-26T03:47:33,"{""funnel_type"": ""activity""}"
968213,funnel_start,2024-04-26T04:20:15,"{""funnel_type"": ""activity""}"
968213,profile_start,2024-04-26T04:20:20,{}
968492,funnel_start,2024-04-26T05:39:29,"{""funnel_type"": ""fasting""}"
968492,profile_start,2024-04-26T05:39:43,{}
969359,funnel_start,2024-04-26T08:55:28,"{""funnel_type"": ""yoga""}"
969439,funnel_start,2024-04-26T09:08:40,"{""funnel_type"": ""fasting""}"
969466,funnel_start,2024-04-26T09:14:07,"{""funnel_type"": ""fasting""}"
969466,profile_start,2024-04-26T09:14:17,{}
969466,email_submit,2024-04-26T09:14:35,{}
969466,paywall_show,2024-04-26T09:31:26,{}
970136,funnel_start,2024-04-26T11:04:44,"{""funnel_type"": ""fasting""}"
970136,profile_start,2024-04-26T11:04:53,{}
970639,funnel_start,2024-04-26T12:31:22,"{""funnel_type"": ""activity""}"
971046,funnel_start,2024-04-26T13:43:22,"{""funnel_type"": ""fasting""}"
971046,profile_start,2024-04-26T13:43:34,{}
971065,funnel_start,2024-04-26T13:47:18,"{""funnel_type"": ""activity""}"
971148,funnel_start,2024-04-26T14:04:12,"{""funnel_type"": ""fasting""}"
971237,funnel_start,2024-04-26T14:19:32,"{""funnel_type"": ""activity""}"
971237,profile_start,2024-04-26T14:19:38,{}
971530,funnel_start,2024-04-26T15:13:05,"{""funnel_type"": ""fasting""}"
971530,profile_start,2024-04-26T15:13:21,{}
971671,funnel_start,2024-04-26T15:39:20,"{""funnel_type"": ""fasting""}"
971671,profile_start,2024-04-26T15:39:40,{}
971671,email_submit,2024-04-26T15:39:52,{}
971949,funnel_start,2024-04-26T16:33:53,"{""funnel_type"": ""activity""}"
972098,funnel_start,2024-04-26T16:59:47,"{""funnel_type"": ""yoga""}"
972098,profile_start,2024-04-26T17:00:01,{}
972632,funnel_start,2024-04-26T18:28:17,"{""funnel_type"": ""fasting""}"
972632,profile_start,2024-04-26T18:28:34,{}
972632,email_submit,2024-04-26T18:28:52,{}
972632,paywall_show,2024-04-26T18:33:10,{}
973423,funnel_start,2024-04-26T20:27:39,"{""funnel_type"": ""fasting""}"
973423,profile_start,2024-04-26T20:27:44,{}
973423,email_submit,2024-04-26T20:28:33,{}
973506,funnel_start,2024-04-26T20:38:44,"{""funnel_type"": ""activity""}"
973506,profile_start,2024-04-26T20:38:49,{}
973423,paywall_show,2024-04-26T20:43:27,{}
973572,funnel_start,2024-04-26T20:48:16,"{""funnel_type"": ""activity""}"
973572,profile_start,2024-04-26T20:48:23,{}
973572,email_submit,2024-04-26T20:48:41,{}
973611,funnel_start,2024-04-26T20:53:40,"{""funnel_type"": ""fasting""}"
973611,profile_start,2024-04-26T20:53:58,{}
973572,paywall_show,2024-04-26T20:54:09,{}
973611,email_submit,2024-04-26T20:54:24,{}
973660,funnel_start,2024-04-26T20:59:10,"{""funnel_type"": ""yoga""}"
973660,profile_start,2024-04-26T20:59:36,{}
973611,paywall_show,2024-04-26T21:02:28,{}
973840,funnel_start,2024-04-26T21:20:35,"{""funnel_type"": ""activity""}"
973840,profile_start,2024-04-26T21:20:42,{}
973840,email_submit,2024-04-26T21:21:12,{}
973840,paywall_show,2024-04-26T21:28:49,{}
974038,funnel_start,2024-04-26T21:45:53,"{""funnel_type"": ""fasting""}"
974038,profile_start,2024-04-26T21:46:03,{}
974158,funnel_start,2024-04-26T22:00:40,"{""funnel_type"": ""activity""}"
974158,profile_start,2024-04-26T22:00:48,{}
974158,email_submit,2024-04-26T22:01:14,{}
974206,funnel_start,2024-04-26T22:06:46,"{""funnel_type"": ""yoga""}"
974206,profile_start,2024-04-26T22:06:52,{}
974158,paywall_show,2024-04-26T22:09:27,{}
974206,paywall_show,2024-04-26T22:15:31,{}
974746,funnel_start,2024-04-26T23:13:31,"{""funnel_type"": ""fasting""}"
974746,profile_start,2024-04-26T23:13:40,{}
974746,email_submit,2024-04-26T23:13:58,{}
974746,paywall_show,2024-04-26T23:21:01,{}
974746,payment_done,2024-04-26T23:22:50,{}
974902,funnel_start,2024-04-26T23:33:05,"{""funnel_type"": ""activity""}"
974902,profile_start,2024-04-26T23:33:16,{}
974902,email_submit,2024-04-26T23:33:46,{}
974902,paywall_show,2024-04-26T23:52:33,{}
975240,funnel_start,2024-04-27T00:18:34,"{""funnel_type"": ""fasting""}"
975240,profile_start,2024-04-27T00:19:01,{}
975240,email_submit,2024-04-27T00:19:25,{}
975396,funnel_start,2024-04-27T00:41:33,"{""funnel_type"": ""activity""}"
975396,profile_start,2024-04-27T00:41:42,{}
975396,email_submit,2024-04-27T00:42:07,{}
975396,paywall_show,2024-04-27T00:48:25,{}
975905,funnel_start,2024-04-27T01:58:10,"{""funnel_type"": ""activity""}"
975905,profile_start,2024-04-27T01:58:16,{}
975905,email_submit,2024-04-27T01:58:29,{}
975905,paywall_show,2024-04-27T02:04:19,{}
976208,funnel_start,2024-04-27T03:08:53,"{""funnel_type"": ""fasting""}"
976208,profile_start,2024-04-27T03:09:02,{}
976208,email_submit,2024-04-27T03:09:19,{}
976208,paywall_show,2024-04-27T03:14:25,{}
976503,funnel_start,2024-04-27T04:41:54,"{""funnel_type"": ""fasting""}"
976859,funnel_start,2024-04-27T06:29:12,"{""funnel_type"": ""fasting""}"
976859,profile_start,2024-04-27T06:29:30,{}
977029,funnel_start,2024-04-27T07:12:51,"{""funnel_type"": ""yoga""}"
977029,profile_start,2024-04-27T07:13:15,{}
977029,paywall_show,2024-04-27T07:27:57,{}
977220,funnel_start,2024-04-27T07:51:15,"{""funnel_type"": ""fasting""}"
977238,funnel_start,2024-04-27T07:57:38,"{""funnel_type"": ""fasting""}"
977288,funnel_start,2024-04-27T08:07:22,"{""funnel_type"": ""fasting""}"
977288,profile_start,2024-04-27T08:07:40,{}
977288,email_submit,2024-04-27T08:08:03,{}
977288,paywall_show,2024-04-27T08:13:30,{}
977500,funnel_start,2024-04-27T08:43:15,"{""funnel_type"": ""fasting""}"
977500,profile_start,2024-04-27T08:43:22,{}
977500,email_submit,2024-04-27T08:43:43,{}
977524,funnel_start,2024-04-27T08:47:32,"{""funnel_type"": ""activity""}"
977524,profile_start,2024-04-27T08:47:45,{}
977524,email_submit,2024-04-27T08:47:57,{}
977552,funnel_start,2024-04-27T08:52:48,"{""funnel_type"": ""fasting""}"
977500,paywall_show,2024-04-27T08:54:01,{}
977563,funnel_start,2024-04-27T08:55:21,"{""funnel_type"": ""fasting""}"
977563,profile_start,2024-04-27T08:55:43,{}
977563,email_submit,2024-04-27T08:55:59,{}
977524,paywall_show,2024-04-27T09:00:33,{}
977563,paywall_show,2024-04-27T09:09:06,{}
977888,funnel_start,2024-04-27T09:54:05,"{""funnel_type"": ""fasting""}"
977968,funnel_start,2024-04-27T10:05:42,"{""funnel_type"": ""fasting""}"
977968,profile_start,2024-04-27T10:06:02,{}
977968,email_submit,2024-04-27T10:06:32,{}
977968,paywall_show,2024-04-27T10:17:11,{}
978248,funnel_start,2024-04-27T10:49:43,"{""funnel_type"": ""fasting""}"
978248,profile_start,2024-04-27T10:49:51,{}
978248,email_submit,2024-04-27T10:50:37,{}
978248,paywall_show,2024-04-27T11:04:43,{}
978983,funnel_start,2024-04-27T13:02:50,"{""funnel_type"": ""fasting""}"
978983,profile_start,2024-04-27T13:03:04,{}
978983,email_submit,2024-04-27T13:03:16,{}
978983,paywall_show,2024-04-27T13:11:40,{}
979288,funnel_start,2024-04-27T13:57:42,"{""funnel_type"": ""activity""}"
979592,funnel_start,2024-04-27T14:53:08,"{""funnel_type"": ""activity""}"
979592,profile_start,2024-04-27T14:53:13,{}
979686,funnel_start,2024-04-27T15:11:04,"{""funnel_type"": ""activity""}"
979755,funnel_start,2024-04-27T15:23:49,"{""funnel_type"": ""activity""}"
979755,profile_start,2024-04-27T15:23:57,{}
979755,email_submit,2024-04-27T15:24:15,{}
979755,paywall_show,2024-04-27T15:31:32,{}
980219,funnel_start,2024-04-27T16:41:50,"{""funnel_type"": ""activity""}"
980294,funnel_start,2024-04-27T16:55:32,"{""funnel_type"": ""fasting""}"
980294,profile_start,2024-04-27T16:55:41,{}
980294,email_submit,2024-04-27T16:56:41,{}
980328,funnel_start,2024-04-27T17:00:54,"{""funnel_type"": ""activity""}"
980328,profile_start,2024-04-27T17:00:59,{}
980294,paywall_show,2024-04-27T17:06:28,{}
980294,payment_done,2024-04-27T17:07:40,{}
980738,funnel_start,2024-04-27T18:03:55,"{""funnel_type"": ""fasting""}"
980738,profile_start,2024-04-27T18:04:00,{}
980738,email_submit,2024-04-27T18:04:23,{}
980753,funnel_start,2024-04-27T18:05:41,"{""funnel_type"": ""fasting""}"
980753,profile_start,2024-04-27T18:05:47,{}
980753,email_submit,2024-04-27T18:06:14,{}
980777,funnel_start,2024-04-27T18:09:30,"{""funnel_type"": ""fasting""}"
980777,profile_start,2024-04-27T18:09:41,{}
980777,email_submit,2024-04-27T18:10:04,{}
980738,paywall_show,2024-04-27T18:11:02,{}
980799,funnel_start,2024-04-27T18:12:19,"{""funnel_type"": ""fasting""}"
980777,paywall_show,2024-04-27T18:23:36,{}
980945,funnel_start,2024-04-27T18:32:30,"{""funnel_type"": ""fasting""}"
980945,profile_start,2024-04-27T18:32:36,{}
980945,email_submit,2024-04-27T18:32:53,{}
980945,paywall_show,2024-04-27T18:47:52,{}
981382,funnel_start,2024-04-27T19:35:48,"{""funnel_type"": ""fasting""}"
981394,funnel_start,2024-04-27T19:38:11,"{""funnel_type"": ""fasting""}"
981463,funnel_start,2024-04-27T19:47:57,"{""funnel_type"": ""yoga""}"
981549,funnel_start,2024-04-27T20:00:41,"{""funnel_type"": ""activity""}"
981549,profile_start,2024-04-27T20:00:48,{}
981549,email_submit,2024-04-27T20:01:17,{}
981549,paywall_show,2024-04-27T20:05:06,{}
982084,funnel_start,2024-04-27T21:11:14,"{""funnel_type"": ""activity""}"
982220,funnel_start,2024-04-27T21:27:18,"{""funnel_type"": ""fasting""}"
982220,profile_start,2024-04-27T21:27:33,{}
982220,email_submit,2024-04-27T21:27:58,{}
982220,paywall_show,2024-04-27T21:32:37,{}
982430,funnel_start,2024-04-27T21:56:46,"{""funnel_type"": ""fasting""}"
982430,profile_start,2024-04-27T21:56:57,{}
982430,email_submit,2024-04-27T21:57:18,{}
982440,funnel_start,2024-04-27T21:57:55,"{""funnel_type"": ""yoga""}"
982440,profile_start,2024-04-27T21:58:05,{}
982471,funnel_start,2024-04-27T22:01:26,"{""funnel_type"": ""fasting""}"
982471,profile_start,2024-04-27T22:01:41,{}
982471,email_submit,2024-04-27T22:02:03,{}
982430,paywall_show,2024-04-27T22:03:50,{}
982430,payment_done,2024-04-27T22:06:42,{}
982471,paywall_show,2024-04-27T22:16:03,{}
982752,funnel_start,2024-04-27T22:36:01,"{""funnel_type"": ""activity""}"
982752,profile_start,2024-04-27T22:36:12,{}
982752,email_submit,2024-04-27T22:36:35,{}
982815,funnel_start,2024-04-27T22:43:10,"{""funnel_type"": ""fasting""}"
982752,paywall_show,2024-04-27T22:47:16,{}
983162,funnel_start,2024-04-27T23:24:54,"{""funnel_type"": ""activity""}"
983162,profile_start,2024-04-27T23:25:03,{}
983188,funnel_start,2024-04-27T23:27:55,"{""funnel_type"": ""fasting""}"
983188,profile_start,2024-04-27T23:27:59,{}
983188,email_submit,2024-04-27T23:28:20,{}
983331,funnel_start,2024-04-27T23:46:47,"{""funnel_type"": ""fasting""}"
983503,funnel_start,2024-04-28T00:04:49,"{""funnel_type"": ""activity""}"
983503,profile_start,2024-04-28T00:04:56,{}
983503,email_submit,2024-04-28T00:05:11,{}
983503,paywall_show,2024-04-28T00:08:20,{}
984025,funnel_start,2024-04-28T01:26:36,"{""funnel_type"": ""activity""}"
984025,profile_start,2024-04-28T01:26:42,{}
984025,email_submit,2024-04-28T01:27:36,{}
984025,paywall_show,2024-04-28T01:36:27,{}
984236,funnel_start,2024-04-28T02:03:28,"{""funnel_type"": ""activity""}"
984236,profile_start,2024-04-28T02:03:33,{}
984236,email_submit,2024-04-28T02:04:07,{}
984236,paywall_show,2024-04-28T02:09:43,{}
984259,funnel_start,2024-04-28T02:10:10,"{""funnel_type"": ""activity""}"
984259,profile_start,2024-04-28T02:10:16,{}
984259,email_submit,2024-04-28T02:10:28,{}
984259,paywall_show,2024-04-28T02:14:32,{}
984407,funnel_start,2024-04-28T02:45:13,"{""funnel_type"": ""fasting""}"
984407,profile_start,2024-04-28T02:45:20,{}
984541,funnel_start,2024-04-28T03:19:58,"{""funnel_type"": ""fasting""}"
984541,profile_start,2024-04-28T03:20:09,{}
984542,funnel_start,2024-04-28T03:20:10,"{""funnel_type"": ""fasting""}"
984542,profile_start,2024-04-28T03:20:20,{}
984541,email_submit,2024-04-28T03:20:35,{}
984542,email_submit,2024-04-28T03:20:38,{}
984541,paywall_show,2024-04-28T03:25:22,{}
984541,payment_done,2024-04-28T03:26:48,{}
984542,paywall_show,2024-04-28T03:34:17,{}
984966,funnel_start,2024-04-28T05:22:35,"{""funnel_type"": ""fasting""}"
985423,funnel_start,2024-04-28T07:16:26,"{""funnel_type"": ""activity""}"
985491,funnel_start,2024-04-28T07:29:32,"{""funnel_type"": ""fasting""}"
985491,profile_start,2024-04-28T07:29:41,{}
985491,email_submit,2024-04-28T07:29:57,{}
985491,paywall_show,2024-04-28T07:41:50,{}
985995,funnel_start,2024-04-28T09:09:24,"{""funnel_type"": ""fasting""}"
986017,funnel_start,2024-04-28T09:14:17,"{""funnel_type"": ""fasting""}"
986017,profile_start,2024-04-28T09:14:41,{}
986017,email_submit,2024-04-28T09:15:07,{}
986017,paywall_show,2024-04-28T09:21:03,{}
986163,funnel_start,2024-04-28T09:41:14,"{""funnel_type"": ""fasting""}"
986251,funnel_start,2024-04-28T09:56:22,"{""funnel_type"": ""fasting""}"
986251,profile_start,2024-04-28T09:56:29,{}
986251,email_submit,2024-04-28T09:56:51,{}
986251,paywall_show,2024-04-28T10:01:27,{}
986363,funnel_start,2024-04-28T10:16:47,"{""funnel_type"": ""fasting""}"
986363,profile_start,2024-04-28T10:17:03,{}
986363,email_submit,2024-04-28T10:17:38,{}
986363,paywall_show,2024-04-28T10:23:59,{}
986505,funnel_start,2024-04-28T10:38:29,"{""funnel_type"": ""fasting""}"
986505,profile_start,2024-04-28T10:38:41,{}
986505,email_submit,2024-04-28T10:38:57,{}
986563,funnel_start,2024-04-28T10:47:13,"{""funnel_type"": ""fasting""}"
986563,profile_start,2024-04-28T10:47:32,{}
986563,email_submit,2024-04-28T10:47:54,{}
986563,paywall_show,2024-04-28T10:53:17,{}
986505,paywall_show,2024-04-28T10:58:23,{}
986729,funnel_start,2024-04-28T11:13:48,"{""funnel_type"": ""yoga""}"
986799,funnel_start,2024-04-28T11:26:32,"{""funnel_type"": ""fasting""}"
986799,profile_start,2024-04-28T11:26:49,{}
986914,funnel_start,2024-04-28T11:47:56,"{""funnel_type"": ""activity""}"
986914,profile_start,2024-04-28T11:48:02,{}
986914,email_submit,2024-04-28T11:48:48,{}
986914,paywall_show,2024-04-28T12:01:15,{}
987184,funnel_start,2024-04-28T12:31:54,"{""funnel_type"": ""fasting""}"
987184,profile_start,2024-04-28T12:32:09,{}
987184,email_submit,2024-04-28T12:32:21,{}
987184,paywall_show,2024-04-28T12:38:37,{}
987231,funnel_start,2024-04-28T12:40:26,"{""funnel_type"": ""yoga""}"
987231,profile_start,2024-04-28T12:40:47,{}
987231,paywall_show,2024-04-28T12:48:50,{}
987303,funnel_start,2024-04-28T12:52:22,"{""funnel_type"": ""yoga""}"
987704,funnel_start,2024-04-28T14:10:11,"{""funnel_type"": ""activity""}"
987704,profile_start,2024-04-28T14:10:18,{}
987756,funnel_start,2024-04-28T14:19:24,"{""funnel_type"": ""fasting""}"
987756,profile_start,2024-04-28T14:19:38,{}
987781,funnel_start,2024-04-28T14:22:06,"{""funnel_type"": ""activity""}"
987781,profile_start,2024-04-28T14:22:13,{}
987781,email_submit,2024-04-28T14:22:21,{}
987781,paywall_show,2024-04-28T14:30:03,{}
987905,funnel_start,2024-04-28T14:45:27,"{""funnel_type"": ""yoga""}"
987905,profile_start,2024-04-28T14:45:41,{}
988204,funnel_start,2024-04-28T15:35:19,"{""funnel_type"": ""fasting""}"
988204,profile_start,2024-04-28T15:35:27,{}
988204,email_submit,2024-04-28T15:35:42,{}
988232,funnel_start,2024-04-28T15:39:50,"{""funnel_type"": ""fasting""}"
988204,paywall_show,2024-04-28T15:41:18,{}
988493,funnel_start,2024-04-28T16:21:53,"{""funnel_type"": ""activity""}"
988493,profile_start,2024-04-28T16:22:05,{}
988493,email_submit,2024-04-28T16:22:32,{}
988493,paywall_show,2024-04-28T16:26:30,{}
988560,funnel_start,2024-04-28T16:32:31,"{""funnel_type"": ""fasting""}"
988560,profile_start,2024-04-28T16:32:43,{}
988560,email_submit,2024-04-28T16:33:26,{}
988560,paywall_show,2024-04-28T16:42:34,{}
988860,funnel_start,2024-04-28T17:29:57,"{""funnel_type"": ""fasting""}"
989443,funnel_start,2024-04-28T18:54:53,"{""funnel_type"": ""activity""}"
989978,funnel_start,2024-04-28T20:12:02,"{""funnel_type"": ""fasting""}"
989978,profile_start,2024-04-28T20:12:13,{}
989978,email_submit,2024-04-28T20:12:39,{}
989984,funnel_start,2024-04-28T20:12:44,"{""funnel_type"": ""activity""}"
989984,profile_start,2024-04-28T20:12:53,{}
989984,email_submit,2024-04-28T20:13:24,{}
989984,paywall_show,2024-04-28T20:16:43,{}
989978,paywall_show,2024-04-28T20:23:34,{}
990100,funnel_start,2024-04-28T20:28:23,"{""funnel_type"": ""fasting""}"
990100,profile_start,2024-04-28T20:28:30,{}
990100,email_submit,2024-04-28T20:28:55,{}
990306,funnel_start,2024-04-28T20:58:04,"{""funnel_type"": ""activity""}"
990414,funnel_start,2024-04-28T21:13:07,"{""funnel_type"": ""activity""}"
990414,profile_start,2024-04-28T21:13:13,{}
990414,email_submit,2024-04-28T21:13:30,{}
990414,paywall_show,2024-04-28T21:26:05,{}
990635,funnel_start,2024-04-28T21:43:08,"{""funnel_type"": ""fasting""}"
990635,profile_start,2024-04-28T21:43:17,{}
990635,email_submit,2024-04-28T21:43:49,{}
990635,paywall_show,2024-04-28T21:54:31,{}
990925,funnel_start,2024-04-28T22:16:03,"{""funnel_type"": ""fasting""}"
990925,profile_start,2024-04-28T22:16:19,{}
990925,email_submit,2024-04-28T22:16:59,{}
991351,funnel_start,2024-04-28T23:05:01,"{""funnel_type"": ""fasting""}"
991351,profile_start,2024-04-28T23:05:07,{}
991530,funnel_start,2024-04-28T23:28:19,"{""funnel_type"": ""fasting""}"
991530,profile_start,2024-04-28T23:28:45,{}
991530,email_submit,2024-04-28T23:29:00,{}
991530,paywall_show,2024-04-28T23:37:32,{}
992194,funnel_start,2024-04-29T01:06:28,"{""funnel_type"": ""fasting""}"
992194,profile_start,2024-04-29T01:06:36,{}
992194,email_submit,2024-04-29T01:06:54,{}
992194,paywall_show,2024-04-29T01:12:15,{}
992194,payment_done,2024-04-29T01:13:12,{}
992545,funnel_start,2024-04-29T02:20:55,"{""funnel_type"": ""fasting""}"
992545,profile_start,2024-04-29T02:21:10,{}
992545,email_submit,2024-04-29T02:21:34,{}
992545,paywall_show,2024-04-29T02:31:30,{}
992619,funnel_start,2024-04-29T02:36:48,"{""funnel_type"": ""activity""}"
992619,profile_start,2024-04-29T02:36:53,{}
992619,email_submit,2024-04-29T02:37:06,{}
992656,funnel_start,2024-04-29T02:44:05,"{""funnel_type"": ""activity""}"
992656,profile_start,2024-04-29T02:44:08,{}
992656,email_submit,2024-04-29T02:44:18,{}
992619,paywall_show,2024-04-29T02:52:45,{}
992656,paywall_show,2024-04-29T02:53:21,{}
992800,funnel_start,2024-04-29T03:17:02,"{""funnel_type"": ""yoga""}"
992800,profile_start,2024-04-29T03:17:23,{}
992800,paywall_show,2024-04-29T03:24:11,{}
993099,funnel_start,2024-04-29T04:37:16,"{""funnel_type"": ""fasting""}"
993099,profile_start,2024-04-29T04:37:23,{}
993099,email_submit,2024-04-29T04:37:51,{}
993152,funnel_start,2024-04-29T04:50:12,"{""funnel_type"": ""fasting""}"
993152,profile_start,2024-04-29T04:50:31,{}
993411,funnel_start,2024-04-29T06:04:10,"{""funnel_type"": ""fasting""}"
993411,profile_start,2024-04-29T06:04:25,{}
993411,email_submit,2024-04-29T06:04:41,{}
993477,funnel_start,2024-04-29T06:22:29,"{""funnel_type"": ""fasting""}"
993533,funnel_start,2024-04-29T06:34:10,"{""funnel_type"": ""yoga""}"
993533,profile_start,2024-04-29T06:34:49,{}
993533,paywall_show,2024-04-29T06:58:52,{}
993760,funnel_start,2024-04-29T07:30:32,"{""funnel_type"": ""activity""}"
993760,profile_start,2024-04-29T07:30:37,{}
993760,email_submit,2024-04-29T07:30:59,{}
993768,funnel_start,2024-04-29T07:33:23,"{""funnel_type"": ""activity""}"
993768,profile_start,2024-04-29T07:33:30,{}
993768,email_submit,2024-04-29T07:33:52,{}
993760,paywall_show,2024-04-29T07:35:20,{}
993760,payment_done,2024-04-29T07:37:13,{}
993768,paywall_show,2024-04-29T07:44:57,{}
994228,funnel_start,2024-04-29T09:01:39,"{""funnel_type"": ""activity""}"
994228,profile_start,2024-04-29T09:01:48,{}
994228,email_submit,2024-04-29T09:02:07,{}
994228,paywall_show,2024-04-29T09:05:30,{}
994440,funnel_start,2024-04-29T09:39:13,"{""funnel_type"": ""yoga""}"
994440,profile_start,2024-04-29T09:39:23,{}
994440,paywall_show,2024-04-29T09:42:30,{}
994654,funnel_start,2024-04-29T10:16:35,"{""funnel_type"": ""fasting""}"
994654,profile_start,2024-04-29T10:16:45,{}
994654,email_submit,2024-04-29T10:17:06,{}
994654,paywall_show,2024-04-29T10:29:27,{}
995139,funnel_start,2024-04-29T11:36:45,"{""funnel_type"": ""activity""}"
995278,funnel_start,2024-04-29T12:00:01,"{""funnel_type"": ""fasting""}"
995278,profile_start,2024-04-29T12:00:18,{}
995278,email_submit,2024-04-29T12:00:54,{}
995315,funnel_start,2024-04-29T12:08:22,"{""funnel_type"": ""activity""}"
995315,profile_start,2024-04-29T12:08:27,{}
995315,email_submit,2024-04-29T12:08:41,{}
995315,paywall_show,2024-04-29T12:14:33,{}
995387,funnel_start,2024-04-29T12:22:27,"{""funnel_type"": ""fasting""}"
995453,funnel_start,2024-04-29T12:33:08,"{""funnel_type"": ""fasting""}"
995453,profile_start,2024-04-29T12:33:19,{}
995453,email_submit,2024-04-29T12:33:34,{}
995453,paywall_show,2024-04-29T12:40:57,{}
995506,funnel_start,2024-04-29T12:43:52,"{""funnel_type"": ""yoga""}"
995506,profile_start,2024-04-29T12:44:16,{}
995506,paywall_show,2024-04-29T12:54:54,{}
995703,funnel_start,2024-04-29T13:21:21,"{""funnel_type"": ""activity""}"
995703,profile_start,2024-04-29T13:21:28,{}
996071,funnel_start,2024-04-29T14:31:01,"{""funnel_type"": ""activity""}"
996071,profile_start,2024-04-29T14:31:08,{}
996071,email_submit,2024-04-29T14:31:32,{}
996071,paywall_show,2024-04-29T14:36:04,{}
996071,payment_done,2024-04-29T14:37:09,{}
996135,funnel_start,2024-04-29T14:43:59,"{""funnel_type"": ""activity""}"
996135,profile_start,2024-04-29T14:44:03,{}
996135,email_submit,2024-04-29T14:44:35,{}
996135,paywall_show,2024-04-29T14:51:53,{}
996135,payment_done,2024-04-29T14:53:25,{}
996666,funnel_start,2024-04-29T16:18:16,"{""funnel_type"": ""fasting""}"
996666,profile_start,2024-04-29T16:18:29,{}
996666,email_submit,2024-04-29T16:19:07,{}
996666,paywall_show,2024-04-29T16:23:47,{}
996666,payment_done,2024-04-29T16:26:28,{}
996827,funnel_start,2024-04-29T16:43:15,"{""funnel_type"": ""activity""}"
996827,profile_start,2024-04-29T16:43:35,{}
996827,email_submit,2024-04-29T16:43:48,{}
996827,paywall_show,2024-04-29T16:51:59,{}
996997,funnel_start,2024-04-29T17:10:58,"{""funnel_type"": ""fasting""}"
996997,profile_start,2024-04-29T17:11:05,{}
996997,email_submit,2024-04-29T17:11:16,{}
996997,paywall_show,2024-04-29T17:20:46,{}
997088,funnel_start,2024-04-29T17:25:34,"{""funnel_type"": ""fasting""}"
997088,profile_start,2024-04-29T17:25:47,{}
997088,email_submit,2024-04-29T17:25:55,{}
997096,funnel_start,2024-04-29T17:26:39,"{""funnel_type"": ""fasting""}"
997096,profile_start,2024-04-29T17:26:49,{}
997096,email_submit,2024-04-29T17:27:05,{}
997104,funnel_start,2024-04-29T17:27:48,"{""funnel_type"": ""activity""}"
997104,profile_start,2024-04-29T17:27:54,{}
997104,email_submit,2024-04-29T17:28:17,{}
997088,paywall_show,2024-04-29T17:33:44,{}
997104,paywall_show,2024-04-29T17:35:45,{}
997167,funnel_start,2024-04-29T17:36:26,"{""funnel_type"": ""activity""}"
997167,profile_start,2024-04-29T17:36:35,{}
997167,email_submit,2024-04-29T17:36:49,{}
997096,paywall_show,2024-04-29T17:37:17,{}
997104,payment_done,2024-04-29T17:37:28,{}
997167,paywall_show,2024-04-29T17:39:39,{}
997730,funnel_start,2024-04-29T19:00:09,"{""funnel_type"": ""activity""}"
997730,profile_start,2024-04-29T19:00:14,{}
997807,funnel_start,2024-04-29T19:10:26,"{""funnel_type"": ""fasting""}"
997807,profile_start,2024-04-29T19:10:35,{}
997807,email_submit,2024-04-29T19:10:58,{}
997822,funnel_start,2024-04-29T19:12:32,"{""funnel_type"": ""fasting""}"
997807,paywall_show,2024-04-29T19:19:47,{}
997961,funnel_start,2024-04-29T19:33:07,"{""funnel_type"": ""fasting""}"
999029,funnel_start,2024-04-29T22:03:04,"{""funnel_type"": ""activity""}"
999560,funnel_start,2024-04-29T23:05:10,"{""funnel_type"": ""yoga""}"
999560,profile_start,2024-04-29T23:05:31,{}
999592,funnel_start,2024-04-29T23:09:15,"{""funnel_type"": ""activity""}"
999592,profile_start,2024-04-29T23:09:24,{}
999592,email_submit,2024-04-29T23:09:57,{}
999560,paywall_show,2024-04-29T23:19:16,{}
